lon,lat,treatment_intensity,year,area_m2
34.2575,-0.0475,0-3,2016,832.0
34.2575,-0.0475,0-3,2019,1440.0
34.2575,-0.0475,0-3,2023,1952.0
34.2575,-0.0425,0-3,2016,1904.0
34.2575,-0.0425,0-3,2019,2624.0
34.2575,-0.0425,0-3,2023,3280.0
34.2625,-0.0425,0-3,2016,1200.0
34.2625,-0.0425,0-3,2019,2000.0
34.2625,-0.0425,0-3,2023,2432.0
34.2675,-0.0425,4-6,2016,2096.0
34.2675,-0.0425,4-6,2019,2912.0
34.2675,-0.0425,4-6,2023,3424.0
34.2625,-0.0375,0-3,2016,960.0
34.2625,-0.0375,0-3,2019,1312.0
34.2625,-0.0375,0-3,2023,2032.0
34.2675,-0.0375,0-3,2016,880.0
34.2675,-0.0375,0-3,2019,1136.0
34.2675,-0.0375,0-3,2023,1392.0
34.2725,-0.0375,7-9,2016,1200.0
34.2725,-0.0375,7-9,2019,1952.0
34.2725,-0.0375,7-9,2023,2560.0
34.2925,-0.0375,4-6,2016,640.0
34.2925,-0.0375,4-6,2019,816.0
34.2925,-0.0375,4-6,2023,928.0
34.2975,-0.0375,10-12,2016,928.0
34.2975,-0.0375,10-12,2019,1280.0
34.2975,-0.0375,10-12,2023,1616.0
34.3025,-0.0375,7-9,2016,1424.0
34.3025,-0.0375,7-9,2019,1952.0
34.3025,-0.0375,7-9,2023,1856.0
34.3125,-0.0375,0-3,2016,224.0
34.3125,-0.0375,0-3,2019,208.0
34.3125,-0.0375,0-3,2023,336.0
34.2625,-0.0325,0-3,2016,496.0
34.2625,-0.0325,0-3,2019,720.0
34.2625,-0.0325,0-3,2023,768.0
34.2675,-0.0325,0-3,2016,464.0
34.2675,-0.0325,0-3,2019,880.0
34.2675,-0.0325,0-3,2023,848.0
34.2725,-0.0325,0-3,2016,1584.0
34.2725,-0.0325,0-3,2019,2704.0
34.2725,-0.0325,0-3,2023,3040.0
34.2925,-0.0325,0-3,2016,1488.0
34.2925,-0.0325,0-3,2019,1952.0
34.2925,-0.0325,0-3,2023,2832.0
34.2975,-0.0325,10-12,2016,1056.0
34.2975,-0.0325,10-12,2019,1648.0
34.2975,-0.0325,10-12,2023,2208.0
34.3025,-0.0325,4-6,2016,2288.0
34.3025,-0.0325,4-6,2019,3520.0
34.3025,-0.0325,4-6,2023,4272.0
34.3125,-0.0325,0-3,2016,1104.0
34.3125,-0.0325,0-3,2019,1248.0
34.3125,-0.0325,0-3,2023,1856.0
34.3175,-0.0325,4-6,2016,1040.0
34.3175,-0.0325,4-6,2019,1584.0
34.3175,-0.0325,4-6,2023,1312.0
34.3225,-0.0325,13-,2016,1360.0
34.3225,-0.0325,13-,2019,1856.0
34.3225,-0.0325,13-,2023,2288.0
34.3375,-0.0325,0-3,2016,320.0
34.3375,-0.0325,0-3,2019,608.0
34.3375,-0.0325,0-3,2023,752.0
34.2575,-0.0275,0-3,2016,912.0
34.2575,-0.0275,0-3,2019,1264.0
34.2575,-0.0275,0-3,2023,1440.0
34.2625,-0.0275,0-3,2016,208.0
34.2625,-0.0275,0-3,2019,352.0
34.2625,-0.0275,0-3,2023,272.0
34.2675,-0.0275,0-3,2016,640.0
34.2675,-0.0275,0-3,2019,928.0
34.2675,-0.0275,0-3,2023,1216.0
34.2725,-0.0275,0-3,2016,1328.0
34.2725,-0.0275,0-3,2019,1872.0
34.2725,-0.0275,0-3,2023,2448.0
34.2775,-0.0275,0-3,2016,2704.0
34.2775,-0.0275,0-3,2019,3376.0
34.2775,-0.0275,0-3,2023,3728.0
34.2875,-0.0275,7-9,2016,1136.0
34.2875,-0.0275,7-9,2019,1504.0
34.2875,-0.0275,7-9,2023,1808.0
34.2925,-0.0275,4-6,2016,1360.0
34.2925,-0.0275,4-6,2019,1936.0
34.2925,-0.0275,4-6,2023,2080.0
34.3075,-0.0275,0-3,2016,1152.0
34.3075,-0.0275,0-3,2019,1728.0
34.3075,-0.0275,0-3,2023,2288.0
34.3125,-0.0275,0-3,2016,3888.0
34.3125,-0.0275,0-3,2019,4880.0
34.3125,-0.0275,0-3,2023,4880.0
34.3175,-0.0275,7-9,2016,1792.0
34.3175,-0.0275,7-9,2019,2928.0
34.3175,-0.0275,7-9,2023,3536.0
34.3225,-0.0275,10-12,2016,2096.0
34.3225,-0.0275,10-12,2019,2768.0
34.3225,-0.0275,10-12,2023,3392.0
34.3375,-0.0275,0-3,2016,1872.0
34.3375,-0.0275,0-3,2019,2448.0
34.3375,-0.0275,0-3,2023,3504.0
34.3425,-0.0275,0-3,2016,640.0
34.3425,-0.0275,0-3,2019,976.0
34.3425,-0.0275,0-3,2023,848.0
34.3575,-0.0275,0-3,2016,32.0
34.3575,-0.0275,0-3,2019,96.0
34.3575,-0.0275,0-3,2023,96.0
34.2525,-0.0225,0-3,2016,2320.0
34.2525,-0.0225,0-3,2019,3280.0
34.2525,-0.0225,0-3,2023,3776.0
34.2575,-0.0225,13-,2016,2224.0
34.2575,-0.0225,13-,2019,2720.0
34.2575,-0.0225,13-,2023,3392.0
34.2625,-0.0225,0-3,2016,1392.0
34.2625,-0.0225,0-3,2019,1584.0
34.2625,-0.0225,0-3,2023,2256.0
34.2725,-0.0225,0-3,2016,768.0
34.2725,-0.0225,0-3,2019,1008.0
34.2725,-0.0225,0-3,2023,1456.0
34.2825,-0.0225,10-12,2016,7120.0
34.2825,-0.0225,10-12,2019,8032.0
34.2825,-0.0225,10-12,2023,9296.0
34.2875,-0.0225,13-,2016,1984.0
34.2875,-0.0225,13-,2019,2688.0
34.2875,-0.0225,13-,2023,3536.0
34.2925,-0.0225,4-6,2016,992.0
34.2925,-0.0225,4-6,2019,896.0
34.2925,-0.0225,4-6,2023,1552.0
34.2975,-0.0225,13-,2016,1392.0
34.2975,-0.0225,13-,2019,1968.0
34.2975,-0.0225,13-,2023,2208.0
34.3125,-0.0225,0-3,2016,1456.0
34.3125,-0.0225,0-3,2019,1984.0
34.3125,-0.0225,0-3,2023,2640.0
34.3175,-0.0225,13-,2016,1504.0
34.3175,-0.0225,13-,2019,1872.0
34.3175,-0.0225,13-,2023,2048.0
34.3225,-0.0225,7-9,2016,2752.0
34.3225,-0.0225,7-9,2019,3840.0
34.3225,-0.0225,7-9,2023,4224.0
34.3325,-0.0225,0-3,2016,656.0
34.3325,-0.0225,0-3,2019,1312.0
34.3325,-0.0225,0-3,2023,1632.0
34.3375,-0.0225,0-3,2016,1648.0
34.3375,-0.0225,0-3,2019,1984.0
34.3375,-0.0225,0-3,2023,2256.0
34.3425,-0.0225,0-3,2016,1152.0
34.3425,-0.0225,0-3,2019,1696.0
34.3425,-0.0225,0-3,2023,1952.0
34.3525,-0.0225,0-3,2016,2400.0
34.3525,-0.0225,0-3,2019,2864.0
34.3525,-0.0225,0-3,2023,2896.0
34.3575,-0.0225,0-3,2016,704.0
34.3575,-0.0225,0-3,2019,944.0
34.3575,-0.0225,0-3,2023,1472.0
34.3625,-0.0225,0-3,2016,16.0
34.3625,-0.0225,0-3,2023,240.0
34.2425,-0.0175,0-3,2016,1328.0
34.2425,-0.0175,0-3,2019,1568.0
34.2425,-0.0175,0-3,2023,2336.0
34.2475,-0.0175,0-3,2016,880.0
34.2475,-0.0175,0-3,2019,1072.0
34.2475,-0.0175,0-3,2023,1568.0
34.2575,-0.0175,10-12,2016,1216.0
34.2575,-0.0175,10-12,2019,1680.0
34.2575,-0.0175,10-12,2023,2192.0
34.2625,-0.0175,4-6,2016,1792.0
34.2625,-0.0175,4-6,2019,2560.0
34.2625,-0.0175,4-6,2023,2832.0
34.2825,-0.0175,7-9,2016,848.0
34.2825,-0.0175,7-9,2019,912.0
34.2825,-0.0175,7-9,2023,1344.0
34.2875,-0.0175,7-9,2016,2192.0
34.2875,-0.0175,7-9,2019,2432.0
34.2875,-0.0175,7-9,2023,2640.0
34.2925,-0.0175,7-9,2016,1200.0
34.2925,-0.0175,7-9,2019,1648.0
34.2925,-0.0175,7-9,2023,1968.0
34.2975,-0.0175,10-12,2016,448.0
34.2975,-0.0175,10-12,2019,496.0
34.2975,-0.0175,10-12,2023,704.0
34.3025,-0.0175,0-3,2016,736.0
34.3025,-0.0175,0-3,2019,1248.0
34.3025,-0.0175,0-3,2023,1232.0
34.3125,-0.0175,0-3,2016,752.0
34.3125,-0.0175,0-3,2019,912.0
34.3125,-0.0175,0-3,2023,1184.0
34.3175,-0.0175,4-6,2016,944.0
34.3175,-0.0175,4-6,2019,1152.0
34.3175,-0.0175,4-6,2023,1424.0
34.3225,-0.0175,0-3,2016,1664.0
34.3225,-0.0175,0-3,2019,2112.0
34.3225,-0.0175,0-3,2023,2576.0
34.3325,-0.0175,0-3,2016,928.0
34.3325,-0.0175,0-3,2019,1824.0
34.3325,-0.0175,0-3,2023,2176.0
34.3375,-0.0175,0-3,2016,1632.0
34.3375,-0.0175,0-3,2019,2112.0
34.3375,-0.0175,0-3,2023,2608.0
34.3425,-0.0175,0-3,2016,2320.0
34.3425,-0.0175,0-3,2019,3120.0
34.3425,-0.0175,0-3,2023,2960.0
34.3475,-0.0175,0-3,2016,2016.0
34.3475,-0.0175,0-3,2019,4720.0
34.3475,-0.0175,0-3,2023,5056.0
34.3525,-0.0175,0-3,2016,2096.0
34.3525,-0.0175,0-3,2019,3712.0
34.3525,-0.0175,0-3,2023,3856.0
34.3575,-0.0175,0-3,2016,1232.0
34.3575,-0.0175,0-3,2019,1616.0
34.3575,-0.0175,0-3,2023,1888.0
34.2375,-0.0125,0-3,2016,2528.0
34.2375,-0.0125,0-3,2019,2848.0
34.2375,-0.0125,0-3,2023,3568.0
34.2425,-0.0125,7-9,2016,1136.0
34.2425,-0.0125,7-9,2019,1216.0
34.2425,-0.0125,7-9,2023,1568.0
34.2475,-0.0125,7-9,2016,560.0
34.2475,-0.0125,7-9,2019,912.0
34.2475,-0.0125,7-9,2023,1312.0
34.2525,-0.0125,0-3,2016,864.0
34.2525,-0.0125,0-3,2019,1280.0
34.2525,-0.0125,0-3,2023,1632.0
34.2825,-0.0125,0-3,2016,992.0
34.2825,-0.0125,0-3,2019,1280.0
34.2825,-0.0125,0-3,2023,1424.0
34.3325,-0.0125,0-3,2016,2160.0
34.3325,-0.0125,0-3,2019,2352.0
34.3325,-0.0125,0-3,2023,2336.0
34.3375,-0.0125,0-3,2016,1712.0
34.3375,-0.0125,0-3,2019,2352.0
34.3375,-0.0125,0-3,2023,2608.0
34.3425,-0.0125,0-3,2016,1696.0
34.3425,-0.0125,0-3,2019,2608.0
34.3425,-0.0125,0-3,2023,4016.0
34.3475,-0.0125,0-3,2016,7504.0
34.3475,-0.0125,0-3,2019,10112.0
34.3475,-0.0125,0-3,2023,11664.0
34.3675,-0.0125,0-3,2016,1376.0
34.3675,-0.0125,0-3,2019,1536.0
34.3675,-0.0125,0-3,2023,2064.0
34.1975,-0.0075,0-3,2016,592.0
34.1975,-0.0075,0-3,2019,672.0
34.1975,-0.0075,0-3,2023,768.0
34.2025,-0.0075,0-3,2016,64.0
34.2025,-0.0075,0-3,2019,64.0
34.2025,-0.0075,0-3,2023,48.0
34.2325,-0.0075,4-6,2016,896.0
34.2325,-0.0075,4-6,2019,1216.0
34.2325,-0.0075,4-6,2023,1216.0
34.2375,-0.0075,7-9,2016,1360.0
34.2375,-0.0075,7-9,2019,1872.0
34.2375,-0.0075,7-9,2023,2720.0
34.2425,-0.0075,4-6,2016,656.0
34.2425,-0.0075,4-6,2019,1088.0
34.2425,-0.0075,4-6,2023,1216.0
34.2475,-0.0075,0-3,2016,1008.0
34.2475,-0.0075,0-3,2019,1456.0
34.2475,-0.0075,0-3,2023,1872.0
34.2875,-0.0075,0-3,2016,320.0
34.2875,-0.0075,0-3,2019,576.0
34.2875,-0.0075,0-3,2023,640.0
34.2925,-0.0075,0-3,2016,752.0
34.2925,-0.0075,0-3,2019,944.0
34.2925,-0.0075,0-3,2023,1328.0
34.2975,-0.0075,0-3,2016,640.0
34.2975,-0.0075,0-3,2019,800.0
34.2975,-0.0075,0-3,2023,992.0
34.3025,-0.0075,0-3,2016,1936.0
34.3025,-0.0075,0-3,2019,2640.0
34.3025,-0.0075,0-3,2023,3520.0
34.3325,-0.0075,0-3,2016,1440.0
34.3325,-0.0075,0-3,2019,2000.0
34.3325,-0.0075,0-3,2023,2416.0
34.3375,-0.0075,0-3,2016,3440.0
34.3375,-0.0075,0-3,2019,4128.0
34.3375,-0.0075,0-3,2023,5824.0
34.3525,-0.0075,7-9,2016,1776.0
34.3525,-0.0075,7-9,2019,2256.0
34.3525,-0.0075,7-9,2023,3584.0
34.3575,-0.0075,10-12,2016,1072.0
34.3575,-0.0075,10-12,2019,1312.0
34.3575,-0.0075,10-12,2023,1744.0
34.3625,-0.0075,0-3,2016,176.0
34.3625,-0.0075,0-3,2019,448.0
34.3625,-0.0075,0-3,2023,528.0
34.3675,-0.0075,4-6,2016,1408.0
34.3675,-0.0075,4-6,2019,1696.0
34.3675,-0.0075,4-6,2023,1712.0
34.1925,-0.0025,0-3,2016,1200.0
34.1925,-0.0025,0-3,2019,2064.0
34.1925,-0.0025,0-3,2023,2992.0
34.1975,-0.0025,0-3,2016,1216.0
34.1975,-0.0025,0-3,2019,1744.0
34.1975,-0.0025,0-3,2023,2000.0
34.2025,-0.0025,0-3,2016,384.0
34.2025,-0.0025,0-3,2019,448.0
34.2025,-0.0025,0-3,2023,528.0
34.2075,-0.0025,0-3,2016,16.0
34.2075,-0.0025,0-3,2019,64.0
34.2325,-0.0025,0-3,2016,96.0
34.2325,-0.0025,0-3,2019,256.0
34.2325,-0.0025,0-3,2023,208.0
34.2425,-0.0025,0-3,2016,480.0
34.2425,-0.0025,0-3,2019,624.0
34.2425,-0.0025,0-3,2023,976.0
34.2825,-0.0025,13-,2016,1360.0
34.2825,-0.0025,13-,2019,1712.0
34.2825,-0.0025,13-,2023,2352.0
34.2875,-0.0025,7-9,2016,1312.0
34.2875,-0.0025,7-9,2019,1824.0
34.2875,-0.0025,7-9,2023,2160.0
34.2925,-0.0025,0-3,2016,2208.0
34.2925,-0.0025,0-3,2019,2832.0
34.2925,-0.0025,0-3,2023,3168.0
34.2975,-0.0025,0-3,2016,1504.0
34.2975,-0.0025,0-3,2019,2096.0
34.2975,-0.0025,0-3,2023,2592.0
34.3025,-0.0025,0-3,2016,1216.0
34.3025,-0.0025,0-3,2019,1664.0
34.3025,-0.0025,0-3,2023,2320.0
34.3275,-0.0025,0-3,2016,2672.0
34.3275,-0.0025,0-3,2019,3408.0
34.3275,-0.0025,0-3,2023,4464.0
34.3325,-0.0025,0-3,2016,1488.0
34.3325,-0.0025,0-3,2019,1728.0
34.3325,-0.0025,0-3,2023,2240.0
34.3475,-0.0025,13-,2016,2992.0
34.3475,-0.0025,13-,2019,3920.0
34.3475,-0.0025,13-,2023,5040.0
34.3525,-0.0025,7-9,2016,1520.0
34.3525,-0.0025,7-9,2019,1888.0
34.3525,-0.0025,7-9,2023,2096.0
34.3575,-0.0025,13-,2016,944.0
34.3575,-0.0025,13-,2019,1264.0
34.3575,-0.0025,13-,2023,1536.0
34.3625,-0.0025,7-9,2016,1760.0
34.3625,-0.0025,7-9,2019,1776.0
34.3625,-0.0025,7-9,2023,2384.0
34.3675,-0.0025,13-,2016,1984.0
34.3675,-0.0025,13-,2019,2176.0
34.3675,-0.0025,13-,2023,2512.0
34.3725,-0.0025,7-9,2016,560.0
34.3725,-0.0025,7-9,2019,672.0
34.3725,-0.0025,7-9,2023,720.0
34.1925,0.0025,0-3,2016,768.0
34.1925,0.0025,0-3,2019,1280.0
34.1925,0.0025,0-3,2023,1504.0
34.2025,0.0025,0-3,2016,640.0
34.2025,0.0025,0-3,2019,896.0
34.2025,0.0025,0-3,2023,848.0
34.2075,0.0025,0-3,2016,208.0
34.2075,0.0025,0-3,2019,176.0
34.2075,0.0025,0-3,2023,192.0
34.2825,0.0025,0-3,2016,224.0
34.2825,0.0025,0-3,2019,368.0
34.2825,0.0025,0-3,2023,368.0
34.2875,0.0025,10-12,2016,976.0
34.2875,0.0025,10-12,2019,1344.0
34.2875,0.0025,10-12,2023,2016.0
34.2925,0.0025,0-3,2016,960.0
34.2925,0.0025,0-3,2019,1472.0
34.2925,0.0025,0-3,2023,2096.0
34.2975,0.0025,0-3,2016,1936.0
34.2975,0.0025,0-3,2019,2336.0
34.2975,0.0025,0-3,2023,2688.0
34.3225,0.0025,0-3,2016,1264.0
34.3225,0.0025,0-3,2019,1680.0
34.3225,0.0025,0-3,2023,2176.0
34.3275,0.0025,0-3,2016,1936.0
34.3275,0.0025,0-3,2019,2896.0
34.3275,0.0025,0-3,2023,4320.0
34.3325,0.0025,0-3,2016,1648.0
34.3325,0.0025,0-3,2019,1968.0
34.3325,0.0025,0-3,2023,2784.0
34.3375,0.0025,0-3,2016,1472.0
34.3375,0.0025,0-3,2019,1952.0
34.3375,0.0025,0-3,2023,2672.0
34.3425,0.0025,0-3,2016,704.0
34.3425,0.0025,0-3,2019,1024.0
34.3425,0.0025,0-3,2023,1264.0
34.3475,0.0025,7-9,2016,3568.0
34.3475,0.0025,7-9,2019,4528.0
34.3475,0.0025,7-9,2023,5584.0
34.3525,0.0025,10-12,2016,960.0
34.3525,0.0025,10-12,2019,1248.0
34.3525,0.0025,10-12,2023,2240.0
34.3575,0.0025,0-3,2016,1072.0
34.3575,0.0025,0-3,2019,1360.0
34.3575,0.0025,0-3,2023,1520.0
34.3625,0.0025,4-6,2016,1808.0
34.3625,0.0025,4-6,2019,2368.0
34.3625,0.0025,4-6,2023,3104.0
34.3825,0.0025,0-3,2016,1536.0
34.3825,0.0025,0-3,2019,1792.0
34.3825,0.0025,0-3,2023,2112.0
34.1925,0.0075,0-3,2016,1104.0
34.1925,0.0075,0-3,2019,1328.0
34.1925,0.0075,0-3,2023,1936.0
34.1975,0.0075,0-3,2016,1648.0
34.1975,0.0075,0-3,2019,2624.0
34.1975,0.0075,0-3,2023,4464.0
34.2025,0.0075,0-3,2016,1232.0
34.2025,0.0075,0-3,2019,1712.0
34.2025,0.0075,0-3,2023,1840.0
34.2075,0.0075,0-3,2016,608.0
34.2075,0.0075,0-3,2019,656.0
34.2075,0.0075,0-3,2023,960.0
34.2875,0.0075,4-6,2016,1392.0
34.2875,0.0075,4-6,2019,1712.0
34.2875,0.0075,4-6,2023,1968.0
34.2925,0.0075,4-6,2016,1536.0
34.2925,0.0075,4-6,2019,2000.0
34.2925,0.0075,4-6,2023,1952.0
34.2975,0.0075,0-3,2016,1360.0
34.2975,0.0075,0-3,2019,1808.0
34.2975,0.0075,0-3,2023,2224.0
34.3275,0.0075,0-3,2016,2896.0
34.3275,0.0075,0-3,2019,3728.0
34.3275,0.0075,0-3,2023,4880.0
34.3325,0.0075,0-3,2016,3968.0
34.3325,0.0075,0-3,2019,4976.0
34.3325,0.0075,0-3,2023,5488.0
34.3375,0.0075,0-3,2016,1456.0
34.3375,0.0075,0-3,2019,2128.0
34.3375,0.0075,0-3,2023,2976.0
34.3425,0.0075,0-3,2016,1840.0
34.3425,0.0075,0-3,2019,2304.0
34.3425,0.0075,0-3,2023,2752.0
34.3475,0.0075,0-3,2016,1840.0
34.3475,0.0075,0-3,2019,2576.0
34.3475,0.0075,0-3,2023,3616.0
34.3525,0.0075,0-3,2016,1408.0
34.3525,0.0075,0-3,2019,1568.0
34.3525,0.0075,0-3,2023,2128.0
34.1725,0.0125,7-9,2016,928.0
34.1725,0.0125,7-9,2019,1040.0
34.1725,0.0125,7-9,2023,992.0
34.2025,0.0125,0-3,2016,640.0
34.2025,0.0125,0-3,2019,832.0
34.2025,0.0125,0-3,2023,1248.0
34.2075,0.0125,0-3,2016,960.0
34.2075,0.0125,0-3,2019,1216.0
34.2075,0.0125,0-3,2023,1808.0
34.2925,0.0125,0-3,2016,6240.0
34.2925,0.0125,0-3,2019,6992.0
34.2925,0.0125,0-3,2023,8496.0
34.3175,0.0125,7-9,2016,2992.0
34.3175,0.0125,7-9,2019,3488.0
34.3175,0.0125,7-9,2023,4736.0
34.3225,0.0125,7-9,2016,3072.0
34.3225,0.0125,7-9,2019,4656.0
34.3225,0.0125,7-9,2023,5088.0
34.3275,0.0125,0-3,2016,5712.0
34.3275,0.0125,0-3,2019,7440.0
34.3275,0.0125,0-3,2023,9120.0
34.3325,0.0125,13-,2016,2672.0
34.3325,0.0125,13-,2019,3520.0
34.3325,0.0125,13-,2023,3952.0
34.3375,0.0125,13-,2016,1728.0
34.3375,0.0125,13-,2019,2064.0
34.3375,0.0125,13-,2023,2768.0
34.3425,0.0125,10-12,2016,1712.0
34.3425,0.0125,10-12,2019,1952.0
34.3425,0.0125,10-12,2023,2432.0
34.3475,0.0125,0-3,2016,3568.0
34.3475,0.0125,0-3,2019,4032.0
34.3475,0.0125,0-3,2023,5136.0
34.3525,0.0125,0-3,2016,752.0
34.3525,0.0125,0-3,2019,976.0
34.3525,0.0125,0-3,2023,1056.0
34.1675,0.0175,4-6,2016,1152.0
34.1675,0.0175,4-6,2019,1472.0
34.1675,0.0175,4-6,2023,1888.0
34.1725,0.0175,13-,2016,2624.0
34.1725,0.0175,13-,2019,3360.0
34.1725,0.0175,13-,2023,3712.0
34.1775,0.0175,7-9,2016,1152.0
34.1775,0.0175,7-9,2019,1712.0
34.1775,0.0175,7-9,2023,2064.0
34.2125,0.0175,0-3,2016,4416.0
34.2125,0.0175,0-3,2019,5040.0
34.2125,0.0175,0-3,2023,6096.0
34.2175,0.0175,0-3,2016,672.0
34.2175,0.0175,0-3,2019,864.0
34.2175,0.0175,0-3,2023,720.0
34.2475,0.0175,0-3,2016,208.0
34.2475,0.0175,0-3,2019,432.0
34.2475,0.0175,0-3,2023,640.0
34.2525,0.0175,0-3,2016,192.0
34.2525,0.0175,0-3,2019,400.0
34.2525,0.0175,0-3,2023,480.0
34.2575,0.0175,0-3,2016,400.0
34.2575,0.0175,0-3,2019,432.0
34.2575,0.0175,0-3,2023,560.0
34.2625,0.0175,0-3,2016,576.0
34.2625,0.0175,0-3,2019,832.0
34.2625,0.0175,0-3,2023,1360.0
34.2675,0.0175,0-3,2016,528.0
34.2675,0.0175,0-3,2019,752.0
34.2675,0.0175,0-3,2023,1040.0
34.2725,0.0175,0-3,2016,3936.0
34.2725,0.0175,0-3,2019,4480.0
34.2725,0.0175,0-3,2023,5520.0
34.2925,0.0175,0-3,2016,6000.0
34.2925,0.0175,0-3,2019,6432.0
34.2925,0.0175,0-3,2023,8144.0
34.2975,0.0175,10-12,2016,1696.0
34.2975,0.0175,10-12,2019,2240.0
34.2975,0.0175,10-12,2023,2448.0
34.3175,0.0175,4-6,2016,1664.0
34.3175,0.0175,4-6,2019,2160.0
34.3175,0.0175,4-6,2023,2960.0
34.3225,0.0175,7-9,2016,6640.0
34.3225,0.0175,7-9,2019,7760.0
34.3225,0.0175,7-9,2023,8336.0
34.3325,0.0175,4-6,2016,1680.0
34.3325,0.0175,4-6,2019,2320.0
34.3325,0.0175,4-6,2023,2688.0
34.3375,0.0175,10-12,2016,752.0
34.3375,0.0175,10-12,2019,848.0
34.3375,0.0175,10-12,2023,768.0
34.3425,0.0175,13-,2016,2608.0
34.3425,0.0175,13-,2019,3440.0
34.3425,0.0175,13-,2023,4480.0
34.3475,0.0175,13-,2016,2320.0
34.3475,0.0175,13-,2019,2864.0
34.3475,0.0175,13-,2023,4224.0
34.3525,0.0175,7-9,2016,3184.0
34.3525,0.0175,7-9,2019,3952.0
34.3525,0.0175,7-9,2023,4496.0
34.1725,0.0225,13-,2016,11520.0
34.1725,0.0225,13-,2019,10864.0
34.1725,0.0225,13-,2023,12224.0
34.1775,0.0225,4-6,2016,3680.0
34.1775,0.0225,4-6,2019,4304.0
34.1775,0.0225,4-6,2023,4768.0
34.1975,0.0225,4-6,2016,2576.0
34.1975,0.0225,4-6,2019,2768.0
34.1975,0.0225,4-6,2023,3152.0
34.2025,0.0225,7-9,2016,1408.0
34.2025,0.0225,7-9,2019,1472.0
34.2025,0.0225,7-9,2023,1504.0
34.2075,0.0225,4-6,2016,608.0
34.2075,0.0225,4-6,2019,816.0
34.2075,0.0225,4-6,2023,1088.0
34.2125,0.0225,0-3,2016,1040.0
34.2125,0.0225,0-3,2019,2288.0
34.2125,0.0225,0-3,2023,3216.0
34.2175,0.0225,0-3,2016,640.0
34.2175,0.0225,0-3,2019,1136.0
34.2175,0.0225,0-3,2023,1504.0
34.2225,0.0225,0-3,2016,624.0
34.2225,0.0225,0-3,2019,1024.0
34.2225,0.0225,0-3,2023,1760.0
34.2275,0.0225,0-3,2016,1232.0
34.2275,0.0225,0-3,2019,1888.0
34.2275,0.0225,0-3,2023,2368.0
34.2525,0.0225,0-3,2016,832.0
34.2525,0.0225,0-3,2019,1312.0
34.2525,0.0225,0-3,2023,1504.0
34.2575,0.0225,0-3,2016,560.0
34.2575,0.0225,0-3,2019,1184.0
34.2575,0.0225,0-3,2023,1616.0
34.2625,0.0225,0-3,2016,640.0
34.2625,0.0225,0-3,2019,1104.0
34.2625,0.0225,0-3,2023,1504.0
34.2675,0.0225,0-3,2016,1344.0
34.2675,0.0225,0-3,2019,2752.0
34.2675,0.0225,0-3,2023,3776.0
34.2725,0.0225,0-3,2016,2352.0
34.2725,0.0225,0-3,2019,3536.0
34.2725,0.0225,0-3,2023,4288.0
34.2775,0.0225,0-3,2016,2384.0
34.2775,0.0225,0-3,2019,3392.0
34.2775,0.0225,0-3,2023,4272.0
34.2925,0.0225,0-3,2016,1632.0
34.2925,0.0225,0-3,2019,1856.0
34.2925,0.0225,0-3,2023,2528.0
34.2975,0.0225,13-,2016,2992.0
34.2975,0.0225,13-,2019,3728.0
34.2975,0.0225,13-,2023,4624.0
34.3025,0.0225,0-3,2016,544.0
34.3025,0.0225,0-3,2019,624.0
34.3025,0.0225,0-3,2023,800.0
34.3225,0.0225,0-3,2016,3024.0
34.3225,0.0225,0-3,2019,3984.0
34.3225,0.0225,0-3,2023,4752.0
34.3275,0.0225,0-3,2016,1200.0
34.3275,0.0225,0-3,2019,1920.0
34.3275,0.0225,0-3,2023,2192.0
34.3425,0.0225,7-9,2016,1200.0
34.3425,0.0225,7-9,2019,1440.0
34.3425,0.0225,7-9,2023,2368.0
34.3475,0.0225,0-3,2016,5600.0
34.3475,0.0225,0-3,2019,7360.0
34.3475,0.0225,0-3,2023,8448.0
34.3525,0.0225,0-3,2016,4064.0
34.3525,0.0225,0-3,2019,4928.0
34.3525,0.0225,0-3,2023,5376.0
34.3575,0.0225,4-6,2016,2848.0
34.3575,0.0225,4-6,2019,3744.0
34.3575,0.0225,4-6,2023,4496.0
34.3675,0.0225,0-3,2016,2144.0
34.3675,0.0225,0-3,2019,2992.0
34.3675,0.0225,0-3,2023,3968.0
34.3725,0.0225,0-3,2016,1856.0
34.3725,0.0225,0-3,2019,2112.0
34.3725,0.0225,0-3,2023,2432.0
34.1725,0.0275,10-12,2016,3344.0
34.1725,0.0275,10-12,2019,3728.0
34.1725,0.0275,10-12,2023,4224.0
34.1775,0.0275,13-,2016,2048.0
34.1775,0.0275,13-,2019,1872.0
34.1775,0.0275,13-,2023,2272.0
34.1825,0.0275,0-3,2016,320.0
34.1825,0.0275,0-3,2019,400.0
34.1825,0.0275,0-3,2023,496.0
34.1925,0.0275,0-3,2016,5472.0
34.1925,0.0275,0-3,2019,6080.0
34.1925,0.0275,0-3,2023,6832.0
34.1975,0.0275,13-,2016,2544.0
34.1975,0.0275,13-,2019,2752.0
34.1975,0.0275,13-,2023,3216.0
34.2025,0.0275,13-,2016,1616.0
34.2025,0.0275,13-,2019,2400.0
34.2025,0.0275,13-,2023,2928.0
34.2075,0.0275,7-9,2016,624.0
34.2075,0.0275,7-9,2019,736.0
34.2075,0.0275,7-9,2023,1024.0
34.2125,0.0275,4-6,2016,848.0
34.2125,0.0275,4-6,2019,1280.0
34.2125,0.0275,4-6,2023,1904.0
34.2175,0.0275,4-6,2016,672.0
34.2175,0.0275,4-6,2019,1184.0
34.2175,0.0275,4-6,2023,1680.0
34.2225,0.0275,0-3,2016,432.0
34.2225,0.0275,0-3,2019,608.0
34.2225,0.0275,0-3,2023,1040.0
34.2275,0.0275,0-3,2016,480.0
34.2275,0.0275,0-3,2019,560.0
34.2275,0.0275,0-3,2023,1152.0
34.2325,0.0275,0-3,2016,2208.0
34.2325,0.0275,0-3,2019,2608.0
34.2325,0.0275,0-3,2023,4240.0
34.2575,0.0275,0-3,2016,176.0
34.2575,0.0275,0-3,2019,256.0
34.2575,0.0275,0-3,2023,368.0
34.2625,0.0275,0-3,2016,1008.0
34.2625,0.0275,0-3,2019,912.0
34.2625,0.0275,0-3,2023,1296.0
34.2675,0.0275,0-3,2016,2016.0
34.2675,0.0275,0-3,2019,2432.0
34.2675,0.0275,0-3,2023,2816.0
34.2725,0.0275,0-3,2016,1520.0
34.2725,0.0275,0-3,2019,2480.0
34.2725,0.0275,0-3,2023,2864.0
34.2975,0.0275,0-3,2016,1616.0
34.2975,0.0275,0-3,2019,2560.0
34.2975,0.0275,0-3,2023,4240.0
34.3225,0.0275,0-3,2016,1888.0
34.3225,0.0275,0-3,2019,2256.0
34.3225,0.0275,0-3,2023,3360.0
34.3275,0.0275,0-3,2016,1472.0
34.3275,0.0275,0-3,2019,2048.0
34.3275,0.0275,0-3,2023,2768.0
34.3325,0.0275,0-3,2016,976.0
34.3325,0.0275,0-3,2019,1488.0
34.3325,0.0275,0-3,2023,2352.0
34.3375,0.0275,0-3,2016,1872.0
34.3375,0.0275,0-3,2019,2016.0
34.3375,0.0275,0-3,2023,2672.0
34.3425,0.0275,0-3,2016,864.0
34.3425,0.0275,0-3,2019,1328.0
34.3425,0.0275,0-3,2023,1728.0
34.3525,0.0275,0-3,2016,1616.0
34.3525,0.0275,0-3,2019,2608.0
34.3525,0.0275,0-3,2023,2960.0
34.3575,0.0275,13-,2016,2608.0
34.3575,0.0275,13-,2019,3104.0
34.3575,0.0275,13-,2023,3744.0
34.3625,0.0275,13-,2016,2160.0
34.3625,0.0275,13-,2019,2928.0
34.3625,0.0275,13-,2023,4144.0
34.3675,0.0275,7-9,2016,1504.0
34.3675,0.0275,7-9,2019,1872.0
34.3675,0.0275,7-9,2023,2400.0
34.3725,0.0275,0-3,2016,1504.0
34.3725,0.0275,0-3,2019,2432.0
34.3725,0.0275,0-3,2023,3040.0
34.3775,0.0275,0-3,2016,1888.0
34.3775,0.0275,0-3,2019,2480.0
34.3775,0.0275,0-3,2023,2880.0
34.1525,0.0325,0-3,2016,5680.0
34.1525,0.0325,0-3,2019,6816.0
34.1525,0.0325,0-3,2023,7168.0
34.1575,0.0325,0-3,2016,1040.0
34.1575,0.0325,0-3,2019,1376.0
34.1575,0.0325,0-3,2023,1744.0
34.1625,0.0325,0-3,2016,3344.0
34.1625,0.0325,0-3,2019,4032.0
34.1625,0.0325,0-3,2023,5440.0
34.1975,0.0325,4-6,2016,208.0
34.1975,0.0325,4-6,2019,160.0
34.1975,0.0325,4-6,2023,256.0
34.2025,0.0325,0-3,2016,576.0
34.2025,0.0325,0-3,2019,896.0
34.2025,0.0325,0-3,2023,1184.0
34.2075,0.0325,0-3,2016,960.0
34.2075,0.0325,0-3,2019,1392.0
34.2075,0.0325,0-3,2023,1648.0
34.2125,0.0325,0-3,2016,544.0
34.2125,0.0325,0-3,2019,704.0
34.2125,0.0325,0-3,2023,640.0
34.2175,0.0325,7-9,2016,1168.0
34.2175,0.0325,7-9,2019,1680.0
34.2175,0.0325,7-9,2023,2784.0
34.2225,0.0325,0-3,2016,656.0
34.2225,0.0325,0-3,2019,960.0
34.2225,0.0325,0-3,2023,1504.0
34.2275,0.0325,0-3,2016,672.0
34.2275,0.0325,0-3,2019,1184.0
34.2275,0.0325,0-3,2023,1472.0
34.2325,0.0325,0-3,2016,1056.0
34.2325,0.0325,0-3,2019,1536.0
34.2325,0.0325,0-3,2023,1936.0
34.3125,0.0325,0-3,2016,6752.0
34.3125,0.0325,0-3,2019,8128.0
34.3125,0.0325,0-3,2023,8912.0
34.3175,0.0325,0-3,2016,2160.0
34.3175,0.0325,0-3,2019,3504.0
34.3175,0.0325,0-3,2023,4576.0
34.3225,0.0325,0-3,2016,1760.0
34.3225,0.0325,0-3,2019,2096.0
34.3225,0.0325,0-3,2023,2960.0
34.3275,0.0325,0-3,2016,944.0
34.3275,0.0325,0-3,2019,1632.0
34.3275,0.0325,0-3,2023,1584.0
34.3325,0.0325,0-3,2016,2368.0
34.3325,0.0325,0-3,2019,3024.0
34.3325,0.0325,0-3,2023,3152.0
34.3375,0.0325,4-6,2016,2336.0
34.3375,0.0325,4-6,2019,3072.0
34.3375,0.0325,4-6,2023,3952.0
34.3425,0.0325,0-3,2016,1056.0
34.3425,0.0325,0-3,2019,2096.0
34.3425,0.0325,0-3,2023,3008.0
34.3475,0.0325,0-3,2016,1280.0
34.3475,0.0325,0-3,2019,1664.0
34.3475,0.0325,0-3,2023,1936.0
34.3525,0.0325,0-3,2016,1712.0
34.3525,0.0325,0-3,2019,2736.0
34.3525,0.0325,0-3,2023,2976.0
34.3575,0.0325,4-6,2016,2896.0
34.3575,0.0325,4-6,2019,3936.0
34.3575,0.0325,4-6,2023,4768.0
34.3625,0.0325,13-,2016,3312.0
34.3625,0.0325,13-,2019,5792.0
34.3625,0.0325,13-,2023,7056.0
34.3675,0.0325,13-,2016,2832.0
34.3675,0.0325,13-,2019,4080.0
34.3675,0.0325,13-,2023,3984.0
34.3725,0.0325,13-,2016,1584.0
34.3725,0.0325,13-,2019,2160.0
34.3725,0.0325,13-,2023,2720.0
34.1525,0.0375,0-3,2016,960.0
34.1525,0.0375,0-3,2019,1312.0
34.1525,0.0375,0-3,2023,1632.0
34.1575,0.0375,0-3,2016,1408.0
34.1575,0.0375,0-3,2019,2240.0
34.1575,0.0375,0-3,2023,2544.0
34.1625,0.0375,0-3,2016,272.0
34.1625,0.0375,0-3,2019,496.0
34.1625,0.0375,0-3,2023,496.0
34.1925,0.0375,0-3,2016,720.0
34.1925,0.0375,0-3,2019,992.0
34.1925,0.0375,0-3,2023,1408.0
34.1975,0.0375,0-3,2016,416.0
34.1975,0.0375,0-3,2019,624.0
34.1975,0.0375,0-3,2023,496.0
34.2025,0.0375,0-3,2016,800.0
34.2025,0.0375,0-3,2019,1184.0
34.2025,0.0375,0-3,2023,1360.0
34.2075,0.0375,0-3,2016,1024.0
34.2075,0.0375,0-3,2019,1536.0
34.2075,0.0375,0-3,2023,2128.0
34.2125,0.0375,0-3,2016,1296.0
34.2125,0.0375,0-3,2019,2032.0
34.2125,0.0375,0-3,2023,2416.0
34.2175,0.0375,0-3,2016,3968.0
34.2175,0.0375,0-3,2019,5056.0
34.2175,0.0375,0-3,2023,6368.0
34.2225,0.0375,0-3,2016,4656.0
34.2225,0.0375,0-3,2019,5520.0
34.2225,0.0375,0-3,2023,7248.0
34.2275,0.0375,0-3,2016,816.0
34.2275,0.0375,0-3,2019,1328.0
34.2275,0.0375,0-3,2023,1440.0
34.2325,0.0375,0-3,2016,1040.0
34.2325,0.0375,0-3,2019,1408.0
34.2325,0.0375,0-3,2023,1776.0
34.3125,0.0375,0-3,2016,3632.0
34.3125,0.0375,0-3,2019,5120.0
34.3125,0.0375,0-3,2023,5744.0
34.3175,0.0375,0-3,2016,1968.0
34.3175,0.0375,0-3,2019,3344.0
34.3175,0.0375,0-3,2023,4112.0
34.3225,0.0375,0-3,2016,4880.0
34.3225,0.0375,0-3,2019,6192.0
34.3225,0.0375,0-3,2023,7408.0
34.3275,0.0375,0-3,2016,3456.0
34.3275,0.0375,0-3,2019,5232.0
34.3275,0.0375,0-3,2023,6816.0
34.3325,0.0375,0-3,2016,6816.0
34.3325,0.0375,0-3,2019,8160.0
34.3325,0.0375,0-3,2023,9952.0
34.3375,0.0375,13-,2016,4464.0
34.3375,0.0375,13-,2019,5856.0
34.3375,0.0375,13-,2023,6496.0
34.3425,0.0375,7-9,2016,4080.0
34.3425,0.0375,7-9,2019,5456.0
34.3425,0.0375,7-9,2023,6080.0
34.3475,0.0375,0-3,2016,2240.0
34.3475,0.0375,0-3,2019,3296.0
34.3475,0.0375,0-3,2023,3648.0
34.3525,0.0375,0-3,2016,1920.0
34.3525,0.0375,0-3,2019,2992.0
34.3525,0.0375,0-3,2023,4912.0
34.3575,0.0375,0-3,2016,2176.0
34.3575,0.0375,0-3,2019,2896.0
34.3575,0.0375,0-3,2023,3408.0
34.3625,0.0375,4-6,2016,1824.0
34.3625,0.0375,4-6,2019,2176.0
34.3625,0.0375,4-6,2023,2944.0
34.3675,0.0375,10-12,2016,3488.0
34.3675,0.0375,10-12,2019,4416.0
34.3675,0.0375,10-12,2023,4384.0
34.3725,0.0375,7-9,2016,11248.0
34.3725,0.0375,7-9,2019,11952.0
34.3725,0.0375,7-9,2023,12800.0
34.3775,0.0375,0-3,2016,8816.0
34.3775,0.0375,0-3,2019,11728.0
34.3775,0.0375,0-3,2023,14192.0
34.1925,0.0425,0-3,2016,2112.0
34.1925,0.0425,0-3,2019,2592.0
34.1925,0.0425,0-3,2023,2736.0
34.1975,0.0425,0-3,2016,896.0
34.1975,0.0425,0-3,2019,1088.0
34.1975,0.0425,0-3,2023,1376.0
34.2075,0.0425,0-3,2016,32.0
34.2075,0.0425,0-3,2019,64.0
34.2075,0.0425,0-3,2023,32.0
34.2125,0.0425,0-3,2016,1264.0
34.2125,0.0425,0-3,2019,1488.0
34.2125,0.0425,0-3,2023,1520.0
34.2175,0.0425,0-3,2016,2416.0
34.2175,0.0425,0-3,2019,2768.0
34.2175,0.0425,0-3,2023,3136.0
34.2225,0.0425,0-3,2016,2480.0
34.2225,0.0425,0-3,2019,3248.0
34.2225,0.0425,0-3,2023,3920.0
34.3125,0.0425,0-3,2016,3472.0
34.3125,0.0425,0-3,2019,4336.0
34.3125,0.0425,0-3,2023,5392.0
34.3175,0.0425,0-3,2016,4544.0
34.3175,0.0425,0-3,2019,5872.0
34.3175,0.0425,0-3,2023,7504.0
34.3225,0.0425,7-9,2016,2768.0
34.3225,0.0425,7-9,2019,4384.0
34.3225,0.0425,7-9,2023,5520.0
34.3275,0.0425,13-,2016,5264.0
34.3275,0.0425,13-,2019,6096.0
34.3275,0.0425,13-,2023,7920.0
34.3325,0.0425,4-6,2016,8128.0
34.3325,0.0425,4-6,2019,11520.0
34.3325,0.0425,4-6,2023,15072.0
34.3375,0.0425,0-3,2016,5312.0
34.3375,0.0425,0-3,2019,6864.0
34.3375,0.0425,0-3,2023,8272.0
34.3425,0.0425,10-12,2016,5008.0
34.3425,0.0425,10-12,2019,4848.0
34.3425,0.0425,10-12,2023,5984.0
34.3475,0.0425,10-12,2016,3600.0
34.3475,0.0425,10-12,2019,4624.0
34.3475,0.0425,10-12,2023,5920.0
34.3525,0.0425,0-3,2016,4944.0
34.3525,0.0425,0-3,2019,6288.0
34.3525,0.0425,0-3,2023,7360.0
34.3575,0.0425,0-3,2016,5376.0
34.3575,0.0425,0-3,2019,7040.0
34.3575,0.0425,0-3,2023,8448.0
34.3625,0.0425,10-12,2016,6768.0
34.3625,0.0425,10-12,2019,6912.0
34.3625,0.0425,10-12,2023,8080.0
34.3675,0.0425,4-6,2016,4688.0
34.3675,0.0425,4-6,2019,5744.0
34.3675,0.0425,4-6,2023,6752.0
34.3725,0.0425,4-6,2016,25104.0
34.3725,0.0425,4-6,2019,26928.0
34.3725,0.0425,4-6,2023,30352.0
34.3775,0.0425,0-3,2016,19792.0
34.3775,0.0425,0-3,2019,22752.0
34.3775,0.0425,0-3,2023,25184.0
34.1925,0.0475,0-3,2016,3152.0
34.1925,0.0475,0-3,2019,3328.0
34.1925,0.0475,0-3,2023,4032.0
34.1975,0.0475,0-3,2016,128.0
34.1975,0.0475,0-3,2019,112.0
34.1975,0.0475,0-3,2023,240.0
34.2125,0.0475,0-3,2016,496.0
34.2125,0.0475,0-3,2019,368.0
34.2125,0.0475,0-3,2023,304.0
34.3225,0.0475,0-3,2016,1616.0
34.3225,0.0475,0-3,2019,2320.0
34.3225,0.0475,0-3,2023,3200.0
34.3425,0.0475,0-3,2016,720.0
34.3425,0.0475,0-3,2019,1168.0
34.3425,0.0475,0-3,2023,1216.0
34.3475,0.0475,0-3,2016,848.0
34.3475,0.0475,0-3,2019,1376.0
34.3475,0.0475,0-3,2023,1968.0
34.3525,0.0475,7-9,2016,1024.0
34.3525,0.0475,7-9,2019,1424.0
34.3525,0.0475,7-9,2023,1936.0
34.3575,0.0475,7-9,2016,2192.0
34.3575,0.0475,7-9,2019,2704.0
34.3575,0.0475,7-9,2023,3280.0
34.3625,0.0475,4-6,2016,3104.0
34.3625,0.0475,4-6,2019,4272.0
34.3625,0.0475,4-6,2023,5136.0
34.3675,0.0475,0-3,2016,6432.0
34.3675,0.0475,0-3,2019,7584.0
34.3675,0.0475,0-3,2023,10704.0
34.3725,0.0475,13-,2016,8784.0
34.3725,0.0475,13-,2019,10624.0
34.3725,0.0475,13-,2023,11104.0
34.3775,0.0475,0-3,2016,2528.0
34.3775,0.0475,0-3,2019,3168.0
34.3775,0.0475,0-3,2023,4656.0
34.1825,0.0525,0-3,2016,1008.0
34.1825,0.0525,0-3,2019,1488.0
34.1825,0.0525,0-3,2023,2016.0
34.1875,0.0525,0-3,2016,1024.0
34.1875,0.0525,0-3,2019,1440.0
34.1875,0.0525,0-3,2023,1712.0
34.3325,0.0525,0-3,2016,928.0
34.3325,0.0525,0-3,2019,1344.0
34.3325,0.0525,0-3,2023,1872.0
34.3425,0.0525,0-3,2016,1680.0
34.3425,0.0525,0-3,2019,2288.0
34.3425,0.0525,0-3,2023,2752.0
34.3475,0.0525,4-6,2016,1584.0
34.3475,0.0525,4-6,2019,2144.0
34.3475,0.0525,4-6,2023,2800.0
34.3525,0.0525,10-12,2016,3184.0
34.3525,0.0525,10-12,2019,4352.0
34.3525,0.0525,10-12,2023,6192.0
34.3575,0.0525,13-,2016,6048.0
34.3575,0.0525,13-,2019,6864.0
34.3575,0.0525,13-,2023,7952.0
34.3625,0.0525,10-12,2016,2816.0
34.3625,0.0525,10-12,2019,3680.0
34.3625,0.0525,10-12,2023,4368.0
34.3675,0.0525,10-12,2016,5344.0
34.3675,0.0525,10-12,2019,6048.0
34.3675,0.0525,10-12,2023,6288.0
34.3725,0.0525,10-12,2016,5584.0
34.3725,0.0525,10-12,2019,6848.0
34.3725,0.0525,10-12,2023,7296.0
34.1825,0.0575,0-3,2016,1344.0
34.1825,0.0575,0-3,2019,1888.0
34.1825,0.0575,0-3,2023,1792.0
34.1875,0.0575,0-3,2016,960.0
34.1875,0.0575,0-3,2019,1456.0
34.1875,0.0575,0-3,2023,1456.0
34.1925,0.0575,0-3,2016,128.0
34.1925,0.0575,0-3,2019,192.0
34.1925,0.0575,0-3,2023,352.0
34.3325,0.0575,0-3,2016,2336.0
34.3325,0.0575,0-3,2019,3008.0
34.3325,0.0575,0-3,2023,3312.0
34.3375,0.0575,0-3,2016,2880.0
34.3375,0.0575,0-3,2019,4256.0
34.3375,0.0575,0-3,2023,5104.0
34.3425,0.0575,0-3,2016,1824.0
34.3425,0.0575,0-3,2019,2512.0
34.3425,0.0575,0-3,2023,3536.0
34.3475,0.0575,0-3,2016,1744.0
34.3475,0.0575,0-3,2019,2240.0
34.3475,0.0575,0-3,2023,3360.0
34.3525,0.0575,7-9,2016,1488.0
34.3525,0.0575,7-9,2019,1872.0
34.3525,0.0575,7-9,2023,2848.0
34.3575,0.0575,7-9,2016,2608.0
34.3575,0.0575,7-9,2019,2912.0
34.3575,0.0575,7-9,2023,4544.0
34.3625,0.0575,7-9,2016,3936.0
34.3625,0.0575,7-9,2019,4048.0
34.3625,0.0575,7-9,2023,4320.0
34.3675,0.0575,7-9,2016,3568.0
34.3675,0.0575,7-9,2019,3920.0
34.3675,0.0575,7-9,2023,4592.0
34.3725,0.0575,7-9,2016,2320.0
34.3725,0.0575,7-9,2019,3008.0
34.3725,0.0575,7-9,2023,3216.0
34.1425,0.0625,0-3,2016,464.0
34.1425,0.0625,0-3,2019,912.0
34.1425,0.0625,0-3,2023,1200.0
34.1475,0.0625,0-3,2016,2016.0
34.1475,0.0625,0-3,2019,2880.0
34.1475,0.0625,0-3,2023,3440.0
34.1825,0.0625,0-3,2016,672.0
34.1825,0.0625,0-3,2019,960.0
34.1825,0.0625,0-3,2023,1088.0
34.1875,0.0625,0-3,2016,1584.0
34.1875,0.0625,0-3,2019,1728.0
34.1875,0.0625,0-3,2023,2272.0
34.1925,0.0625,0-3,2016,1440.0
34.1925,0.0625,0-3,2019,1600.0
34.1925,0.0625,0-3,2023,2224.0
34.1975,0.0625,0-3,2016,176.0
34.1975,0.0625,0-3,2019,560.0
34.1975,0.0625,0-3,2023,624.0
34.3325,0.0625,0-3,2016,1408.0
34.3325,0.0625,0-3,2019,1760.0
34.3325,0.0625,0-3,2023,2320.0
34.3425,0.0625,0-3,2016,832.0
34.3425,0.0625,0-3,2019,1008.0
34.3425,0.0625,0-3,2023,1072.0
34.3525,0.0625,0-3,2016,1568.0
34.3525,0.0625,0-3,2019,1712.0
34.3525,0.0625,0-3,2023,2368.0
34.3575,0.0625,0-3,2016,1024.0
34.3575,0.0625,0-3,2019,1232.0
34.3575,0.0625,0-3,2023,1984.0
34.3725,0.0625,0-3,2016,1408.0
34.3725,0.0625,0-3,2019,1568.0
34.3725,0.0625,0-3,2023,1968.0
34.1425,0.0675,0-3,2016,3200.0
34.1425,0.0675,0-3,2019,4480.0
34.1425,0.0675,0-3,2023,6112.0
34.1475,0.0675,0-3,2016,336.0
34.1475,0.0675,0-3,2019,528.0
34.1475,0.0675,0-3,2023,704.0
34.1825,0.0675,13-,2016,560.0
34.1825,0.0675,13-,2019,464.0
34.1825,0.0675,13-,2023,416.0
34.1925,0.0675,0-3,2016,256.0
34.1925,0.0675,0-3,2019,384.0
34.1925,0.0675,0-3,2023,320.0
34.1975,0.0675,0-3,2016,1344.0
34.1975,0.0675,0-3,2019,1904.0
34.1975,0.0675,0-3,2023,1872.0
34.2025,0.0675,0-3,2016,368.0
34.2025,0.0675,0-3,2019,496.0
34.2025,0.0675,0-3,2023,656.0
34.2925,0.0675,0-3,2016,11056.0
34.2925,0.0675,0-3,2019,13200.0
34.2925,0.0675,0-3,2023,16000.0
34.2975,0.0675,0-3,2016,6608.0
34.2975,0.0675,0-3,2019,7088.0
34.2975,0.0675,0-3,2023,10304.0
34.3575,0.0675,0-3,2016,2800.0
34.3575,0.0675,0-3,2019,4048.0
34.3575,0.0675,0-3,2023,4880.0
34.0825,0.0725,0-3,2016,48.0
34.0825,0.0725,0-3,2019,112.0
34.0825,0.0725,0-3,2023,112.0
34.0875,0.0725,0-3,2016,720.0
34.0875,0.0725,0-3,2019,976.0
34.0875,0.0725,0-3,2023,1392.0
34.0925,0.0725,0-3,2016,128.0
34.0925,0.0725,0-3,2019,160.0
34.0925,0.0725,0-3,2023,208.0
34.1375,0.0725,0-3,2016,4688.0
34.1375,0.0725,0-3,2019,5888.0
34.1375,0.0725,0-3,2023,6752.0
34.1425,0.0725,0-3,2016,1936.0
34.1425,0.0725,0-3,2019,3168.0
34.1425,0.0725,0-3,2023,4080.0
34.1525,0.0725,0-3,2016,336.0
34.1525,0.0725,0-3,2019,432.0
34.1525,0.0725,0-3,2023,592.0
34.1725,0.0725,0-3,2016,1136.0
34.1725,0.0725,0-3,2019,1824.0
34.1725,0.0725,0-3,2023,2192.0
34.1775,0.0725,0-3,2016,80.0
34.1775,0.0725,0-3,2019,288.0
34.1775,0.0725,0-3,2023,416.0
34.1825,0.0725,13-,2016,1568.0
34.1825,0.0725,13-,2019,1904.0
34.1825,0.0725,13-,2023,1840.0
34.1875,0.0725,13-,2016,2064.0
34.1875,0.0725,13-,2019,2960.0
34.1875,0.0725,13-,2023,3456.0
34.1975,0.0725,0-3,2016,2304.0
34.1975,0.0725,0-3,2019,3424.0
34.1975,0.0725,0-3,2023,3744.0
34.2025,0.0725,13-,2016,2816.0
34.2025,0.0725,13-,2019,4320.0
34.2025,0.0725,13-,2023,4480.0
34.2775,0.0725,0-3,2016,2720.0
34.2775,0.0725,0-3,2019,4032.0
34.2775,0.0725,0-3,2023,4912.0
34.2825,0.0725,0-3,2016,7856.0
34.2825,0.0725,0-3,2019,9216.0
34.2825,0.0725,0-3,2023,11248.0
34.2925,0.0725,7-9,2016,8912.0
34.2925,0.0725,7-9,2019,11632.0
34.2925,0.0725,7-9,2023,15568.0
34.2975,0.0725,4-6,2016,832.0
34.2975,0.0725,4-6,2019,1616.0
34.2975,0.0725,4-6,2023,3184.0
34.3175,0.0725,0-3,2016,2896.0
34.3175,0.0725,0-3,2019,4048.0
34.3175,0.0725,0-3,2023,5120.0
34.3225,0.0725,0-3,2016,2608.0
34.3225,0.0725,0-3,2019,4112.0
34.3225,0.0725,0-3,2023,5136.0
34.3275,0.0725,4-6,2016,1472.0
34.3275,0.0725,4-6,2019,2112.0
34.3275,0.0725,4-6,2023,3200.0
34.3525,0.0725,0-3,2016,5824.0
34.3525,0.0725,0-3,2019,7552.0
34.3525,0.0725,0-3,2023,8864.0
34.3575,0.0725,13-,2016,2864.0
34.3575,0.0725,13-,2019,3168.0
34.3575,0.0725,13-,2023,4144.0
34.3625,0.0725,0-3,2016,1920.0
34.3625,0.0725,0-3,2019,3296.0
34.3625,0.0725,0-3,2023,3584.0
34.0725,0.0775,0-3,2016,80.0
34.0725,0.0775,0-3,2019,80.0
34.0725,0.0775,0-3,2023,112.0
34.0775,0.0775,13-,2016,1264.0
34.0775,0.0775,13-,2019,1824.0
34.0775,0.0775,13-,2023,1744.0
34.0825,0.0775,13-,2016,3616.0
34.0825,0.0775,13-,2019,4224.0
34.0825,0.0775,13-,2023,5040.0
34.0875,0.0775,13-,2016,3616.0
34.0875,0.0775,13-,2019,4800.0
34.0875,0.0775,13-,2023,5200.0
34.0925,0.0775,4-6,2016,1616.0
34.0925,0.0775,4-6,2019,2304.0
34.0925,0.0775,4-6,2023,3200.0
34.1175,0.0775,0-3,2016,1536.0
34.1175,0.0775,0-3,2019,2352.0
34.1175,0.0775,0-3,2023,3072.0
34.1325,0.0775,0-3,2016,1136.0
34.1325,0.0775,0-3,2019,1360.0
34.1325,0.0775,0-3,2023,1840.0
34.1475,0.0775,0-3,2016,2848.0
34.1475,0.0775,0-3,2019,3920.0
34.1475,0.0775,0-3,2023,6064.0
34.1525,0.0775,0-3,2016,7472.0
34.1525,0.0775,0-3,2019,8992.0
34.1525,0.0775,0-3,2023,9840.0
34.1575,0.0775,0-3,2016,928.0
34.1575,0.0775,0-3,2019,1616.0
34.1575,0.0775,0-3,2023,1696.0
34.1675,0.0775,0-3,2016,2768.0
34.1675,0.0775,0-3,2019,3472.0
34.1675,0.0775,0-3,2023,3952.0
34.1725,0.0775,4-6,2016,3248.0
34.1725,0.0775,4-6,2019,3440.0
34.1725,0.0775,4-6,2023,4272.0
34.1775,0.0775,0-3,2016,1792.0
34.1775,0.0775,0-3,2019,2448.0
34.1775,0.0775,0-3,2023,2736.0
34.1825,0.0775,0-3,2016,2000.0
34.1825,0.0775,0-3,2019,3344.0
34.1825,0.0775,0-3,2023,4240.0
34.1875,0.0775,7-9,2016,3600.0
34.1875,0.0775,7-9,2019,5264.0
34.1875,0.0775,7-9,2023,5536.0
34.1975,0.0775,4-6,2016,2688.0
34.1975,0.0775,4-6,2019,3264.0
34.1975,0.0775,4-6,2023,3952.0
34.2025,0.0775,13-,2016,1584.0
34.2025,0.0775,13-,2019,2192.0
34.2025,0.0775,13-,2023,2304.0
34.2075,0.0775,13-,2016,2160.0
34.2075,0.0775,13-,2019,2448.0
34.2075,0.0775,13-,2023,2784.0
34.2425,0.0775,0-3,2016,3072.0
34.2425,0.0775,0-3,2019,3776.0
34.2425,0.0775,0-3,2023,4448.0
34.2475,0.0775,0-3,2016,944.0
34.2475,0.0775,0-3,2019,1088.0
34.2475,0.0775,0-3,2023,1392.0
34.2525,0.0775,10-12,2016,2928.0
34.2525,0.0775,10-12,2019,3632.0
34.2525,0.0775,10-12,2023,3984.0
34.2575,0.0775,0-3,2016,1696.0
34.2575,0.0775,0-3,2019,2096.0
34.2575,0.0775,0-3,2023,2064.0
34.2625,0.0775,0-3,2016,3232.0
34.2625,0.0775,0-3,2019,4432.0
34.2625,0.0775,0-3,2023,5040.0
34.2675,0.0775,7-9,2016,1488.0
34.2675,0.0775,7-9,2019,2352.0
34.2675,0.0775,7-9,2023,2864.0
34.2725,0.0775,7-9,2016,1376.0
34.2725,0.0775,7-9,2019,1664.0
34.2725,0.0775,7-9,2023,1776.0
34.2775,0.0775,4-6,2016,11744.0
34.2775,0.0775,4-6,2019,14336.0
34.2775,0.0775,4-6,2023,15776.0
34.2825,0.0775,0-3,2016,9888.0
34.2825,0.0775,0-3,2019,11920.0
34.2825,0.0775,0-3,2023,14192.0
34.2925,0.0775,0-3,2016,7616.0
34.2925,0.0775,0-3,2019,11504.0
34.2925,0.0775,0-3,2023,16640.0
34.3125,0.0775,0-3,2016,1440.0
34.3125,0.0775,0-3,2019,1680.0
34.3125,0.0775,0-3,2023,2784.0
34.3175,0.0775,0-3,2016,560.0
34.3175,0.0775,0-3,2019,848.0
34.3175,0.0775,0-3,2023,1424.0
34.3225,0.0775,13-,2016,1712.0
34.3225,0.0775,13-,2019,1744.0
34.3225,0.0775,13-,2023,2288.0
34.3275,0.0775,13-,2016,1408.0
34.3275,0.0775,13-,2019,2176.0
34.3275,0.0775,13-,2023,2336.0
34.3325,0.0775,4-6,2016,1744.0
34.3325,0.0775,4-6,2019,2144.0
34.3325,0.0775,4-6,2023,2800.0
34.3375,0.0775,4-6,2016,2944.0
34.3375,0.0775,4-6,2019,3568.0
34.3375,0.0775,4-6,2023,3920.0
34.3575,0.0775,10-12,2016,1600.0
34.3575,0.0775,10-12,2019,1856.0
34.3575,0.0775,10-12,2023,2448.0
34.3625,0.0775,0-3,2016,736.0
34.3625,0.0775,0-3,2019,1136.0
34.3625,0.0775,0-3,2023,1440.0
34.3675,0.0775,0-3,2016,1536.0
34.3675,0.0775,0-3,2019,2256.0
34.3675,0.0775,0-3,2023,3232.0
34.3725,0.0775,0-3,2016,1584.0
34.3725,0.0775,0-3,2019,2144.0
34.3725,0.0775,0-3,2023,2832.0
34.0725,0.0825,7-9,2016,752.0
34.0725,0.0825,7-9,2019,896.0
34.0725,0.0825,7-9,2023,1264.0
34.0775,0.0825,10-12,2016,2352.0
34.0775,0.0825,10-12,2019,2800.0
34.0775,0.0825,10-12,2023,3328.0
34.0825,0.0825,10-12,2016,1440.0
34.0825,0.0825,10-12,2019,1344.0
34.0825,0.0825,10-12,2023,2704.0
34.0875,0.0825,13-,2016,4240.0
34.0875,0.0825,13-,2019,5056.0
34.0875,0.0825,13-,2023,7504.0
34.0925,0.0825,13-,2016,4240.0
34.0925,0.0825,13-,2019,5344.0
34.0925,0.0825,13-,2023,7280.0
34.1025,0.0825,13-,2016,1312.0
34.1025,0.0825,13-,2019,2016.0
34.1025,0.0825,13-,2023,2464.0
34.1075,0.0825,13-,2016,992.0
34.1075,0.0825,13-,2019,1408.0
34.1075,0.0825,13-,2023,1584.0
34.1125,0.0825,13-,2016,2160.0
34.1125,0.0825,13-,2019,3008.0
34.1125,0.0825,13-,2023,2832.0
34.1175,0.0825,4-6,2016,5504.0
34.1175,0.0825,4-6,2019,6688.0
34.1175,0.0825,4-6,2023,7520.0
34.1275,0.0825,0-3,2016,320.0
34.1275,0.0825,0-3,2019,608.0
34.1275,0.0825,0-3,2023,1104.0
34.1325,0.0825,0-3,2016,2176.0
34.1325,0.0825,0-3,2019,3008.0
34.1325,0.0825,0-3,2023,3280.0
34.1525,0.0825,0-3,2016,3136.0
34.1525,0.0825,0-3,2019,4896.0
34.1525,0.0825,0-3,2023,5632.0
34.1575,0.0825,0-3,2016,1968.0
34.1575,0.0825,0-3,2019,3904.0
34.1575,0.0825,0-3,2023,5232.0
34.1625,0.0825,7-9,2016,1408.0
34.1625,0.0825,7-9,2019,1904.0
34.1625,0.0825,7-9,2023,2544.0
34.1675,0.0825,0-3,2016,1520.0
34.1675,0.0825,0-3,2019,1872.0
34.1675,0.0825,0-3,2023,2400.0
34.1725,0.0825,10-12,2016,1472.0
34.1725,0.0825,10-12,2019,1920.0
34.1725,0.0825,10-12,2023,2432.0
34.1775,0.0825,7-9,2016,1616.0
34.1775,0.0825,7-9,2019,2176.0
34.1775,0.0825,7-9,2023,2064.0
34.1825,0.0825,0-3,2016,880.0
34.1825,0.0825,0-3,2019,1376.0
34.1825,0.0825,0-3,2023,1408.0
34.1875,0.0825,4-6,2016,1152.0
34.1875,0.0825,4-6,2019,1632.0
34.1875,0.0825,4-6,2023,1440.0
34.2025,0.0825,0-3,2016,1472.0
34.2025,0.0825,0-3,2019,1920.0
34.2025,0.0825,0-3,2023,2160.0
34.2075,0.0825,13-,2016,1968.0
34.2075,0.0825,13-,2019,2432.0
34.2075,0.0825,13-,2023,2768.0
34.2175,0.0825,0-3,2016,112.0
34.2175,0.0825,0-3,2019,336.0
34.2175,0.0825,0-3,2023,560.0
34.2225,0.0825,0-3,2016,16.0
34.2225,0.0825,0-3,2019,128.0
34.2225,0.0825,0-3,2023,160.0
34.2325,0.0825,0-3,2016,3120.0
34.2325,0.0825,0-3,2019,4688.0
34.2325,0.0825,0-3,2023,5840.0
34.2375,0.0825,0-3,2016,4880.0
34.2375,0.0825,0-3,2019,5984.0
34.2375,0.0825,0-3,2023,6544.0
34.2425,0.0825,0-3,2016,5520.0
34.2425,0.0825,0-3,2019,6768.0
34.2425,0.0825,0-3,2023,8048.0
34.2475,0.0825,0-3,2016,2816.0
34.2475,0.0825,0-3,2019,4320.0
34.2475,0.0825,0-3,2023,4608.0
34.2525,0.0825,4-6,2016,2592.0
34.2525,0.0825,4-6,2019,3552.0
34.2525,0.0825,4-6,2023,4016.0
34.2575,0.0825,0-3,2016,2368.0
34.2575,0.0825,0-3,2019,2832.0
34.2575,0.0825,0-3,2023,4000.0
34.2625,0.0825,4-6,2016,1760.0
34.2625,0.0825,4-6,2019,2976.0
34.2625,0.0825,4-6,2023,3952.0
34.2675,0.0825,13-,2016,1104.0
34.2675,0.0825,13-,2019,1728.0
34.2675,0.0825,13-,2023,2064.0
34.2725,0.0825,0-3,2016,2288.0
34.2725,0.0825,0-3,2019,2848.0
34.2725,0.0825,0-3,2023,3056.0
34.2775,0.0825,13-,2016,7936.0
34.2775,0.0825,13-,2019,9136.0
34.2775,0.0825,13-,2023,11472.0
34.3175,0.0825,0-3,2016,992.0
34.3175,0.0825,0-3,2019,1632.0
34.3175,0.0825,0-3,2023,1712.0
34.3225,0.0825,4-6,2016,336.0
34.3225,0.0825,4-6,2019,448.0
34.3225,0.0825,4-6,2023,624.0
34.3325,0.0825,7-9,2016,2144.0
34.3325,0.0825,7-9,2019,2736.0
34.3325,0.0825,7-9,2023,3408.0
34.3375,0.0825,0-3,2016,944.0
34.3375,0.0825,0-3,2019,1408.0
34.3375,0.0825,0-3,2023,1888.0
34.3675,0.0825,0-3,2016,336.0
34.3675,0.0825,0-3,2019,624.0
34.3675,0.0825,0-3,2023,1200.0
34.3725,0.0825,0-3,2016,720.0
34.3725,0.0825,0-3,2019,864.0
34.3725,0.0825,0-3,2023,1232.0
34.0675,0.0875,13-,2016,3472.0
34.0675,0.0875,13-,2019,4352.0
34.0675,0.0875,13-,2023,4864.0
34.0725,0.0875,13-,2016,3984.0
34.0725,0.0875,13-,2019,4320.0
34.0725,0.0875,13-,2023,4800.0
34.0775,0.0875,13-,2016,2896.0
34.0775,0.0875,13-,2019,3088.0
34.0775,0.0875,13-,2023,3360.0
34.0875,0.0875,13-,2016,1520.0
34.0875,0.0875,13-,2019,2240.0
34.0875,0.0875,13-,2023,3136.0
34.0925,0.0875,10-12,2016,7472.0
34.0925,0.0875,10-12,2019,8912.0
34.0925,0.0875,10-12,2023,10784.0
34.1025,0.0875,13-,2016,2608.0
34.1025,0.0875,13-,2019,3536.0
34.1025,0.0875,13-,2023,5072.0
34.1075,0.0875,13-,2016,1024.0
34.1075,0.0875,13-,2019,1136.0
34.1075,0.0875,13-,2023,1088.0
34.1125,0.0875,7-9,2016,224.0
34.1125,0.0875,7-9,2019,400.0
34.1125,0.0875,7-9,2023,496.0
34.1175,0.0875,0-3,2016,224.0
34.1175,0.0875,0-3,2019,176.0
34.1175,0.0875,0-3,2023,240.0
34.1225,0.0875,0-3,2016,1072.0
34.1225,0.0875,0-3,2019,2400.0
34.1225,0.0875,0-3,2023,2448.0
34.1275,0.0875,0-3,2016,1408.0
34.1275,0.0875,0-3,2019,2672.0
34.1275,0.0875,0-3,2023,2912.0
34.1325,0.0875,0-3,2016,3040.0
34.1325,0.0875,0-3,2019,4288.0
34.1325,0.0875,0-3,2023,5200.0
34.1425,0.0875,0-3,2016,720.0
34.1425,0.0875,0-3,2019,1312.0
34.1425,0.0875,0-3,2023,1536.0
34.1475,0.0875,0-3,2019,32.0
34.1475,0.0875,0-3,2023,32.0
34.1525,0.0875,0-3,2016,928.0
34.1525,0.0875,0-3,2019,1264.0
34.1525,0.0875,0-3,2023,2176.0
34.1575,0.0875,0-3,2016,4608.0
34.1575,0.0875,0-3,2019,5968.0
34.1575,0.0875,0-3,2023,7184.0
34.1625,0.0875,0-3,2016,3424.0
34.1625,0.0875,0-3,2019,4816.0
34.1625,0.0875,0-3,2023,5840.0
34.1725,0.0875,4-6,2016,3520.0
34.1725,0.0875,4-6,2019,4672.0
34.1725,0.0875,4-6,2023,6288.0
34.1775,0.0875,0-3,2016,2832.0
34.1775,0.0875,0-3,2019,4288.0
34.1775,0.0875,0-3,2023,4656.0
34.1825,0.0875,7-9,2016,1312.0
34.1825,0.0875,7-9,2019,1840.0
34.1825,0.0875,7-9,2023,2512.0
34.1875,0.0875,0-3,2016,1792.0
34.1875,0.0875,0-3,2019,2592.0
34.1875,0.0875,0-3,2023,2368.0
34.2175,0.0875,4-6,2016,720.0
34.2175,0.0875,4-6,2019,736.0
34.2175,0.0875,4-6,2023,1776.0
34.2225,0.0875,4-6,2016,1296.0
34.2225,0.0875,4-6,2019,1568.0
34.2225,0.0875,4-6,2023,2096.0
34.2375,0.0875,0-3,2016,2672.0
34.2375,0.0875,0-3,2019,3520.0
34.2375,0.0875,0-3,2023,4400.0
34.2425,0.0875,0-3,2016,1904.0
34.2425,0.0875,0-3,2019,2176.0
34.2425,0.0875,0-3,2023,3600.0
34.2475,0.0875,0-3,2016,160.0
34.2475,0.0875,0-3,2019,272.0
34.2475,0.0875,0-3,2023,288.0
34.2525,0.0875,0-3,2016,2192.0
34.2525,0.0875,0-3,2019,2816.0
34.2525,0.0875,0-3,2023,3248.0
34.2575,0.0875,4-6,2016,1456.0
34.2575,0.0875,4-6,2019,1936.0
34.2575,0.0875,4-6,2023,2464.0
34.2625,0.0875,0-3,2016,2192.0
34.2625,0.0875,0-3,2019,2784.0
34.2625,0.0875,0-3,2023,3424.0
34.2675,0.0875,0-3,2016,1792.0
34.2675,0.0875,0-3,2019,2608.0
34.2675,0.0875,0-3,2023,2608.0
34.2725,0.0875,7-9,2016,1584.0
34.2725,0.0875,7-9,2019,2096.0
34.2725,0.0875,7-9,2023,2304.0
34.2775,0.0875,10-12,2016,1280.0
34.2775,0.0875,10-12,2019,1856.0
34.2775,0.0875,10-12,2023,1920.0
34.3075,0.0875,0-3,2016,1424.0
34.3075,0.0875,0-3,2019,1952.0
34.3075,0.0875,0-3,2023,2624.0
34.3125,0.0875,0-3,2016,1024.0
34.3125,0.0875,0-3,2019,2000.0
34.3125,0.0875,0-3,2023,2528.0
34.3175,0.0875,0-3,2016,1344.0
34.3175,0.0875,0-3,2019,2048.0
34.3175,0.0875,0-3,2023,2224.0
34.3225,0.0875,0-3,2016,688.0
34.3225,0.0875,0-3,2019,832.0
34.3225,0.0875,0-3,2023,1216.0
34.3275,0.0875,0-3,2016,1760.0
34.3275,0.0875,0-3,2019,1920.0
34.3275,0.0875,0-3,2023,2256.0
34.3325,0.0875,0-3,2016,1936.0
34.3325,0.0875,0-3,2019,2096.0
34.3325,0.0875,0-3,2023,2960.0
34.3675,0.0875,0-3,2016,416.0
34.3675,0.0875,0-3,2019,624.0
34.3675,0.0875,0-3,2023,832.0
34.0875,0.0925,13-,2016,800.0
34.0875,0.0925,13-,2019,976.0
34.0875,0.0925,13-,2023,1072.0
34.0925,0.0925,4-6,2016,832.0
34.0925,0.0925,4-6,2019,928.0
34.0925,0.0925,4-6,2023,1584.0
34.0975,0.0925,13-,2016,3984.0
34.0975,0.0925,13-,2019,5600.0
34.0975,0.0925,13-,2023,6480.0
34.1025,0.0925,0-3,2016,1504.0
34.1025,0.0925,0-3,2019,2976.0
34.1025,0.0925,0-3,2023,3312.0
34.1075,0.0925,10-12,2016,1152.0
34.1075,0.0925,10-12,2019,1936.0
34.1075,0.0925,10-12,2023,1792.0
34.1125,0.0925,0-3,2016,1696.0
34.1125,0.0925,0-3,2019,1952.0
34.1125,0.0925,0-3,2023,2320.0
34.1175,0.0925,0-3,2016,1952.0
34.1175,0.0925,0-3,2019,3952.0
34.1175,0.0925,0-3,2023,4560.0
34.1225,0.0925,0-3,2016,1904.0
34.1225,0.0925,0-3,2019,3328.0
34.1225,0.0925,0-3,2023,4656.0
34.1275,0.0925,0-3,2016,2320.0
34.1275,0.0925,0-3,2019,3392.0
34.1275,0.0925,0-3,2023,4224.0
34.1325,0.0925,0-3,2016,2736.0
34.1325,0.0925,0-3,2019,4288.0
34.1325,0.0925,0-3,2023,5200.0
34.1375,0.0925,0-3,2016,4720.0
34.1375,0.0925,0-3,2019,7040.0
34.1375,0.0925,0-3,2023,8320.0
34.1425,0.0925,0-3,2016,1760.0
34.1425,0.0925,0-3,2019,2976.0
34.1425,0.0925,0-3,2023,3424.0
34.1675,0.0925,0-3,2016,3264.0
34.1675,0.0925,0-3,2019,3616.0
34.1675,0.0925,0-3,2023,4272.0
34.2125,0.0925,0-3,2016,1600.0
34.2125,0.0925,0-3,2019,2624.0
34.2125,0.0925,0-3,2023,3072.0
34.2175,0.0925,7-9,2016,1824.0
34.2175,0.0925,7-9,2019,1856.0
34.2175,0.0925,7-9,2023,2784.0
34.2225,0.0925,4-6,2016,1520.0
34.2225,0.0925,4-6,2019,2256.0
34.2225,0.0925,4-6,2023,2944.0
34.2275,0.0925,0-3,2016,3008.0
34.2275,0.0925,0-3,2019,3792.0
34.2275,0.0925,0-3,2023,4816.0
34.2325,0.0925,7-9,2016,3296.0
34.2325,0.0925,7-9,2019,4896.0
34.2325,0.0925,7-9,2023,7184.0
34.2375,0.0925,10-12,2016,1776.0
34.2375,0.0925,10-12,2019,2000.0
34.2375,0.0925,10-12,2023,2640.0
34.2525,0.0925,0-3,2016,1216.0
34.2525,0.0925,0-3,2019,1440.0
34.2525,0.0925,0-3,2023,1312.0
34.2575,0.0925,13-,2016,1824.0
34.2575,0.0925,13-,2019,2096.0
34.2575,0.0925,13-,2023,2272.0
34.2625,0.0925,7-9,2016,1296.0
34.2625,0.0925,7-9,2019,1872.0
34.2625,0.0925,7-9,2023,1984.0
34.2675,0.0925,13-,2016,3328.0
34.2675,0.0925,13-,2019,3552.0
34.2675,0.0925,13-,2023,5424.0
34.2725,0.0925,7-9,2016,1776.0
34.2725,0.0925,7-9,2019,2336.0
34.2725,0.0925,7-9,2023,2928.0
34.2775,0.0925,10-12,2016,1360.0
34.2775,0.0925,10-12,2019,2208.0
34.2775,0.0925,10-12,2023,2160.0
34.3025,0.0925,4-6,2016,2272.0
34.3025,0.0925,4-6,2019,2400.0
34.3025,0.0925,4-6,2023,2944.0
34.3075,0.0925,13-,2016,1392.0
34.3075,0.0925,13-,2019,1760.0
34.3075,0.0925,13-,2023,1968.0
34.3125,0.0925,7-9,2016,1456.0
34.3125,0.0925,7-9,2019,2544.0
34.3125,0.0925,7-9,2023,2736.0
34.3175,0.0925,0-3,2016,1008.0
34.3175,0.0925,0-3,2019,1424.0
34.3175,0.0925,0-3,2023,1616.0
34.3225,0.0925,0-3,2016,2912.0
34.3225,0.0925,0-3,2019,3632.0
34.3225,0.0925,0-3,2023,4848.0
34.3275,0.0925,0-3,2016,1856.0
34.3275,0.0925,0-3,2019,2064.0
34.3275,0.0925,0-3,2023,3248.0
34.0875,0.0975,4-6,2016,256.0
34.0875,0.0975,4-6,2019,576.0
34.0875,0.0975,4-6,2023,736.0
34.0925,0.0975,4-6,2016,1088.0
34.0925,0.0975,4-6,2019,1504.0
34.0925,0.0975,4-6,2023,2880.0
34.0975,0.0975,10-12,2016,2000.0
34.0975,0.0975,10-12,2019,3216.0
34.0975,0.0975,10-12,2023,4832.0
34.1025,0.0975,0-3,2016,3984.0
34.1025,0.0975,0-3,2019,6592.0
34.1025,0.0975,0-3,2023,8416.0
34.1075,0.0975,0-3,2016,1440.0
34.1075,0.0975,0-3,2019,2080.0
34.1075,0.0975,0-3,2023,2688.0
34.1125,0.0975,0-3,2016,1824.0
34.1125,0.0975,0-3,2019,3216.0
34.1125,0.0975,0-3,2023,3920.0
34.1175,0.0975,0-3,2016,1408.0
34.1175,0.0975,0-3,2019,2208.0
34.1175,0.0975,0-3,2023,2144.0
34.1325,0.0975,0-3,2016,2176.0
34.1325,0.0975,0-3,2019,3200.0
34.1325,0.0975,0-3,2023,3840.0
34.1375,0.0975,7-9,2016,4672.0
34.1375,0.0975,7-9,2019,5360.0
34.1375,0.0975,7-9,2023,6400.0
34.1625,0.0975,0-3,2016,1856.0
34.1625,0.0975,0-3,2019,2368.0
34.1625,0.0975,0-3,2023,2976.0
34.1675,0.0975,0-3,2016,1472.0
34.1675,0.0975,0-3,2019,2816.0
34.1675,0.0975,0-3,2023,4896.0
34.2025,0.0975,0-3,2016,1296.0
34.2025,0.0975,0-3,2019,1504.0
34.2025,0.0975,0-3,2023,2208.0
34.2075,0.0975,0-3,2016,432.0
34.2075,0.0975,0-3,2019,688.0
34.2075,0.0975,0-3,2023,1136.0
34.2125,0.0975,0-3,2016,1472.0
34.2125,0.0975,0-3,2019,1728.0
34.2125,0.0975,0-3,2023,2688.0
34.2175,0.0975,7-9,2016,1552.0
34.2175,0.0975,7-9,2019,2048.0
34.2175,0.0975,7-9,2023,2816.0
34.2225,0.0975,7-9,2016,1728.0
34.2225,0.0975,7-9,2019,2928.0
34.2225,0.0975,7-9,2023,3216.0
34.2275,0.0975,7-9,2016,1808.0
34.2275,0.0975,7-9,2019,2368.0
34.2275,0.0975,7-9,2023,3184.0
34.2375,0.0975,0-3,2016,32.0
34.2375,0.0975,0-3,2019,48.0
34.2375,0.0975,0-3,2023,80.0
34.2475,0.0975,0-3,2016,448.0
34.2475,0.0975,0-3,2019,960.0
34.2475,0.0975,0-3,2023,944.0
34.2525,0.0975,0-3,2016,2416.0
34.2525,0.0975,0-3,2019,3072.0
34.2525,0.0975,0-3,2023,3776.0
34.2575,0.0975,0-3,2016,1712.0
34.2575,0.0975,0-3,2019,2032.0
34.2575,0.0975,0-3,2023,3344.0
34.2625,0.0975,10-12,2016,1776.0
34.2625,0.0975,10-12,2019,2096.0
34.2625,0.0975,10-12,2023,2016.0
34.2675,0.0975,4-6,2016,1600.0
34.2675,0.0975,4-6,2019,1968.0
34.2675,0.0975,4-6,2023,2416.0
34.2725,0.0975,4-6,2016,2768.0
34.2725,0.0975,4-6,2019,3152.0
34.2725,0.0975,4-6,2023,3952.0
34.2775,0.0975,13-,2016,2000.0
34.2775,0.0975,13-,2019,2944.0
34.2775,0.0975,13-,2023,3280.0
34.2875,0.0975,0-3,2016,3280.0
34.2875,0.0975,0-3,2019,4384.0
34.2875,0.0975,0-3,2023,6336.0
34.2925,0.0975,0-3,2016,2064.0
34.2925,0.0975,0-3,2019,2912.0
34.2925,0.0975,0-3,2023,3664.0
34.3025,0.0975,10-12,2016,1248.0
34.3025,0.0975,10-12,2019,1840.0
34.3025,0.0975,10-12,2023,2080.0
34.3075,0.0975,13-,2016,2000.0
34.3075,0.0975,13-,2019,2544.0
34.3075,0.0975,13-,2023,3120.0
34.3125,0.0975,13-,2016,1920.0
34.3125,0.0975,13-,2019,2000.0
34.3125,0.0975,13-,2023,2784.0
34.3175,0.0975,0-3,2016,1472.0
34.3175,0.0975,0-3,2019,1952.0
34.3175,0.0975,0-3,2023,2048.0
34.3225,0.0975,0-3,2016,3952.0
34.3225,0.0975,0-3,2019,4416.0
34.3225,0.0975,0-3,2023,5760.0
34.3275,0.0975,0-3,2016,2128.0
34.3275,0.0975,0-3,2019,2960.0
34.3275,0.0975,0-3,2023,3296.0
34.3325,0.0975,0-3,2016,1328.0
34.3325,0.0975,0-3,2019,1520.0
34.3325,0.0975,0-3,2023,1776.0
34.3425,0.0975,0-3,2016,2736.0
34.3425,0.0975,0-3,2019,3312.0
34.3425,0.0975,0-3,2023,3424.0
34.3475,0.0975,0-3,2016,832.0
34.3475,0.0975,0-3,2019,1792.0
34.3475,0.0975,0-3,2023,2112.0
34.3525,0.0975,0-3,2016,1344.0
34.3525,0.0975,0-3,2019,1664.0
34.3525,0.0975,0-3,2023,2944.0
34.3575,0.0975,0-3,2016,1120.0
34.3575,0.0975,0-3,2019,1568.0
34.3575,0.0975,0-3,2023,1808.0
34.0775,0.1025,0-3,2016,464.0
34.0775,0.1025,0-3,2019,512.0
34.0775,0.1025,0-3,2023,464.0
34.0875,0.1025,13-,2016,1696.0
34.0875,0.1025,13-,2019,1888.0
34.0875,0.1025,13-,2023,1824.0
34.0925,0.1025,10-12,2016,1216.0
34.0925,0.1025,10-12,2019,2512.0
34.0925,0.1025,10-12,2023,2448.0
34.0975,0.1025,7-9,2016,1920.0
34.0975,0.1025,7-9,2019,2176.0
34.0975,0.1025,7-9,2023,3232.0
34.1025,0.1025,10-12,2016,4032.0
34.1025,0.1025,10-12,2019,5328.0
34.1025,0.1025,10-12,2023,6544.0
34.1075,0.1025,13-,2016,2688.0
34.1075,0.1025,13-,2019,4400.0
34.1075,0.1025,13-,2023,7728.0
34.1125,0.1025,0-3,2016,1344.0
34.1125,0.1025,0-3,2019,3024.0
34.1125,0.1025,0-3,2023,3856.0
34.1175,0.1025,0-3,2016,240.0
34.1175,0.1025,0-3,2019,1104.0
34.1175,0.1025,0-3,2023,1424.0
34.1225,0.1025,0-3,2016,2592.0
34.1225,0.1025,0-3,2019,3600.0
34.1225,0.1025,0-3,2023,4848.0
34.1275,0.1025,13-,2016,3408.0
34.1275,0.1025,13-,2019,4048.0
34.1275,0.1025,13-,2023,4800.0
34.1325,0.1025,4-6,2016,784.0
34.1325,0.1025,4-6,2019,1504.0
34.1325,0.1025,4-6,2023,1856.0
34.1375,0.1025,13-,2016,1216.0
34.1375,0.1025,13-,2019,1744.0
34.1375,0.1025,13-,2023,2688.0
34.1425,0.1025,0-3,2016,3328.0
34.1425,0.1025,0-3,2019,4352.0
34.1425,0.1025,0-3,2023,5136.0
34.1525,0.1025,0-3,2016,1952.0
34.1525,0.1025,0-3,2019,2640.0
34.1525,0.1025,0-3,2023,2832.0
34.1625,0.1025,7-9,2016,1376.0
34.1625,0.1025,7-9,2019,2048.0
34.1625,0.1025,7-9,2023,2896.0
34.1675,0.1025,10-12,2016,3008.0
34.1675,0.1025,10-12,2019,4192.0
34.1675,0.1025,10-12,2023,5744.0
34.1725,0.1025,4-6,2016,1040.0
34.1725,0.1025,4-6,2019,1680.0
34.1725,0.1025,4-6,2023,1840.0
34.1775,0.1025,13-,2016,2928.0
34.1775,0.1025,13-,2019,4016.0
34.1775,0.1025,13-,2023,4752.0
34.1825,0.1025,7-9,2016,2048.0
34.1825,0.1025,7-9,2019,3360.0
34.1825,0.1025,7-9,2023,3680.0
34.1875,0.1025,0-3,2016,2192.0
34.1875,0.1025,0-3,2019,2640.0
34.1875,0.1025,0-3,2023,3376.0
34.2025,0.1025,0-3,2016,1776.0
34.2025,0.1025,0-3,2019,2144.0
34.2025,0.1025,0-3,2023,3152.0
34.2075,0.1025,0-3,2016,1920.0
34.2075,0.1025,0-3,2019,2832.0
34.2075,0.1025,0-3,2023,4032.0
34.2175,0.1025,0-3,2016,560.0
34.2175,0.1025,0-3,2019,656.0
34.2175,0.1025,0-3,2023,624.0
34.2225,0.1025,0-3,2016,800.0
34.2225,0.1025,0-3,2019,1328.0
34.2225,0.1025,0-3,2023,1424.0
34.2275,0.1025,0-3,2019,48.0
34.2275,0.1025,0-3,2023,48.0
34.2525,0.1025,0-3,2016,1152.0
34.2525,0.1025,0-3,2019,1280.0
34.2525,0.1025,0-3,2023,1600.0
34.2575,0.1025,4-6,2016,1488.0
34.2575,0.1025,4-6,2019,1984.0
34.2575,0.1025,4-6,2023,2000.0
34.2625,0.1025,4-6,2016,1872.0
34.2625,0.1025,4-6,2019,2208.0
34.2625,0.1025,4-6,2023,2272.0
34.2675,0.1025,13-,2016,1744.0
34.2675,0.1025,13-,2019,2192.0
34.2675,0.1025,13-,2023,2544.0
34.2725,0.1025,0-3,2016,1952.0
34.2725,0.1025,0-3,2019,2384.0
34.2725,0.1025,0-3,2023,2704.0
34.2775,0.1025,13-,2016,2288.0
34.2775,0.1025,13-,2019,2928.0
34.2775,0.1025,13-,2023,3872.0
34.2825,0.1025,4-6,2016,3408.0
34.2825,0.1025,4-6,2019,4256.0
34.2825,0.1025,4-6,2023,5632.0
34.2875,0.1025,0-3,2016,3552.0
34.2875,0.1025,0-3,2019,5232.0
34.2875,0.1025,0-3,2023,6608.0
34.2925,0.1025,0-3,2016,2048.0
34.2925,0.1025,0-3,2019,2880.0
34.2925,0.1025,0-3,2023,4064.0
34.2975,0.1025,0-3,2016,672.0
34.2975,0.1025,0-3,2019,1056.0
34.2975,0.1025,0-3,2023,1280.0
34.3025,0.1025,10-12,2016,1456.0
34.3025,0.1025,10-12,2019,1552.0
34.3025,0.1025,10-12,2023,2000.0
34.3075,0.1025,4-6,2016,3616.0
34.3075,0.1025,4-6,2019,4608.0
34.3075,0.1025,4-6,2023,5808.0
34.3125,0.1025,0-3,2016,5712.0
34.3125,0.1025,0-3,2019,6960.0
34.3125,0.1025,0-3,2023,7824.0
34.3175,0.1025,0-3,2016,4640.0
34.3175,0.1025,0-3,2019,5184.0
34.3175,0.1025,0-3,2023,6384.0
34.3225,0.1025,0-3,2016,2160.0
34.3225,0.1025,0-3,2019,2560.0
34.3225,0.1025,0-3,2023,2672.0
34.3275,0.1025,0-3,2016,496.0
34.3275,0.1025,0-3,2019,832.0
34.3275,0.1025,0-3,2023,944.0
34.3325,0.1025,0-3,2016,752.0
34.3325,0.1025,0-3,2019,608.0
34.3325,0.1025,0-3,2023,896.0
34.3425,0.1025,0-3,2016,2912.0
34.3425,0.1025,0-3,2019,3520.0
34.3425,0.1025,0-3,2023,3808.0
34.3475,0.1025,0-3,2016,1488.0
34.3475,0.1025,0-3,2019,1984.0
34.3475,0.1025,0-3,2023,2080.0
34.3525,0.1025,0-3,2016,1056.0
34.3525,0.1025,0-3,2019,1152.0
34.3525,0.1025,0-3,2023,1920.0
34.3575,0.1025,0-3,2016,896.0
34.3575,0.1025,0-3,2019,1488.0
34.3575,0.1025,0-3,2023,1808.0
34.3625,0.1025,0-3,2016,992.0
34.3625,0.1025,0-3,2019,1312.0
34.3625,0.1025,0-3,2023,1712.0
34.0725,0.1075,0-3,2016,2192.0
34.0725,0.1075,0-3,2019,3328.0
34.0725,0.1075,0-3,2023,3728.0
34.0775,0.1075,7-9,2016,1952.0
34.0775,0.1075,7-9,2019,3056.0
34.0775,0.1075,7-9,2023,3376.0
34.0825,0.1075,0-3,2016,448.0
34.0825,0.1075,0-3,2019,672.0
34.0825,0.1075,0-3,2023,512.0
34.0875,0.1075,13-,2016,2032.0
34.0875,0.1075,13-,2019,2768.0
34.0875,0.1075,13-,2023,3216.0
34.0925,0.1075,13-,2016,3904.0
34.0925,0.1075,13-,2019,4592.0
34.0925,0.1075,13-,2023,4624.0
34.0975,0.1075,4-6,2016,6464.0
34.0975,0.1075,4-6,2019,7424.0
34.0975,0.1075,4-6,2023,8272.0
34.1025,0.1075,13-,2016,6528.0
34.1025,0.1075,13-,2019,8544.0
34.1025,0.1075,13-,2023,9632.0
34.1075,0.1075,13-,2016,4784.0
34.1075,0.1075,13-,2019,7024.0
34.1075,0.1075,13-,2023,9744.0
34.1125,0.1075,0-3,2016,1312.0
34.1125,0.1075,0-3,2019,3008.0
34.1125,0.1075,0-3,2023,4624.0
34.1175,0.1075,7-9,2016,1392.0
34.1175,0.1075,7-9,2019,1728.0
34.1175,0.1075,7-9,2023,2288.0
34.1225,0.1075,0-3,2016,2512.0
34.1225,0.1075,0-3,2019,4000.0
34.1225,0.1075,0-3,2023,5008.0
34.1275,0.1075,7-9,2016,2944.0
34.1275,0.1075,7-9,2019,3328.0
34.1275,0.1075,7-9,2023,3600.0
34.1325,0.1075,4-6,2016,1728.0
34.1325,0.1075,4-6,2019,2064.0
34.1325,0.1075,4-6,2023,2256.0
34.1375,0.1075,4-6,2016,1344.0
34.1375,0.1075,4-6,2019,1648.0
34.1375,0.1075,4-6,2023,2096.0
34.1425,0.1075,7-9,2016,3296.0
34.1425,0.1075,7-9,2019,4928.0
34.1425,0.1075,7-9,2023,5776.0
34.1475,0.1075,0-3,2016,1872.0
34.1475,0.1075,0-3,2019,2576.0
34.1475,0.1075,0-3,2023,3056.0
34.1525,0.1075,0-3,2016,2064.0
34.1525,0.1075,0-3,2019,2976.0
34.1525,0.1075,0-3,2023,3856.0
34.1575,0.1075,0-3,2016,1728.0
34.1575,0.1075,0-3,2019,2496.0
34.1575,0.1075,0-3,2023,3392.0
34.1625,0.1075,0-3,2016,1904.0
34.1625,0.1075,0-3,2019,2400.0
34.1625,0.1075,0-3,2023,3920.0
34.1675,0.1075,7-9,2016,2080.0
34.1675,0.1075,7-9,2019,2944.0
34.1675,0.1075,7-9,2023,4176.0
34.1725,0.1075,4-6,2016,1296.0
34.1725,0.1075,4-6,2019,1888.0
34.1725,0.1075,4-6,2023,3504.0
34.1775,0.1075,0-3,2016,1488.0
34.1775,0.1075,0-3,2019,2080.0
34.1775,0.1075,0-3,2023,2272.0
34.1825,0.1075,0-3,2016,2176.0
34.1825,0.1075,0-3,2019,4048.0
34.1825,0.1075,0-3,2023,4976.0
34.1875,0.1075,4-6,2016,9760.0
34.1875,0.1075,4-6,2019,12784.0
34.1875,0.1075,4-6,2023,13776.0
34.1925,0.1075,7-9,2016,3376.0
34.1925,0.1075,7-9,2019,4256.0
34.1925,0.1075,7-9,2023,6048.0
34.1975,0.1075,0-3,2016,2640.0
34.1975,0.1075,0-3,2019,3920.0
34.1975,0.1075,0-3,2023,4768.0
34.2025,0.1075,0-3,2016,1200.0
34.2025,0.1075,0-3,2019,2320.0
34.2025,0.1075,0-3,2023,2880.0
34.2075,0.1075,7-9,2016,1920.0
34.2075,0.1075,7-9,2019,2256.0
34.2075,0.1075,7-9,2023,2816.0
34.2175,0.1075,0-3,2016,1648.0
34.2175,0.1075,0-3,2019,2272.0
34.2175,0.1075,0-3,2023,2432.0
34.2225,0.1075,0-3,2016,2192.0
34.2225,0.1075,0-3,2019,2528.0
34.2225,0.1075,0-3,2023,3120.0
34.2275,0.1075,4-6,2016,1360.0
34.2275,0.1075,4-6,2019,1760.0
34.2275,0.1075,4-6,2023,2128.0
34.2525,0.1075,0-3,2016,2144.0
34.2525,0.1075,0-3,2019,2416.0
34.2525,0.1075,0-3,2023,2784.0
34.2575,0.1075,10-12,2016,1664.0
34.2575,0.1075,10-12,2019,1936.0
34.2575,0.1075,10-12,2023,1824.0
34.2625,0.1075,0-3,2016,192.0
34.2625,0.1075,0-3,2019,528.0
34.2625,0.1075,0-3,2023,816.0
34.2675,0.1075,0-3,2016,960.0
34.2675,0.1075,0-3,2019,1248.0
34.2675,0.1075,0-3,2023,1792.0
34.2725,0.1075,0-3,2016,1888.0
34.2725,0.1075,0-3,2019,2352.0
34.2725,0.1075,0-3,2023,3040.0
34.2825,0.1075,0-3,2016,16096.0
34.2825,0.1075,0-3,2019,17280.0
34.2825,0.1075,0-3,2023,20000.0
34.2925,0.1075,0-3,2016,848.0
34.2925,0.1075,0-3,2019,1536.0
34.2925,0.1075,0-3,2023,1872.0
34.2975,0.1075,0-3,2016,464.0
34.2975,0.1075,0-3,2019,560.0
34.2975,0.1075,0-3,2023,864.0
34.3025,0.1075,10-12,2016,1408.0
34.3025,0.1075,10-12,2019,2080.0
34.3025,0.1075,10-12,2023,2640.0
34.3075,0.1075,10-12,2016,2016.0
34.3075,0.1075,10-12,2019,2912.0
34.3075,0.1075,10-12,2023,3536.0
34.3125,0.1075,0-3,2016,1456.0
34.3125,0.1075,0-3,2019,2016.0
34.3125,0.1075,0-3,2023,2752.0
34.3175,0.1075,4-6,2016,1312.0
34.3175,0.1075,4-6,2019,2016.0
34.3175,0.1075,4-6,2023,2336.0
34.3225,0.1075,0-3,2016,2256.0
34.3225,0.1075,0-3,2019,3408.0
34.3225,0.1075,0-3,2023,3456.0
34.3325,0.1075,0-3,2016,1008.0
34.3325,0.1075,0-3,2019,1408.0
34.3325,0.1075,0-3,2023,1648.0
34.3375,0.1075,0-3,2016,1552.0
34.3375,0.1075,0-3,2019,1696.0
34.3375,0.1075,0-3,2023,1968.0
34.3425,0.1075,0-3,2016,1136.0
34.3425,0.1075,0-3,2019,1408.0
34.3425,0.1075,0-3,2023,2304.0
34.3475,0.1075,0-3,2016,1472.0
34.3475,0.1075,0-3,2019,1952.0
34.3475,0.1075,0-3,2023,2064.0
34.3525,0.1075,0-3,2016,768.0
34.3525,0.1075,0-3,2019,880.0
34.3525,0.1075,0-3,2023,1264.0
34.3575,0.1075,0-3,2016,336.0
34.3575,0.1075,0-3,2019,528.0
34.3575,0.1075,0-3,2023,912.0
34.3625,0.1075,0-3,2016,272.0
34.3625,0.1075,0-3,2019,288.0
34.3625,0.1075,0-3,2023,400.0
34.0775,0.1125,0-3,2016,1712.0
34.0775,0.1125,0-3,2019,2032.0
34.0775,0.1125,0-3,2023,2432.0
34.0825,0.1125,13-,2016,2592.0
34.0825,0.1125,13-,2019,2944.0
34.0825,0.1125,13-,2023,2672.0
34.0875,0.1125,13-,2016,3184.0
34.0875,0.1125,13-,2019,3904.0
34.0875,0.1125,13-,2023,4448.0
34.0925,0.1125,13-,2016,5104.0
34.0925,0.1125,13-,2019,6880.0
34.0925,0.1125,13-,2023,6880.0
34.0975,0.1125,4-6,2016,3536.0
34.0975,0.1125,4-6,2019,3840.0
34.0975,0.1125,4-6,2023,4448.0
34.1025,0.1125,7-9,2016,10320.0
34.1025,0.1125,7-9,2019,11008.0
34.1025,0.1125,7-9,2023,11392.0
34.1075,0.1125,7-9,2016,4960.0
34.1075,0.1125,7-9,2019,7168.0
34.1075,0.1125,7-9,2023,8816.0
34.1125,0.1125,4-6,2016,2240.0
34.1125,0.1125,4-6,2019,3072.0
34.1125,0.1125,4-6,2023,3600.0
34.1175,0.1125,13-,2016,3296.0
34.1175,0.1125,13-,2019,4608.0
34.1175,0.1125,13-,2023,5296.0
34.1225,0.1125,10-12,2016,4000.0
34.1225,0.1125,10-12,2019,5616.0
34.1225,0.1125,10-12,2023,6672.0
34.1375,0.1125,7-9,2016,12592.0
34.1375,0.1125,7-9,2019,16416.0
34.1375,0.1125,7-9,2023,19104.0
34.1425,0.1125,0-3,2016,4832.0
34.1425,0.1125,0-3,2019,6240.0
34.1425,0.1125,0-3,2023,7280.0
34.1475,0.1125,0-3,2016,1696.0
34.1475,0.1125,0-3,2019,2672.0
34.1475,0.1125,0-3,2023,3568.0
34.1575,0.1125,0-3,2016,2192.0
34.1575,0.1125,0-3,2019,2928.0
34.1575,0.1125,0-3,2023,4096.0
34.1625,0.1125,0-3,2016,1792.0
34.1625,0.1125,0-3,2019,2464.0
34.1625,0.1125,0-3,2023,3120.0
34.1675,0.1125,0-3,2016,1600.0
34.1675,0.1125,0-3,2019,1616.0
34.1675,0.1125,0-3,2023,2064.0
34.1725,0.1125,0-3,2016,2240.0
34.1725,0.1125,0-3,2019,2816.0
34.1725,0.1125,0-3,2023,3952.0
34.1825,0.1125,7-9,2016,1808.0
34.1825,0.1125,7-9,2019,2272.0
34.1825,0.1125,7-9,2023,2864.0
34.1875,0.1125,0-3,2016,3184.0
34.1875,0.1125,0-3,2019,3728.0
34.1875,0.1125,0-3,2023,4592.0
34.1925,0.1125,7-9,2016,2352.0
34.1925,0.1125,7-9,2019,3152.0
34.1925,0.1125,7-9,2023,3728.0
34.1975,0.1125,4-6,2016,1280.0
34.1975,0.1125,4-6,2019,1680.0
34.1975,0.1125,4-6,2023,1984.0
34.2025,0.1125,0-3,2016,1312.0
34.2025,0.1125,0-3,2019,1728.0
34.2025,0.1125,0-3,2023,2224.0
34.2075,0.1125,13-,2016,1616.0
34.2075,0.1125,13-,2019,2048.0
34.2075,0.1125,13-,2023,2560.0
34.2125,0.1125,4-6,2016,2928.0
34.2125,0.1125,4-6,2019,3968.0
34.2125,0.1125,4-6,2023,4400.0
34.2225,0.1125,0-3,2016,2400.0
34.2225,0.1125,0-3,2019,2752.0
34.2225,0.1125,0-3,2023,4128.0
34.2275,0.1125,4-6,2016,2336.0
34.2275,0.1125,4-6,2019,2928.0
34.2275,0.1125,4-6,2023,3296.0
34.2325,0.1125,13-,2016,2736.0
34.2325,0.1125,13-,2019,3584.0
34.2325,0.1125,13-,2023,3904.0
34.2375,0.1125,0-3,2016,2784.0
34.2375,0.1125,0-3,2019,3728.0
34.2375,0.1125,0-3,2023,4208.0
34.2525,0.1125,4-6,2016,2384.0
34.2525,0.1125,4-6,2019,2752.0
34.2525,0.1125,4-6,2023,3440.0
34.2575,0.1125,10-12,2016,2272.0
34.2575,0.1125,10-12,2019,2944.0
34.2575,0.1125,10-12,2023,3904.0
34.2625,0.1125,0-3,2016,1936.0
34.2625,0.1125,0-3,2019,2512.0
34.2625,0.1125,0-3,2023,3056.0
34.2675,0.1125,0-3,2016,4592.0
34.2675,0.1125,0-3,2019,4800.0
34.2675,0.1125,0-3,2023,5168.0
34.2725,0.1125,0-3,2016,2160.0
34.2725,0.1125,0-3,2019,3280.0
34.2725,0.1125,0-3,2023,4192.0
34.2975,0.1125,0-3,2016,2016.0
34.2975,0.1125,0-3,2019,3232.0
34.2975,0.1125,0-3,2023,4352.0
34.3025,0.1125,7-9,2016,1584.0
34.3025,0.1125,7-9,2019,1968.0
34.3025,0.1125,7-9,2023,2240.0
34.3075,0.1125,0-3,2016,1088.0
34.3075,0.1125,0-3,2019,1424.0
34.3075,0.1125,0-3,2023,1360.0
34.3125,0.1125,0-3,2016,912.0
34.3125,0.1125,0-3,2019,992.0
34.3125,0.1125,0-3,2023,992.0
34.3325,0.1125,0-3,2016,3792.0
34.3325,0.1125,0-3,2019,4928.0
34.3325,0.1125,0-3,2023,6000.0
34.3375,0.1125,0-3,2016,2960.0
34.3375,0.1125,0-3,2019,3600.0
34.3375,0.1125,0-3,2023,4368.0
34.3425,0.1125,0-3,2016,672.0
34.3425,0.1125,0-3,2019,1008.0
34.3425,0.1125,0-3,2023,1200.0
34.3475,0.1125,0-3,2016,1552.0
34.3475,0.1125,0-3,2019,2208.0
34.3475,0.1125,0-3,2023,3104.0
34.3525,0.1125,0-3,2016,2592.0
34.3525,0.1125,0-3,2019,2912.0
34.3525,0.1125,0-3,2023,3632.0
34.3575,0.1125,0-3,2016,688.0
34.3575,0.1125,0-3,2019,880.0
34.3575,0.1125,0-3,2023,736.0
34.0775,0.1175,4-6,2016,512.0
34.0775,0.1175,4-6,2019,976.0
34.0775,0.1175,4-6,2023,784.0
34.0825,0.1175,0-3,2016,1440.0
34.0825,0.1175,0-3,2019,1872.0
34.0825,0.1175,0-3,2023,2160.0
34.0875,0.1175,7-9,2016,2960.0
34.0875,0.1175,7-9,2019,3664.0
34.0875,0.1175,7-9,2023,4480.0
34.0925,0.1175,4-6,2016,4496.0
34.0925,0.1175,4-6,2019,4384.0
34.0925,0.1175,4-6,2023,5456.0
34.0975,0.1175,13-,2016,4208.0
34.0975,0.1175,13-,2019,5520.0
34.0975,0.1175,13-,2023,4976.0
34.1025,0.1175,0-3,2016,1664.0
34.1025,0.1175,0-3,2019,1808.0
34.1025,0.1175,0-3,2023,2016.0
34.1125,0.1175,4-6,2016,784.0
34.1125,0.1175,4-6,2019,1296.0
34.1125,0.1175,4-6,2023,1152.0
34.1175,0.1175,0-3,2016,1360.0
34.1175,0.1175,0-3,2019,1808.0
34.1175,0.1175,0-3,2023,1664.0
34.1325,0.1175,4-6,2016,1552.0
34.1325,0.1175,4-6,2019,2400.0
34.1325,0.1175,4-6,2023,2432.0
34.1375,0.1175,13-,2016,2560.0
34.1375,0.1175,13-,2019,2976.0
34.1375,0.1175,13-,2023,4096.0
34.1425,0.1175,7-9,2016,1360.0
34.1425,0.1175,7-9,2019,1920.0
34.1425,0.1175,7-9,2023,2464.0
34.1475,0.1175,0-3,2016,5872.0
34.1475,0.1175,0-3,2019,7200.0
34.1475,0.1175,0-3,2023,8192.0
34.1525,0.1175,0-3,2016,4960.0
34.1525,0.1175,0-3,2019,5968.0
34.1525,0.1175,0-3,2023,9184.0
34.1575,0.1175,13-,2016,2464.0
34.1575,0.1175,13-,2019,2800.0
34.1575,0.1175,13-,2023,3312.0
34.1625,0.1175,4-6,2016,2464.0
34.1625,0.1175,4-6,2019,3152.0
34.1625,0.1175,4-6,2023,3648.0
34.1725,0.1175,4-6,2016,864.0
34.1725,0.1175,4-6,2019,1264.0
34.1725,0.1175,4-6,2023,1472.0
34.1775,0.1175,0-3,2016,2608.0
34.1775,0.1175,0-3,2019,2672.0
34.1775,0.1175,0-3,2023,3664.0
34.1875,0.1175,0-3,2016,992.0
34.1875,0.1175,0-3,2019,1280.0
34.1875,0.1175,0-3,2023,1920.0
34.1925,0.1175,0-3,2016,2384.0
34.1925,0.1175,0-3,2019,4048.0
34.1925,0.1175,0-3,2023,4960.0
34.1975,0.1175,13-,2016,2528.0
34.1975,0.1175,13-,2019,3488.0
34.1975,0.1175,13-,2023,4496.0
34.2025,0.1175,0-3,2016,1168.0
34.2025,0.1175,0-3,2019,1424.0
34.2025,0.1175,0-3,2023,1488.0
34.2075,0.1175,0-3,2016,768.0
34.2075,0.1175,0-3,2019,1504.0
34.2075,0.1175,0-3,2023,1616.0
34.2225,0.1175,0-3,2016,1120.0
34.2225,0.1175,0-3,2019,1760.0
34.2225,0.1175,0-3,2023,2080.0
34.2275,0.1175,0-3,2016,1968.0
34.2275,0.1175,0-3,2019,2128.0
34.2275,0.1175,0-3,2023,3680.0
34.2325,0.1175,13-,2016,3568.0
34.2325,0.1175,13-,2019,3920.0
34.2325,0.1175,13-,2023,5024.0
34.2375,0.1175,0-3,2016,2528.0
34.2375,0.1175,0-3,2019,5152.0
34.2375,0.1175,0-3,2023,6560.0
34.2425,0.1175,0-3,2016,2208.0
34.2425,0.1175,0-3,2019,2752.0
34.2425,0.1175,0-3,2023,3248.0
34.2525,0.1175,0-3,2016,992.0
34.2525,0.1175,0-3,2019,1344.0
34.2525,0.1175,0-3,2023,1600.0
34.2575,0.1175,0-3,2016,2976.0
34.2575,0.1175,0-3,2019,2880.0
34.2575,0.1175,0-3,2023,3392.0
34.2625,0.1175,0-3,2016,1952.0
34.2625,0.1175,0-3,2019,2192.0
34.2625,0.1175,0-3,2023,2672.0
34.2675,0.1175,0-3,2016,3648.0
34.2675,0.1175,0-3,2019,4160.0
34.2675,0.1175,0-3,2023,5232.0
34.2725,0.1175,0-3,2016,2880.0
34.2725,0.1175,0-3,2019,2768.0
34.2725,0.1175,0-3,2023,3488.0
34.2975,0.1175,0-3,2016,816.0
34.2975,0.1175,0-3,2019,1120.0
34.2975,0.1175,0-3,2023,2032.0
34.3325,0.1175,0-3,2016,5664.0
34.3325,0.1175,0-3,2019,7504.0
34.3325,0.1175,0-3,2023,7952.0
34.3375,0.1175,0-3,2016,1728.0
34.3375,0.1175,0-3,2019,2704.0
34.3375,0.1175,0-3,2023,3120.0
34.3425,0.1175,0-3,2016,2784.0
34.3425,0.1175,0-3,2019,2992.0
34.3425,0.1175,0-3,2023,4208.0
34.3475,0.1175,0-3,2016,2128.0
34.3475,0.1175,0-3,2019,2496.0
34.3475,0.1175,0-3,2023,2848.0
34.3525,0.1175,0-3,2016,2400.0
34.3525,0.1175,0-3,2019,2880.0
34.3525,0.1175,0-3,2023,4160.0
34.3575,0.1175,0-3,2016,1568.0
34.3575,0.1175,0-3,2019,2304.0
34.3575,0.1175,0-3,2023,2544.0
34.0875,0.1225,0-3,2016,608.0
34.0875,0.1225,0-3,2019,960.0
34.0875,0.1225,0-3,2023,928.0
34.0925,0.1225,7-9,2016,4144.0
34.0925,0.1225,7-9,2019,5328.0
34.0925,0.1225,7-9,2023,5840.0
34.0975,0.1225,7-9,2016,2752.0
34.0975,0.1225,7-9,2019,3472.0
34.0975,0.1225,7-9,2023,3920.0
34.1025,0.1225,0-3,2016,944.0
34.1025,0.1225,0-3,2019,1040.0
34.1025,0.1225,0-3,2023,1264.0
34.1075,0.1225,0-3,2016,2000.0
34.1075,0.1225,0-3,2019,2928.0
34.1075,0.1225,0-3,2023,3216.0
34.1125,0.1225,0-3,2016,464.0
34.1125,0.1225,0-3,2019,416.0
34.1125,0.1225,0-3,2023,560.0
34.1175,0.1225,0-3,2016,928.0
34.1175,0.1225,0-3,2019,1200.0
34.1175,0.1225,0-3,2023,1536.0
34.1325,0.1225,0-3,2016,848.0
34.1325,0.1225,0-3,2019,1424.0
34.1325,0.1225,0-3,2023,1888.0
34.1375,0.1225,4-6,2016,784.0
34.1375,0.1225,4-6,2019,1264.0
34.1375,0.1225,4-6,2023,1568.0
34.1475,0.1225,4-6,2016,1488.0
34.1475,0.1225,4-6,2019,2224.0
34.1475,0.1225,4-6,2023,2560.0
34.1525,0.1225,0-3,2016,1040.0
34.1525,0.1225,0-3,2019,1248.0
34.1525,0.1225,0-3,2023,1744.0
34.1575,0.1225,10-12,2016,6992.0
34.1575,0.1225,10-12,2019,8912.0
34.1575,0.1225,10-12,2023,10896.0
34.1625,0.1225,0-3,2016,5456.0
34.1625,0.1225,0-3,2019,7792.0
34.1625,0.1225,0-3,2023,10992.0
34.1825,0.1225,0-3,2016,1376.0
34.1825,0.1225,0-3,2019,1760.0
34.1825,0.1225,0-3,2023,1824.0
34.1875,0.1225,0-3,2016,1632.0
34.1875,0.1225,0-3,2019,2544.0
34.1875,0.1225,0-3,2023,3056.0
34.1925,0.1225,0-3,2016,1520.0
34.1925,0.1225,0-3,2019,2544.0
34.1925,0.1225,0-3,2023,3152.0
34.1975,0.1225,10-12,2016,3168.0
34.1975,0.1225,10-12,2019,3872.0
34.1975,0.1225,10-12,2023,5552.0
34.2275,0.1225,4-6,2016,4416.0
34.2275,0.1225,4-6,2019,4640.0
34.2275,0.1225,4-6,2023,6224.0
34.2325,0.1225,4-6,2016,1440.0
34.2325,0.1225,4-6,2019,2000.0
34.2325,0.1225,4-6,2023,2272.0
34.2375,0.1225,0-3,2016,2112.0
34.2375,0.1225,0-3,2019,2784.0
34.2375,0.1225,0-3,2023,4032.0
34.2425,0.1225,0-3,2016,2048.0
34.2425,0.1225,0-3,2019,2352.0
34.2425,0.1225,0-3,2023,2864.0
34.2575,0.1225,0-3,2016,1296.0
34.2575,0.1225,0-3,2019,1920.0
34.2575,0.1225,0-3,2023,2416.0
34.2625,0.1225,0-3,2016,1776.0
34.2625,0.1225,0-3,2019,2560.0
34.2625,0.1225,0-3,2023,3952.0
34.2825,0.1225,7-9,2016,1600.0
34.2825,0.1225,7-9,2019,1904.0
34.2825,0.1225,7-9,2023,2688.0
34.2875,0.1225,0-3,2016,1600.0
34.2875,0.1225,0-3,2019,2224.0
34.2875,0.1225,0-3,2023,2528.0
34.3075,0.1225,0-3,2016,4000.0
34.3075,0.1225,0-3,2019,4848.0
34.3075,0.1225,0-3,2023,5312.0
34.3125,0.1225,0-3,2016,3328.0
34.3125,0.1225,0-3,2019,4672.0
34.3125,0.1225,0-3,2023,6752.0
34.3325,0.1225,0-3,2016,2816.0
34.3325,0.1225,0-3,2019,4320.0
34.3325,0.1225,0-3,2023,4816.0
34.3375,0.1225,0-3,2016,4224.0
34.3375,0.1225,0-3,2019,5440.0
34.3375,0.1225,0-3,2023,5568.0
34.3425,0.1225,4-6,2016,1104.0
34.3425,0.1225,4-6,2019,1584.0
34.3425,0.1225,4-6,2023,1920.0
34.3475,0.1225,10-12,2016,1312.0
34.3475,0.1225,10-12,2019,1328.0
34.3475,0.1225,10-12,2023,1296.0
34.3525,0.1225,0-3,2016,1776.0
34.3525,0.1225,0-3,2019,1984.0
34.3525,0.1225,0-3,2023,2096.0
34.3575,0.1225,0-3,2016,1776.0
34.3575,0.1225,0-3,2019,2000.0
34.3575,0.1225,0-3,2023,3376.0
34.0925,0.1275,0-3,2016,10784.0
34.0925,0.1275,0-3,2019,14080.0
34.0925,0.1275,0-3,2023,15856.0
34.0975,0.1275,0-3,2016,3424.0
34.0975,0.1275,0-3,2019,3920.0
34.0975,0.1275,0-3,2023,4880.0
34.1025,0.1275,0-3,2016,1008.0
34.1025,0.1275,0-3,2019,1200.0
34.1025,0.1275,0-3,2023,1472.0
34.1125,0.1275,13-,2016,2992.0
34.1125,0.1275,13-,2019,3776.0
34.1125,0.1275,13-,2023,4240.0
34.1175,0.1275,13-,2016,1808.0
34.1175,0.1275,13-,2019,1696.0
34.1175,0.1275,13-,2023,2048.0
34.1375,0.1275,4-6,2016,896.0
34.1375,0.1275,4-6,2019,976.0
34.1375,0.1275,4-6,2023,1424.0
34.1425,0.1275,13-,2016,2256.0
34.1425,0.1275,13-,2019,3056.0
34.1425,0.1275,13-,2023,3888.0
34.1475,0.1275,0-3,2016,672.0
34.1475,0.1275,0-3,2019,1088.0
34.1475,0.1275,0-3,2023,2016.0
34.1525,0.1275,0-3,2016,864.0
34.1525,0.1275,0-3,2019,1440.0
34.1525,0.1275,0-3,2023,2896.0
34.1575,0.1275,0-3,2016,1728.0
34.1575,0.1275,0-3,2019,2512.0
34.1575,0.1275,0-3,2023,3616.0
34.1925,0.1275,4-6,2016,384.0
34.1925,0.1275,4-6,2019,640.0
34.1925,0.1275,4-6,2023,592.0
34.1975,0.1275,4-6,2016,800.0
34.1975,0.1275,4-6,2019,1152.0
34.1975,0.1275,4-6,2023,1536.0
34.2025,0.1275,0-3,2016,2336.0
34.2025,0.1275,0-3,2019,3360.0
34.2025,0.1275,0-3,2023,4000.0
34.2225,0.1275,0-3,2016,2576.0
34.2225,0.1275,0-3,2019,2768.0
34.2225,0.1275,0-3,2023,3920.0
34.2275,0.1275,10-12,2016,2560.0
34.2275,0.1275,10-12,2019,2608.0
34.2275,0.1275,10-12,2023,5056.0
34.2325,0.1275,4-6,2016,2160.0
34.2325,0.1275,4-6,2019,2928.0
34.2325,0.1275,4-6,2023,3296.0
34.2375,0.1275,0-3,2016,1344.0
34.2375,0.1275,0-3,2019,1344.0
34.2375,0.1275,0-3,2023,2016.0
34.2425,0.1275,0-3,2016,1584.0
34.2425,0.1275,0-3,2019,1680.0
34.2425,0.1275,0-3,2023,2352.0
34.2525,0.1275,0-3,2016,1648.0
34.2525,0.1275,0-3,2019,1664.0
34.2525,0.1275,0-3,2023,2000.0
34.2575,0.1275,0-3,2016,816.0
34.2575,0.1275,0-3,2019,1200.0
34.2575,0.1275,0-3,2023,2064.0
34.2625,0.1275,4-6,2016,1248.0
34.2625,0.1275,4-6,2019,1856.0
34.2625,0.1275,4-6,2023,2544.0
34.2675,0.1275,0-3,2016,2768.0
34.2675,0.1275,0-3,2019,2928.0
34.2675,0.1275,0-3,2023,3408.0
34.2825,0.1275,10-12,2016,3072.0
34.2825,0.1275,10-12,2019,3904.0
34.2825,0.1275,10-12,2023,4880.0
34.2875,0.1275,10-12,2016,1472.0
34.2875,0.1275,10-12,2019,1792.0
34.2875,0.1275,10-12,2023,2784.0
34.3025,0.1275,7-9,2016,1824.0
34.3025,0.1275,7-9,2019,2336.0
34.3025,0.1275,7-9,2023,2608.0
34.3075,0.1275,7-9,2016,4176.0
34.3075,0.1275,7-9,2019,4896.0
34.3075,0.1275,7-9,2023,6176.0
34.3125,0.1275,4-6,2016,3424.0
34.3125,0.1275,4-6,2019,4048.0
34.3125,0.1275,4-6,2023,4368.0
34.3325,0.1275,0-3,2016,3872.0
34.3325,0.1275,0-3,2019,4800.0
34.3325,0.1275,0-3,2023,5616.0
34.3475,0.1275,10-12,2016,2688.0
34.3475,0.1275,10-12,2019,3328.0
34.3475,0.1275,10-12,2023,3808.0
34.3525,0.1275,7-9,2016,1600.0
34.3525,0.1275,7-9,2019,2016.0
34.3525,0.1275,7-9,2023,1680.0
34.3575,0.1275,0-3,2016,640.0
34.3575,0.1275,0-3,2019,1264.0
34.3575,0.1275,0-3,2023,1488.0
34.0975,0.1325,0-3,2016,3024.0
34.0975,0.1325,0-3,2019,4096.0
34.0975,0.1325,0-3,2023,4192.0
34.1125,0.1325,10-12,2016,1120.0
34.1125,0.1325,10-12,2019,1376.0
34.1125,0.1325,10-12,2023,1152.0
34.1175,0.1325,13-,2016,1904.0
34.1175,0.1325,13-,2019,2944.0
34.1175,0.1325,13-,2023,3808.0
34.1325,0.1325,0-3,2016,432.0
34.1325,0.1325,0-3,2019,336.0
34.1325,0.1325,0-3,2023,576.0
34.1375,0.1325,0-3,2016,320.0
34.1375,0.1325,0-3,2019,416.0
34.1375,0.1325,0-3,2023,304.0
34.1425,0.1325,13-,2016,4528.0
34.1425,0.1325,13-,2019,5600.0
34.1425,0.1325,13-,2023,6112.0
34.1475,0.1325,0-3,2016,1840.0
34.1475,0.1325,0-3,2019,2448.0
34.1475,0.1325,0-3,2023,2704.0
34.1525,0.1325,0-3,2016,1408.0
34.1525,0.1325,0-3,2019,2112.0
34.1525,0.1325,0-3,2023,2544.0
34.1575,0.1325,0-3,2016,1376.0
34.1575,0.1325,0-3,2019,2288.0
34.1575,0.1325,0-3,2023,2624.0
34.1825,0.1325,0-3,2016,1984.0
34.1825,0.1325,0-3,2019,2784.0
34.1825,0.1325,0-3,2023,3920.0
34.1925,0.1325,0-3,2016,1904.0
34.1925,0.1325,0-3,2019,2240.0
34.1925,0.1325,0-3,2023,2544.0
34.1975,0.1325,7-9,2016,2816.0
34.1975,0.1325,7-9,2019,3760.0
34.1975,0.1325,7-9,2023,4320.0
34.2025,0.1325,7-9,2016,1792.0
34.2025,0.1325,7-9,2019,2384.0
34.2025,0.1325,7-9,2023,2992.0
34.2175,0.1325,7-9,2016,1808.0
34.2175,0.1325,7-9,2019,2256.0
34.2175,0.1325,7-9,2023,2528.0
34.2225,0.1325,0-3,2016,1472.0
34.2225,0.1325,0-3,2019,2448.0
34.2225,0.1325,0-3,2023,2336.0
34.2275,0.1325,10-12,2016,2816.0
34.2275,0.1325,10-12,2019,4560.0
34.2275,0.1325,10-12,2023,4912.0
34.2325,0.1325,4-6,2016,1680.0
34.2325,0.1325,4-6,2019,1936.0
34.2325,0.1325,4-6,2023,2432.0
34.2375,0.1325,0-3,2016,1280.0
34.2375,0.1325,0-3,2019,1376.0
34.2375,0.1325,0-3,2023,1424.0
34.2475,0.1325,0-3,2016,2288.0
34.2475,0.1325,0-3,2019,3584.0
34.2475,0.1325,0-3,2023,4608.0
34.2525,0.1325,0-3,2016,1216.0
34.2525,0.1325,0-3,2019,1392.0
34.2525,0.1325,0-3,2023,1744.0
34.2575,0.1325,7-9,2016,3424.0
34.2575,0.1325,7-9,2019,4240.0
34.2575,0.1325,7-9,2023,4656.0
34.2625,0.1325,13-,2016,1312.0
34.2625,0.1325,13-,2019,1808.0
34.2625,0.1325,13-,2023,2016.0
34.2675,0.1325,4-6,2016,2544.0
34.2675,0.1325,4-6,2019,3280.0
34.2675,0.1325,4-6,2023,4880.0
34.2725,0.1325,0-3,2016,4016.0
34.2725,0.1325,0-3,2019,4768.0
34.2725,0.1325,0-3,2023,5120.0
34.2775,0.1325,0-3,2016,1408.0
34.2775,0.1325,0-3,2019,1728.0
34.2775,0.1325,0-3,2023,2128.0
34.2825,0.1325,7-9,2016,2400.0
34.2825,0.1325,7-9,2019,2560.0
34.2825,0.1325,7-9,2023,3184.0
34.2875,0.1325,4-6,2016,752.0
34.2875,0.1325,4-6,2019,896.0
34.2875,0.1325,4-6,2023,960.0
34.3025,0.1325,0-3,2016,2224.0
34.3025,0.1325,0-3,2019,3088.0
34.3025,0.1325,0-3,2023,3584.0
34.3075,0.1325,0-3,2016,2624.0
34.3075,0.1325,0-3,2019,3296.0
34.3075,0.1325,0-3,2023,3952.0
34.3125,0.1325,0-3,2016,2928.0
34.3125,0.1325,0-3,2019,4128.0
34.3125,0.1325,0-3,2023,4800.0
34.3275,0.1325,0-3,2016,2240.0
34.3275,0.1325,0-3,2019,2944.0
34.3275,0.1325,0-3,2023,3312.0
34.3325,0.1325,0-3,2016,4512.0
34.3325,0.1325,0-3,2019,6128.0
34.3325,0.1325,0-3,2023,6912.0
34.3475,0.1325,7-9,2016,2992.0
34.3475,0.1325,7-9,2019,3344.0
34.3475,0.1325,7-9,2023,3680.0
34.3525,0.1325,0-3,2016,1280.0
34.3525,0.1325,0-3,2019,1808.0
34.3525,0.1325,0-3,2023,2704.0
34.1125,0.1375,0-3,2016,368.0
34.1125,0.1375,0-3,2019,560.0
34.1125,0.1375,0-3,2023,592.0
34.1175,0.1375,10-12,2016,2224.0
34.1175,0.1375,10-12,2019,2624.0
34.1175,0.1375,10-12,2023,3184.0
34.1225,0.1375,0-3,2016,2112.0
34.1225,0.1375,0-3,2019,2560.0
34.1225,0.1375,0-3,2023,2512.0
34.1375,0.1375,0-3,2016,512.0
34.1375,0.1375,0-3,2019,544.0
34.1375,0.1375,0-3,2023,608.0
34.1425,0.1375,7-9,2016,2080.0
34.1425,0.1375,7-9,2019,2544.0
34.1425,0.1375,7-9,2023,2608.0
34.1475,0.1375,13-,2016,2576.0
34.1475,0.1375,13-,2019,3328.0
34.1475,0.1375,13-,2023,3488.0
34.1525,0.1375,10-12,2016,2384.0
34.1525,0.1375,10-12,2019,2976.0
34.1525,0.1375,10-12,2023,2944.0
34.1625,0.1375,0-3,2016,512.0
34.1625,0.1375,0-3,2019,848.0
34.1625,0.1375,0-3,2023,1216.0
34.1675,0.1375,0-3,2016,1440.0
34.1675,0.1375,0-3,2019,2256.0
34.1675,0.1375,0-3,2023,2880.0
34.1725,0.1375,4-6,2016,2000.0
34.1725,0.1375,4-6,2019,2128.0
34.1725,0.1375,4-6,2023,2272.0
34.1775,0.1375,0-3,2016,1200.0
34.1775,0.1375,0-3,2019,1744.0
34.1775,0.1375,0-3,2023,1968.0
34.1825,0.1375,0-3,2016,1664.0
34.1825,0.1375,0-3,2019,2368.0
34.1825,0.1375,0-3,2023,2704.0
34.1975,0.1375,4-6,2016,2624.0
34.1975,0.1375,4-6,2019,3264.0
34.1975,0.1375,4-6,2023,4208.0
34.2025,0.1375,13-,2016,2976.0
34.2025,0.1375,13-,2019,3680.0
34.2025,0.1375,13-,2023,4224.0
34.2075,0.1375,0-3,2016,1168.0
34.2075,0.1375,0-3,2019,1824.0
34.2075,0.1375,0-3,2023,2176.0
34.2175,0.1375,4-6,2016,1840.0
34.2175,0.1375,4-6,2019,1936.0
34.2175,0.1375,4-6,2023,2592.0
34.2225,0.1375,10-12,2016,1216.0
34.2225,0.1375,10-12,2019,1424.0
34.2225,0.1375,10-12,2023,1792.0
34.2275,0.1375,0-3,2016,1120.0
34.2275,0.1375,0-3,2019,1936.0
34.2275,0.1375,0-3,2023,2480.0
34.2325,0.1375,0-3,2016,2384.0
34.2325,0.1375,0-3,2019,3088.0
34.2325,0.1375,0-3,2023,4192.0
34.2375,0.1375,0-3,2016,2016.0
34.2375,0.1375,0-3,2019,3088.0
34.2375,0.1375,0-3,2023,3616.0
34.2425,0.1375,0-3,2016,1424.0
34.2425,0.1375,0-3,2019,1712.0
34.2425,0.1375,0-3,2023,2496.0
34.2475,0.1375,0-3,2016,2432.0
34.2475,0.1375,0-3,2019,3264.0
34.2475,0.1375,0-3,2023,4672.0
34.2525,0.1375,0-3,2016,1904.0
34.2525,0.1375,0-3,2019,2512.0
34.2525,0.1375,0-3,2023,3360.0
34.2575,0.1375,0-3,2016,4928.0
34.2575,0.1375,0-3,2019,5856.0
34.2575,0.1375,0-3,2023,6272.0
34.2675,0.1375,0-3,2016,2480.0
34.2675,0.1375,0-3,2019,2768.0
34.2675,0.1375,0-3,2023,3024.0
34.2725,0.1375,4-6,2016,2912.0
34.2725,0.1375,4-6,2019,3600.0
34.2725,0.1375,4-6,2023,3840.0
34.2775,0.1375,0-3,2016,6384.0
34.2775,0.1375,0-3,2019,6896.0
34.2775,0.1375,0-3,2023,6416.0
34.2825,0.1375,0-3,2016,496.0
34.2825,0.1375,0-3,2019,512.0
34.2825,0.1375,0-3,2023,496.0
34.2875,0.1375,4-6,2016,1312.0
34.2875,0.1375,4-6,2019,1808.0
34.2875,0.1375,4-6,2023,2592.0
34.2925,0.1375,4-6,2016,1936.0
34.2925,0.1375,4-6,2019,2032.0
34.2925,0.1375,4-6,2023,2080.0
34.2975,0.1375,0-3,2016,2320.0
34.2975,0.1375,0-3,2019,2592.0
34.2975,0.1375,0-3,2023,2896.0
34.3025,0.1375,0-3,2016,1856.0
34.3025,0.1375,0-3,2019,2272.0
34.3025,0.1375,0-3,2023,2432.0
34.3075,0.1375,0-3,2016,2080.0
34.3075,0.1375,0-3,2019,3344.0
34.3075,0.1375,0-3,2023,4032.0
34.3275,0.1375,0-3,2016,1648.0
34.3275,0.1375,0-3,2019,2400.0
34.3275,0.1375,0-3,2023,3184.0
34.3325,0.1375,0-3,2016,4000.0
34.3325,0.1375,0-3,2019,5152.0
34.3325,0.1375,0-3,2023,6480.0
34.3475,0.1375,4-6,2016,1344.0
34.3475,0.1375,4-6,2019,1552.0
34.3475,0.1375,4-6,2023,2288.0
34.3525,0.1375,4-6,2016,880.0
34.3525,0.1375,4-6,2019,1120.0
34.3525,0.1375,4-6,2023,1216.0
34.4125,0.1375,0-3,2016,1936.0
34.4125,0.1375,0-3,2019,2032.0
34.4125,0.1375,0-3,2023,2160.0
34.4175,0.1375,0-3,2016,1376.0
34.4175,0.1375,0-3,2019,2656.0
34.4175,0.1375,0-3,2023,2704.0
34.1125,0.1425,4-6,2016,416.0
34.1125,0.1425,4-6,2019,640.0
34.1125,0.1425,4-6,2023,560.0
34.1175,0.1425,10-12,2016,3472.0
34.1175,0.1425,10-12,2019,4432.0
34.1175,0.1425,10-12,2023,4544.0
34.1225,0.1425,0-3,2016,3568.0
34.1225,0.1425,0-3,2019,4208.0
34.1225,0.1425,0-3,2023,4320.0
34.1275,0.1425,0-3,2016,832.0
34.1275,0.1425,0-3,2019,1536.0
34.1275,0.1425,0-3,2023,2000.0
34.1375,0.1425,0-3,2016,832.0
34.1375,0.1425,0-3,2019,1040.0
34.1375,0.1425,0-3,2023,1216.0
34.1425,0.1425,0-3,2016,656.0
34.1425,0.1425,0-3,2019,848.0
34.1425,0.1425,0-3,2023,976.0
34.1475,0.1425,0-3,2016,368.0
34.1475,0.1425,0-3,2019,464.0
34.1475,0.1425,0-3,2023,288.0
34.1525,0.1425,10-12,2016,1808.0
34.1525,0.1425,10-12,2019,2160.0
34.1525,0.1425,10-12,2023,2464.0
34.1575,0.1425,0-3,2016,1072.0
34.1575,0.1425,0-3,2019,1216.0
34.1575,0.1425,0-3,2023,1024.0
34.1625,0.1425,0-3,2016,2144.0
34.1625,0.1425,0-3,2019,2592.0
34.1625,0.1425,0-3,2023,3584.0
34.1675,0.1425,0-3,2016,3216.0
34.1675,0.1425,0-3,2019,4000.0
34.1675,0.1425,0-3,2023,5280.0
34.1725,0.1425,10-12,2016,3280.0
34.1725,0.1425,10-12,2019,4288.0
34.1725,0.1425,10-12,2023,4864.0
34.1775,0.1425,0-3,2016,3840.0
34.1775,0.1425,0-3,2019,5024.0
34.1775,0.1425,0-3,2023,5728.0
34.1825,0.1425,0-3,2016,3104.0
34.1825,0.1425,0-3,2019,3760.0
34.1825,0.1425,0-3,2023,5216.0
34.1925,0.1425,0-3,2016,11600.0
34.1925,0.1425,0-3,2019,14336.0
34.1925,0.1425,0-3,2023,17088.0
34.1975,0.1425,0-3,2016,1936.0
34.1975,0.1425,0-3,2019,3120.0
34.1975,0.1425,0-3,2023,4944.0
34.2025,0.1425,13-,2016,2080.0
34.2025,0.1425,13-,2019,2560.0
34.2025,0.1425,13-,2023,3184.0
34.2175,0.1425,4-6,2016,608.0
34.2175,0.1425,4-6,2019,528.0
34.2175,0.1425,4-6,2023,896.0
34.2225,0.1425,7-9,2016,2512.0
34.2225,0.1425,7-9,2019,2464.0
34.2225,0.1425,7-9,2023,3664.0
34.2275,0.1425,0-3,2016,1856.0
34.2275,0.1425,0-3,2019,1792.0
34.2275,0.1425,0-3,2023,2768.0
34.2325,0.1425,0-3,2016,656.0
34.2325,0.1425,0-3,2019,768.0
34.2325,0.1425,0-3,2023,1136.0
34.2475,0.1425,0-3,2016,1472.0
34.2475,0.1425,0-3,2019,1888.0
34.2475,0.1425,0-3,2023,2656.0
34.2525,0.1425,13-,2016,2352.0
34.2525,0.1425,13-,2019,3056.0
34.2525,0.1425,13-,2023,3664.0
34.2575,0.1425,4-6,2016,2512.0
34.2575,0.1425,4-6,2019,2976.0
34.2575,0.1425,4-6,2023,3440.0
34.2625,0.1425,0-3,2016,704.0
34.2625,0.1425,0-3,2019,928.0
34.2625,0.1425,0-3,2023,1200.0
34.2675,0.1425,7-9,2016,2160.0
34.2675,0.1425,7-9,2019,3376.0
34.2675,0.1425,7-9,2023,3424.0
34.2725,0.1425,7-9,2016,2368.0
34.2725,0.1425,7-9,2019,2816.0
34.2725,0.1425,7-9,2023,3456.0
34.2775,0.1425,13-,2016,1728.0
34.2775,0.1425,13-,2019,1856.0
34.2775,0.1425,13-,2023,2448.0
34.2825,0.1425,0-3,2016,2624.0
34.2825,0.1425,0-3,2019,3104.0
34.2825,0.1425,0-3,2023,3584.0
34.2875,0.1425,4-6,2016,3920.0
34.2875,0.1425,4-6,2019,5584.0
34.2875,0.1425,4-6,2023,7488.0
34.2925,0.1425,7-9,2016,4032.0
34.2925,0.1425,7-9,2019,4432.0
34.2925,0.1425,7-9,2023,5184.0
34.2975,0.1425,0-3,2016,6224.0
34.2975,0.1425,0-3,2019,8032.0
34.2975,0.1425,0-3,2023,9776.0
34.3025,0.1425,0-3,2016,1440.0
34.3025,0.1425,0-3,2019,1520.0
34.3025,0.1425,0-3,2023,1904.0
34.3075,0.1425,0-3,2016,4352.0
34.3075,0.1425,0-3,2019,5456.0
34.3075,0.1425,0-3,2023,5920.0
34.3225,0.1425,0-3,2016,1392.0
34.3225,0.1425,0-3,2019,1664.0
34.3225,0.1425,0-3,2023,2192.0
34.3425,0.1425,0-3,2016,1088.0
34.3425,0.1425,0-3,2019,976.0
34.3425,0.1425,0-3,2023,1328.0
34.3475,0.1425,0-3,2016,2432.0
34.3475,0.1425,0-3,2019,3504.0
34.3475,0.1425,0-3,2023,4224.0
34.3525,0.1425,7-9,2016,4016.0
34.3525,0.1425,7-9,2019,4736.0
34.3525,0.1425,7-9,2023,5136.0
34.3575,0.1425,4-6,2016,3696.0
34.3575,0.1425,4-6,2019,4400.0
34.3575,0.1425,4-6,2023,4944.0
34.3625,0.1425,4-6,2016,2704.0
34.3625,0.1425,4-6,2019,3200.0
34.3625,0.1425,4-6,2023,3456.0
34.3675,0.1425,0-3,2016,896.0
34.3675,0.1425,0-3,2019,1008.0
34.3675,0.1425,0-3,2023,1392.0
34.4025,0.1425,0-3,2016,4224.0
34.4025,0.1425,0-3,2019,4448.0
34.4025,0.1425,0-3,2023,5296.0
34.4075,0.1425,0-3,2016,2960.0
34.4075,0.1425,0-3,2019,3552.0
34.4075,0.1425,0-3,2023,4304.0
34.4125,0.1425,10-12,2016,1744.0
34.4125,0.1425,10-12,2019,2304.0
34.4125,0.1425,10-12,2023,2832.0
34.4175,0.1425,4-6,2016,1328.0
34.4175,0.1425,4-6,2019,1696.0
34.4175,0.1425,4-6,2023,1728.0
34.1175,0.1475,0-3,2016,4384.0
34.1175,0.1475,0-3,2019,4208.0
34.1175,0.1475,0-3,2023,5568.0
34.1225,0.1475,7-9,2016,2416.0
34.1225,0.1475,7-9,2019,2832.0
34.1225,0.1475,7-9,2023,3904.0
34.1275,0.1475,13-,2016,2368.0
34.1275,0.1475,13-,2019,2864.0
34.1275,0.1475,13-,2023,3504.0
34.1325,0.1475,10-12,2016,1696.0
34.1325,0.1475,10-12,2019,2240.0
34.1325,0.1475,10-12,2023,3184.0
34.1425,0.1475,0-3,2016,1040.0
34.1425,0.1475,0-3,2019,1440.0
34.1425,0.1475,0-3,2023,1920.0
34.1475,0.1475,13-,2016,2672.0
34.1475,0.1475,13-,2019,3072.0
34.1475,0.1475,13-,2023,3200.0
34.1525,0.1475,13-,2016,1168.0
34.1525,0.1475,13-,2019,1504.0
34.1525,0.1475,13-,2023,1392.0
34.1575,0.1475,0-3,2016,1184.0
34.1575,0.1475,0-3,2019,1488.0
34.1575,0.1475,0-3,2023,1648.0
34.1625,0.1475,0-3,2016,1424.0
34.1625,0.1475,0-3,2019,1664.0
34.1625,0.1475,0-3,2023,2336.0
34.1675,0.1475,0-3,2016,3648.0
34.1675,0.1475,0-3,2019,4736.0
34.1675,0.1475,0-3,2023,6000.0
34.1725,0.1475,0-3,2016,3616.0
34.1725,0.1475,0-3,2019,5168.0
34.1725,0.1475,0-3,2023,6672.0
34.1775,0.1475,0-3,2016,2432.0
34.1775,0.1475,0-3,2019,2848.0
34.1775,0.1475,0-3,2023,4448.0
34.1825,0.1475,0-3,2016,1728.0
34.1825,0.1475,0-3,2019,2000.0
34.1825,0.1475,0-3,2023,3120.0
34.1875,0.1475,0-3,2016,3200.0
34.1875,0.1475,0-3,2019,3712.0
34.1875,0.1475,0-3,2023,4496.0
34.1925,0.1475,0-3,2016,2224.0
34.1925,0.1475,0-3,2019,3440.0
34.1925,0.1475,0-3,2023,4368.0
34.1975,0.1475,0-3,2016,2608.0
34.1975,0.1475,0-3,2019,2768.0
34.1975,0.1475,0-3,2023,3968.0
34.2025,0.1475,0-3,2016,2608.0
34.2025,0.1475,0-3,2019,3680.0
34.2025,0.1475,0-3,2023,4688.0
34.2075,0.1475,0-3,2016,1824.0
34.2075,0.1475,0-3,2019,2352.0
34.2075,0.1475,0-3,2023,2528.0
34.2125,0.1475,0-3,2016,2576.0
34.2125,0.1475,0-3,2019,3136.0
34.2125,0.1475,0-3,2023,3584.0
34.2175,0.1475,0-3,2016,2224.0
34.2175,0.1475,0-3,2019,2384.0
34.2175,0.1475,0-3,2023,3360.0
34.2225,0.1475,0-3,2016,2160.0
34.2225,0.1475,0-3,2019,2464.0
34.2225,0.1475,0-3,2023,3024.0
34.2275,0.1475,0-3,2016,928.0
34.2275,0.1475,0-3,2019,1168.0
34.2275,0.1475,0-3,2023,1136.0
34.2425,0.1475,0-3,2016,3776.0
34.2425,0.1475,0-3,2019,4816.0
34.2425,0.1475,0-3,2023,5312.0
34.2475,0.1475,0-3,2016,720.0
34.2475,0.1475,0-3,2019,1408.0
34.2475,0.1475,0-3,2023,2032.0
34.2525,0.1475,4-6,2016,1264.0
34.2525,0.1475,4-6,2019,1152.0
34.2525,0.1475,4-6,2023,1808.0
34.2575,0.1475,4-6,2016,896.0
34.2575,0.1475,4-6,2019,1040.0
34.2575,0.1475,4-6,2023,1744.0
34.2725,0.1475,0-3,2016,352.0
34.2725,0.1475,0-3,2019,224.0
34.2725,0.1475,0-3,2023,528.0
34.2775,0.1475,0-3,2016,384.0
34.2775,0.1475,0-3,2019,512.0
34.2775,0.1475,0-3,2023,464.0
34.2925,0.1475,10-12,2016,1600.0
34.2925,0.1475,10-12,2019,1936.0
34.2925,0.1475,10-12,2023,2112.0
34.2975,0.1475,4-6,2016,3424.0
34.2975,0.1475,4-6,2019,3888.0
34.2975,0.1475,4-6,2023,4208.0
34.3025,0.1475,0-3,2016,2432.0
34.3025,0.1475,0-3,2019,2720.0
34.3025,0.1475,0-3,2023,3120.0
34.3075,0.1475,0-3,2016,2032.0
34.3075,0.1475,0-3,2019,2144.0
34.3075,0.1475,0-3,2023,2496.0
34.3125,0.1475,0-3,2016,576.0
34.3125,0.1475,0-3,2019,848.0
34.3125,0.1475,0-3,2023,864.0
34.3175,0.1475,0-3,2016,368.0
34.3175,0.1475,0-3,2019,704.0
34.3175,0.1475,0-3,2023,864.0
34.3225,0.1475,4-6,2016,3696.0
34.3225,0.1475,4-6,2019,4144.0
34.3225,0.1475,4-6,2023,5008.0
34.3275,0.1475,10-12,2016,3856.0
34.3275,0.1475,10-12,2019,4688.0
34.3275,0.1475,10-12,2023,6192.0
34.3325,0.1475,7-9,2016,2528.0
34.3325,0.1475,7-9,2019,3072.0
34.3325,0.1475,7-9,2023,3840.0
34.3375,0.1475,0-3,2016,3216.0
34.3375,0.1475,0-3,2019,4064.0
34.3375,0.1475,0-3,2023,5712.0
34.3425,0.1475,13-,2016,1936.0
34.3425,0.1475,13-,2019,2896.0
34.3425,0.1475,13-,2023,4096.0
34.3475,0.1475,0-3,2016,2096.0
34.3475,0.1475,0-3,2019,2128.0
34.3475,0.1475,0-3,2023,2832.0
34.3525,0.1475,0-3,2016,4096.0
34.3525,0.1475,0-3,2019,4752.0
34.3525,0.1475,0-3,2023,5568.0
34.3575,0.1475,0-3,2016,4672.0
34.3575,0.1475,0-3,2019,5072.0
34.3575,0.1475,0-3,2023,5488.0
34.3625,0.1475,13-,2016,3488.0
34.3625,0.1475,13-,2019,4224.0
34.3625,0.1475,13-,2023,4864.0
34.3675,0.1475,0-3,2016,1472.0
34.3675,0.1475,0-3,2019,1920.0
34.3675,0.1475,0-3,2023,2336.0
34.3725,0.1475,0-3,2016,2112.0
34.3725,0.1475,0-3,2019,2880.0
34.3725,0.1475,0-3,2023,3824.0
34.3775,0.1475,0-3,2016,2144.0
34.3775,0.1475,0-3,2019,3888.0
34.3775,0.1475,0-3,2023,3952.0
34.3825,0.1475,0-3,2016,2224.0
34.3825,0.1475,0-3,2019,3136.0
34.3825,0.1475,0-3,2023,3744.0
34.3925,0.1475,0-3,2016,3456.0
34.3925,0.1475,0-3,2019,3856.0
34.3925,0.1475,0-3,2023,4560.0
34.3975,0.1475,0-3,2016,5648.0
34.3975,0.1475,0-3,2019,7232.0
34.3975,0.1475,0-3,2023,8064.0
34.4025,0.1475,0-3,2016,1200.0
34.4025,0.1475,0-3,2019,1472.0
34.4025,0.1475,0-3,2023,1952.0
34.4075,0.1475,7-9,2016,2368.0
34.4075,0.1475,7-9,2019,3184.0
34.4075,0.1475,7-9,2023,4416.0
34.4125,0.1475,7-9,2016,1696.0
34.4125,0.1475,7-9,2019,2304.0
34.4125,0.1475,7-9,2023,3120.0
34.4175,0.1475,10-12,2016,2288.0
34.4175,0.1475,10-12,2019,2832.0
34.4175,0.1475,10-12,2023,3360.0
34.1175,0.1525,4-6,2016,2320.0
34.1175,0.1525,4-6,2019,3136.0
34.1175,0.1525,4-6,2023,3584.0
34.1225,0.1525,10-12,2016,2544.0
34.1225,0.1525,10-12,2019,3056.0
34.1225,0.1525,10-12,2023,4144.0
34.1275,0.1525,4-6,2016,9952.0
34.1275,0.1525,4-6,2019,10704.0
34.1275,0.1525,4-6,2023,12048.0
34.1325,0.1525,0-3,2016,2496.0
34.1325,0.1525,0-3,2019,3792.0
34.1325,0.1525,0-3,2023,5968.0
34.1375,0.1525,0-3,2016,1600.0
34.1375,0.1525,0-3,2019,2240.0
34.1375,0.1525,0-3,2023,3408.0
34.1425,0.1525,0-3,2016,2368.0
34.1425,0.1525,0-3,2019,2960.0
34.1425,0.1525,0-3,2023,3696.0
34.1475,0.1525,4-6,2016,2496.0
34.1475,0.1525,4-6,2019,2656.0
34.1475,0.1525,4-6,2023,3536.0
34.1525,0.1525,13-,2016,1392.0
34.1525,0.1525,13-,2019,1936.0
34.1525,0.1525,13-,2023,3312.0
34.1575,0.1525,10-12,2016,976.0
34.1575,0.1525,10-12,2019,1232.0
34.1575,0.1525,10-12,2023,1296.0
34.1625,0.1525,0-3,2016,976.0
34.1625,0.1525,0-3,2019,1248.0
34.1625,0.1525,0-3,2023,1504.0
34.1675,0.1525,0-3,2016,2672.0
34.1675,0.1525,0-3,2019,2928.0
34.1675,0.1525,0-3,2023,3568.0
34.1775,0.1525,0-3,2016,1360.0
34.1775,0.1525,0-3,2019,1328.0
34.1775,0.1525,0-3,2023,2032.0
34.1825,0.1525,0-3,2016,2016.0
34.1825,0.1525,0-3,2019,2896.0
34.1825,0.1525,0-3,2023,3824.0
34.1875,0.1525,0-3,2016,2592.0
34.1875,0.1525,0-3,2019,2848.0
34.1875,0.1525,0-3,2023,2992.0
34.1975,0.1525,0-3,2016,1360.0
34.1975,0.1525,0-3,2019,1712.0
34.1975,0.1525,0-3,2023,2544.0
34.2025,0.1525,0-3,2016,1248.0
34.2025,0.1525,0-3,2019,1472.0
34.2025,0.1525,0-3,2023,2496.0
34.2075,0.1525,0-3,2016,960.0
34.2075,0.1525,0-3,2019,1168.0
34.2075,0.1525,0-3,2023,1216.0
34.2175,0.1525,0-3,2016,2544.0
34.2175,0.1525,0-3,2019,2960.0
34.2175,0.1525,0-3,2023,3968.0
34.2325,0.1525,4-6,2016,1152.0
34.2325,0.1525,4-6,2019,1392.0
34.2325,0.1525,4-6,2023,2016.0
34.2375,0.1525,0-3,2016,1216.0
34.2375,0.1525,0-3,2019,1472.0
34.2375,0.1525,0-3,2023,2224.0
34.2425,0.1525,7-9,2016,1584.0
34.2425,0.1525,7-9,2019,2128.0
34.2425,0.1525,7-9,2023,2944.0
34.2475,0.1525,0-3,2016,1728.0
34.2475,0.1525,0-3,2019,1648.0
34.2475,0.1525,0-3,2023,2208.0
34.2525,0.1525,4-6,2016,2896.0
34.2525,0.1525,4-6,2019,3184.0
34.2525,0.1525,4-6,2023,4240.0
34.2575,0.1525,13-,2016,2096.0
34.2575,0.1525,13-,2019,2464.0
34.2575,0.1525,13-,2023,2864.0
34.2625,0.1525,7-9,2016,1744.0
34.2625,0.1525,7-9,2019,1936.0
34.2625,0.1525,7-9,2023,2688.0
34.2675,0.1525,4-6,2016,1760.0
34.2675,0.1525,4-6,2019,2128.0
34.2675,0.1525,4-6,2023,2896.0
34.2725,0.1525,13-,2016,2432.0
34.2725,0.1525,13-,2019,2528.0
34.2725,0.1525,13-,2023,3056.0
34.2775,0.1525,7-9,2016,1280.0
34.2775,0.1525,7-9,2019,1472.0
34.2775,0.1525,7-9,2023,1968.0
34.2975,0.1525,0-3,2016,1248.0
34.2975,0.1525,0-3,2019,1696.0
34.2975,0.1525,0-3,2023,2896.0
34.3025,0.1525,0-3,2016,1424.0
34.3025,0.1525,0-3,2019,1680.0
34.3025,0.1525,0-3,2023,1792.0
34.3075,0.1525,0-3,2016,480.0
34.3075,0.1525,0-3,2019,768.0
34.3075,0.1525,0-3,2023,960.0
34.3125,0.1525,0-3,2016,2352.0
34.3125,0.1525,0-3,2019,3152.0
34.3125,0.1525,0-3,2023,3840.0
34.3175,0.1525,0-3,2016,2640.0
34.3175,0.1525,0-3,2019,4304.0
34.3175,0.1525,0-3,2023,4816.0
34.3225,0.1525,4-6,2016,8944.0
34.3225,0.1525,4-6,2019,9776.0
34.3225,0.1525,4-6,2023,11632.0
34.3275,0.1525,4-6,2016,13280.0
34.3275,0.1525,4-6,2019,16256.0
34.3275,0.1525,4-6,2023,19104.0
34.3325,0.1525,4-6,2016,22272.0
34.3325,0.1525,4-6,2019,22544.0
34.3325,0.1525,4-6,2023,24864.0
34.3375,0.1525,0-3,2016,6464.0
34.3375,0.1525,0-3,2019,8288.0
34.3375,0.1525,0-3,2023,10960.0
34.3425,0.1525,4-6,2016,7520.0
34.3425,0.1525,4-6,2019,9024.0
34.3425,0.1525,4-6,2023,9648.0
34.3475,0.1525,0-3,2016,3152.0
34.3475,0.1525,0-3,2019,3728.0
34.3475,0.1525,0-3,2023,4672.0
34.3525,0.1525,0-3,2016,1040.0
34.3525,0.1525,0-3,2019,1424.0
34.3525,0.1525,0-3,2023,2512.0
34.3575,0.1525,4-6,2016,2816.0
34.3575,0.1525,4-6,2019,3696.0
34.3575,0.1525,4-6,2023,4272.0
34.3625,0.1525,7-9,2016,8272.0
34.3625,0.1525,7-9,2019,8896.0
34.3625,0.1525,7-9,2023,10976.0
34.3675,0.1525,13-,2016,2048.0
34.3675,0.1525,13-,2019,3120.0
34.3675,0.1525,13-,2023,4496.0
34.3725,0.1525,0-3,2016,2720.0
34.3725,0.1525,0-3,2019,3104.0
34.3725,0.1525,0-3,2023,3424.0
34.3775,0.1525,0-3,2016,3232.0
34.3775,0.1525,0-3,2019,3712.0
34.3775,0.1525,0-3,2023,4608.0
34.3825,0.1525,13-,2016,7344.0
34.3825,0.1525,13-,2019,8544.0
34.3825,0.1525,13-,2023,9568.0
34.3875,0.1525,7-9,2016,3264.0
34.3875,0.1525,7-9,2019,5248.0
34.3875,0.1525,7-9,2023,5280.0
34.3925,0.1525,0-3,2016,3328.0
34.3925,0.1525,0-3,2019,4448.0
34.3925,0.1525,0-3,2023,4464.0
34.3975,0.1525,0-3,2016,3504.0
34.3975,0.1525,0-3,2019,4912.0
34.3975,0.1525,0-3,2023,6320.0
34.4025,0.1525,0-3,2016,1904.0
34.4025,0.1525,0-3,2019,2400.0
34.4025,0.1525,0-3,2023,2912.0
34.4075,0.1525,0-3,2016,880.0
34.4075,0.1525,0-3,2019,976.0
34.4075,0.1525,0-3,2023,1472.0
34.4125,0.1525,7-9,2016,2160.0
34.4125,0.1525,7-9,2019,2416.0
34.4125,0.1525,7-9,2023,3280.0
34.4175,0.1525,10-12,2016,1536.0
34.4175,0.1525,10-12,2019,2048.0
34.4175,0.1525,10-12,2023,2096.0
34.4225,0.1525,0-3,2016,848.0
34.4225,0.1525,0-3,2019,992.0
34.4225,0.1525,0-3,2023,1088.0
34.4275,0.1525,0-3,2016,2128.0
34.4275,0.1525,0-3,2019,2448.0
34.4275,0.1525,0-3,2023,2816.0
34.4325,0.1525,0-3,2016,1408.0
34.4325,0.1525,0-3,2019,1552.0
34.4325,0.1525,0-3,2023,1616.0
34.1125,0.1575,0-3,2016,432.0
34.1125,0.1575,0-3,2019,512.0
34.1125,0.1575,0-3,2023,864.0
34.1175,0.1575,0-3,2016,2080.0
34.1175,0.1575,0-3,2019,2752.0
34.1175,0.1575,0-3,2023,3664.0
34.1225,0.1575,0-3,2016,3600.0
34.1225,0.1575,0-3,2019,4288.0
34.1225,0.1575,0-3,2023,6496.0
34.1275,0.1575,4-6,2016,1472.0
34.1275,0.1575,4-6,2019,2208.0
34.1275,0.1575,4-6,2023,3968.0
34.1325,0.1575,0-3,2016,1600.0
34.1325,0.1575,0-3,2019,2128.0
34.1325,0.1575,0-3,2023,2944.0
34.1375,0.1575,0-3,2016,2256.0
34.1375,0.1575,0-3,2019,2400.0
34.1375,0.1575,0-3,2023,3520.0
34.1425,0.1575,0-3,2016,1584.0
34.1425,0.1575,0-3,2019,2272.0
34.1425,0.1575,0-3,2023,2704.0
34.1475,0.1575,0-3,2016,2640.0
34.1475,0.1575,0-3,2019,3808.0
34.1475,0.1575,0-3,2023,4720.0
34.1525,0.1575,4-6,2016,4016.0
34.1525,0.1575,4-6,2019,4800.0
34.1525,0.1575,4-6,2023,5216.0
34.1575,0.1575,13-,2016,3872.0
34.1575,0.1575,13-,2019,5184.0
34.1575,0.1575,13-,2023,5520.0
34.1625,0.1575,4-6,2016,1328.0
34.1625,0.1575,4-6,2019,2064.0
34.1625,0.1575,4-6,2023,2848.0
34.1675,0.1575,0-3,2016,944.0
34.1675,0.1575,0-3,2019,1552.0
34.1675,0.1575,0-3,2023,1856.0
34.1725,0.1575,0-3,2016,800.0
34.1725,0.1575,0-3,2019,704.0
34.1725,0.1575,0-3,2023,1328.0
34.1775,0.1575,0-3,2016,544.0
34.1775,0.1575,0-3,2019,480.0
34.1775,0.1575,0-3,2023,800.0
34.1825,0.1575,0-3,2016,1456.0
34.1825,0.1575,0-3,2019,1680.0
34.1825,0.1575,0-3,2023,2208.0
34.2025,0.1575,0-3,2016,656.0
34.2025,0.1575,0-3,2019,704.0
34.2025,0.1575,0-3,2023,1040.0
34.2075,0.1575,0-3,2016,1424.0
34.2075,0.1575,0-3,2019,1440.0
34.2075,0.1575,0-3,2023,1840.0
34.2175,0.1575,0-3,2016,1840.0
34.2175,0.1575,0-3,2019,1936.0
34.2175,0.1575,0-3,2023,2688.0
34.2225,0.1575,7-9,2016,1600.0
34.2225,0.1575,7-9,2019,2096.0
34.2225,0.1575,7-9,2023,2624.0
34.2275,0.1575,0-3,2016,704.0
34.2275,0.1575,0-3,2019,1024.0
34.2275,0.1575,0-3,2023,1280.0
34.2325,0.1575,13-,2016,3408.0
34.2325,0.1575,13-,2019,3472.0
34.2325,0.1575,13-,2023,4816.0
34.2375,0.1575,7-9,2016,1936.0
34.2375,0.1575,7-9,2019,2448.0
34.2375,0.1575,7-9,2023,3408.0
34.2425,0.1575,10-12,2016,3168.0
34.2425,0.1575,10-12,2019,3472.0
34.2425,0.1575,10-12,2023,4560.0
34.2475,0.1575,10-12,2016,3184.0
34.2475,0.1575,10-12,2019,3776.0
34.2475,0.1575,10-12,2023,3984.0
34.2525,0.1575,7-9,2016,3776.0
34.2525,0.1575,7-9,2019,4704.0
34.2525,0.1575,7-9,2023,5280.0
34.2575,0.1575,13-,2016,1744.0
34.2575,0.1575,13-,2019,2128.0
34.2575,0.1575,13-,2023,2800.0
34.2625,0.1575,0-3,2016,1504.0
34.2625,0.1575,0-3,2019,2400.0
34.2625,0.1575,0-3,2023,3184.0
34.2675,0.1575,7-9,2016,2560.0
34.2675,0.1575,7-9,2019,3248.0
34.2675,0.1575,7-9,2023,4368.0
34.2725,0.1575,4-6,2016,2112.0
34.2725,0.1575,4-6,2019,2912.0
34.2725,0.1575,4-6,2023,4336.0
34.2775,0.1575,13-,2016,2096.0
34.2775,0.1575,13-,2019,3008.0
34.2775,0.1575,13-,2023,3616.0
34.2825,0.1575,0-3,2016,1680.0
34.2825,0.1575,0-3,2019,2368.0
34.2825,0.1575,0-3,2023,3072.0
34.2875,0.1575,0-3,2016,1920.0
34.2875,0.1575,0-3,2019,2160.0
34.2875,0.1575,0-3,2023,2752.0
34.2925,0.1575,0-3,2016,1040.0
34.2925,0.1575,0-3,2019,1264.0
34.2925,0.1575,0-3,2023,1312.0
34.3125,0.1575,0-3,2016,544.0
34.3125,0.1575,0-3,2019,1008.0
34.3125,0.1575,0-3,2023,1520.0
34.3175,0.1575,0-3,2016,3120.0
34.3175,0.1575,0-3,2019,3536.0
34.3175,0.1575,0-3,2023,4288.0
34.3225,0.1575,10-12,2016,3824.0
34.3225,0.1575,10-12,2019,4528.0
34.3225,0.1575,10-12,2023,5616.0
34.3275,0.1575,10-12,2016,3456.0
34.3275,0.1575,10-12,2019,4096.0
34.3275,0.1575,10-12,2023,5360.0
34.3325,0.1575,7-9,2016,3888.0
34.3325,0.1575,7-9,2019,5376.0
34.3325,0.1575,7-9,2023,6176.0
34.3375,0.1575,4-6,2016,2944.0
34.3375,0.1575,4-6,2019,3024.0
34.3375,0.1575,4-6,2023,3184.0
34.3425,0.1575,7-9,2016,4000.0
34.3425,0.1575,7-9,2019,5296.0
34.3425,0.1575,7-9,2023,7904.0
34.3475,0.1575,0-3,2016,7344.0
34.3475,0.1575,0-3,2019,7424.0
34.3475,0.1575,0-3,2023,8704.0
34.3525,0.1575,4-6,2016,4864.0
34.3525,0.1575,4-6,2019,5456.0
34.3525,0.1575,4-6,2023,5904.0
34.3575,0.1575,0-3,2016,7328.0
34.3575,0.1575,0-3,2019,7872.0
34.3575,0.1575,0-3,2023,8320.0
34.3625,0.1575,0-3,2016,9456.0
34.3625,0.1575,0-3,2019,12048.0
34.3625,0.1575,0-3,2023,12624.0
34.3675,0.1575,4-6,2016,5696.0
34.3675,0.1575,4-6,2019,7040.0
34.3675,0.1575,4-6,2023,8928.0
34.3725,0.1575,13-,2016,5232.0
34.3725,0.1575,13-,2019,6752.0
34.3725,0.1575,13-,2023,7616.0
34.3775,0.1575,4-6,2016,6928.0
34.3775,0.1575,4-6,2019,9312.0
34.3775,0.1575,4-6,2023,11136.0
34.3825,0.1575,0-3,2016,10064.0
34.3825,0.1575,0-3,2019,10784.0
34.3825,0.1575,0-3,2023,11936.0
34.3875,0.1575,0-3,2016,3344.0
34.3875,0.1575,0-3,2019,3840.0
34.3875,0.1575,0-3,2023,5376.0
34.3925,0.1575,10-12,2016,3408.0
34.3925,0.1575,10-12,2019,4048.0
34.3925,0.1575,10-12,2023,4608.0
34.3975,0.1575,7-9,2016,1968.0
34.3975,0.1575,7-9,2019,2320.0
34.3975,0.1575,7-9,2023,3312.0
34.4025,0.1575,0-3,2016,1600.0
34.4025,0.1575,0-3,2019,2832.0
34.4025,0.1575,0-3,2023,3312.0
34.4075,0.1575,4-6,2016,304.0
34.4075,0.1575,4-6,2019,432.0
34.4075,0.1575,4-6,2023,384.0
34.4125,0.1575,0-3,2016,688.0
34.4125,0.1575,0-3,2019,1040.0
34.4125,0.1575,0-3,2023,976.0
34.4175,0.1575,4-6,2016,1344.0
34.4175,0.1575,4-6,2019,1232.0
34.4175,0.1575,4-6,2023,1520.0
34.4225,0.1575,0-3,2016,1280.0
34.4225,0.1575,0-3,2019,1600.0
34.4225,0.1575,0-3,2023,1696.0
34.4275,0.1575,0-3,2016,1904.0
34.4275,0.1575,0-3,2019,2496.0
34.4275,0.1575,0-3,2023,2704.0
34.4325,0.1575,0-3,2016,1504.0
34.4325,0.1575,0-3,2019,2624.0
34.4325,0.1575,0-3,2023,3056.0
34.4375,0.1575,0-3,2016,1552.0
34.4375,0.1575,0-3,2019,2272.0
34.4375,0.1575,0-3,2023,2336.0
34.1125,0.1625,0-3,2016,288.0
34.1125,0.1625,0-3,2019,400.0
34.1125,0.1625,0-3,2023,480.0
34.1175,0.1625,0-3,2016,1072.0
34.1175,0.1625,0-3,2019,1904.0
34.1175,0.1625,0-3,2023,2096.0
34.1225,0.1625,0-3,2016,2128.0
34.1225,0.1625,0-3,2019,2640.0
34.1225,0.1625,0-3,2023,3328.0
34.1275,0.1625,0-3,2016,784.0
34.1275,0.1625,0-3,2019,1200.0
34.1275,0.1625,0-3,2023,2448.0
34.1325,0.1625,0-3,2016,1616.0
34.1325,0.1625,0-3,2019,2352.0
34.1325,0.1625,0-3,2023,3056.0
34.1375,0.1625,0-3,2016,1536.0
34.1375,0.1625,0-3,2019,2000.0
34.1375,0.1625,0-3,2023,2528.0
34.1425,0.1625,7-9,2016,1424.0
34.1425,0.1625,7-9,2019,1952.0
34.1425,0.1625,7-9,2023,2896.0
34.1475,0.1625,0-3,2016,1904.0
34.1475,0.1625,0-3,2019,3088.0
34.1475,0.1625,0-3,2023,3888.0
34.1525,0.1625,7-9,2016,2688.0
34.1525,0.1625,7-9,2019,3296.0
34.1525,0.1625,7-9,2023,4176.0
34.1575,0.1625,0-3,2016,2784.0
34.1575,0.1625,0-3,2019,4112.0
34.1575,0.1625,0-3,2023,5072.0
34.1625,0.1625,7-9,2016,2272.0
34.1625,0.1625,7-9,2019,2704.0
34.1625,0.1625,7-9,2023,3152.0
34.1675,0.1625,0-3,2016,1392.0
34.1675,0.1625,0-3,2019,1472.0
34.1675,0.1625,0-3,2023,1408.0
34.1725,0.1625,0-3,2016,2208.0
34.1725,0.1625,0-3,2019,2848.0
34.1725,0.1625,0-3,2023,3568.0
34.1775,0.1625,0-3,2016,208.0
34.1775,0.1625,0-3,2019,304.0
34.1775,0.1625,0-3,2023,384.0
34.2025,0.1625,0-3,2016,3168.0
34.2025,0.1625,0-3,2019,3024.0
34.2025,0.1625,0-3,2023,4192.0
34.2075,0.1625,0-3,2016,4224.0
34.2075,0.1625,0-3,2019,4416.0
34.2075,0.1625,0-3,2023,5600.0
34.2125,0.1625,0-3,2016,1280.0
34.2125,0.1625,0-3,2019,1056.0
34.2125,0.1625,0-3,2023,1680.0
34.2175,0.1625,0-3,2016,720.0
34.2175,0.1625,0-3,2019,672.0
34.2175,0.1625,0-3,2023,640.0
34.2225,0.1625,7-9,2016,2112.0
34.2225,0.1625,7-9,2019,2496.0
34.2225,0.1625,7-9,2023,3488.0
34.2275,0.1625,13-,2016,2256.0
34.2275,0.1625,13-,2019,2352.0
34.2275,0.1625,13-,2023,3296.0
34.2325,0.1625,7-9,2016,3136.0
34.2325,0.1625,7-9,2019,4048.0
34.2325,0.1625,7-9,2023,5488.0
34.2375,0.1625,13-,2016,6192.0
34.2375,0.1625,13-,2019,6032.0
34.2375,0.1625,13-,2023,7200.0
34.2425,0.1625,10-12,2016,5344.0
34.2425,0.1625,10-12,2019,5888.0
34.2425,0.1625,10-12,2023,7616.0
34.2475,0.1625,7-9,2016,2432.0
34.2475,0.1625,7-9,2019,2848.0
34.2475,0.1625,7-9,2023,4592.0
34.2525,0.1625,4-6,2016,2320.0
34.2525,0.1625,4-6,2019,2688.0
34.2525,0.1625,4-6,2023,3392.0
34.2575,0.1625,13-,2016,3872.0
34.2575,0.1625,13-,2019,4624.0
34.2575,0.1625,13-,2023,6272.0
34.2625,0.1625,0-3,2016,1008.0
34.2625,0.1625,0-3,2019,1088.0
34.2625,0.1625,0-3,2023,1616.0
34.2675,0.1625,0-3,2016,2032.0
34.2675,0.1625,0-3,2019,2928.0
34.2675,0.1625,0-3,2023,3744.0
34.2725,0.1625,10-12,2016,6544.0
34.2725,0.1625,10-12,2019,7488.0
34.2725,0.1625,10-12,2023,9840.0
34.2775,0.1625,10-12,2016,2624.0
34.2775,0.1625,10-12,2019,3152.0
34.2775,0.1625,10-12,2023,3824.0
34.2825,0.1625,0-3,2016,336.0
34.2825,0.1625,0-3,2019,624.0
34.2825,0.1625,0-3,2023,688.0
34.2875,0.1625,0-3,2016,1856.0
34.2875,0.1625,0-3,2019,2688.0
34.2875,0.1625,0-3,2023,3744.0
34.2925,0.1625,0-3,2016,5120.0
34.2925,0.1625,0-3,2019,5984.0
34.2925,0.1625,0-3,2023,7152.0
34.3175,0.1625,0-3,2016,3344.0
34.3175,0.1625,0-3,2019,4336.0
34.3175,0.1625,0-3,2023,4848.0
34.3225,0.1625,0-3,2016,976.0
34.3225,0.1625,0-3,2019,1312.0
34.3225,0.1625,0-3,2023,1680.0
34.3275,0.1625,7-9,2016,2528.0
34.3275,0.1625,7-9,2019,3360.0
34.3275,0.1625,7-9,2023,5136.0
34.3325,0.1625,10-12,2016,1024.0
34.3325,0.1625,10-12,2019,1392.0
34.3325,0.1625,10-12,2023,1888.0
34.3375,0.1625,4-6,2016,2784.0
34.3375,0.1625,4-6,2019,3328.0
34.3375,0.1625,4-6,2023,4784.0
34.3425,0.1625,10-12,2016,3824.0
34.3425,0.1625,10-12,2019,4304.0
34.3425,0.1625,10-12,2023,4464.0
34.3475,0.1625,10-12,2016,1712.0
34.3475,0.1625,10-12,2019,2320.0
34.3475,0.1625,10-12,2023,2288.0
34.3525,0.1625,10-12,2016,4240.0
34.3525,0.1625,10-12,2019,5104.0
34.3525,0.1625,10-12,2023,6096.0
34.3575,0.1625,0-3,2016,3568.0
34.3575,0.1625,0-3,2019,4848.0
34.3575,0.1625,0-3,2023,6032.0
34.3625,0.1625,0-3,2016,3136.0
34.3625,0.1625,0-3,2019,4384.0
34.3625,0.1625,0-3,2023,4672.0
34.3675,0.1625,0-3,2016,3584.0
34.3675,0.1625,0-3,2019,3840.0
34.3675,0.1625,0-3,2023,4176.0
34.3725,0.1625,4-6,2016,4816.0
34.3725,0.1625,4-6,2019,4720.0
34.3725,0.1625,4-6,2023,4864.0
34.3775,0.1625,7-9,2016,4128.0
34.3775,0.1625,7-9,2019,5600.0
34.3775,0.1625,7-9,2023,6112.0
34.3825,0.1625,0-3,2016,2896.0
34.3825,0.1625,0-3,2019,3760.0
34.3825,0.1625,0-3,2023,4576.0
34.3875,0.1625,0-3,2016,3488.0
34.3875,0.1625,0-3,2019,4480.0
34.3875,0.1625,0-3,2023,4768.0
34.3925,0.1625,0-3,2016,1936.0
34.3925,0.1625,0-3,2019,1872.0
34.3925,0.1625,0-3,2023,2240.0
34.3975,0.1625,4-6,2016,1264.0
34.3975,0.1625,4-6,2019,2128.0
34.3975,0.1625,4-6,2023,2096.0
34.4025,0.1625,4-6,2016,1072.0
34.4025,0.1625,4-6,2019,1776.0
34.4025,0.1625,4-6,2023,1568.0
34.4075,0.1625,0-3,2016,1344.0
34.4075,0.1625,0-3,2019,1776.0
34.4075,0.1625,0-3,2023,1904.0
34.4125,0.1625,13-,2016,2704.0
34.4125,0.1625,13-,2019,3360.0
34.4125,0.1625,13-,2023,3296.0
34.4175,0.1625,4-6,2016,2304.0
34.4175,0.1625,4-6,2019,2576.0
34.4175,0.1625,4-6,2023,2880.0
34.4225,0.1625,7-9,2016,3296.0
34.4225,0.1625,7-9,2019,3952.0
34.4225,0.1625,7-9,2023,3792.0
34.4275,0.1625,0-3,2016,2592.0
34.4275,0.1625,0-3,2019,3424.0
34.4275,0.1625,0-3,2023,3696.0
34.4325,0.1625,0-3,2016,3184.0
34.4325,0.1625,0-3,2019,3680.0
34.4325,0.1625,0-3,2023,3440.0
34.4375,0.1625,0-3,2016,3216.0
34.4375,0.1625,0-3,2019,3904.0
34.4375,0.1625,0-3,2023,3728.0
34.1125,0.1675,0-3,2016,288.0
34.1125,0.1675,0-3,2019,592.0
34.1125,0.1675,0-3,2023,912.0
34.1175,0.1675,0-3,2016,928.0
34.1175,0.1675,0-3,2019,1504.0
34.1175,0.1675,0-3,2023,1584.0
34.1225,0.1675,0-3,2016,720.0
34.1225,0.1675,0-3,2019,1328.0
34.1225,0.1675,0-3,2023,1488.0
34.1275,0.1675,0-3,2016,448.0
34.1275,0.1675,0-3,2019,848.0
34.1275,0.1675,0-3,2023,816.0
34.1325,0.1675,0-3,2016,832.0
34.1325,0.1675,0-3,2019,1248.0
34.1325,0.1675,0-3,2023,2608.0
34.1375,0.1675,0-3,2016,672.0
34.1375,0.1675,0-3,2019,1040.0
34.1375,0.1675,0-3,2023,2448.0
34.1425,0.1675,0-3,2016,416.0
34.1425,0.1675,0-3,2019,592.0
34.1425,0.1675,0-3,2023,928.0
34.1475,0.1675,4-6,2016,1696.0
34.1475,0.1675,4-6,2019,2480.0
34.1475,0.1675,4-6,2023,3280.0
34.1525,0.1675,0-3,2016,2480.0
34.1525,0.1675,0-3,2019,3216.0
34.1525,0.1675,0-3,2023,4240.0
34.1575,0.1675,7-9,2016,7952.0
34.1575,0.1675,7-9,2019,9120.0
34.1575,0.1675,7-9,2023,10800.0
34.1625,0.1675,13-,2016,3616.0
34.1625,0.1675,13-,2019,4688.0
34.1625,0.1675,13-,2023,6048.0
34.1675,0.1675,7-9,2016,1968.0
34.1675,0.1675,7-9,2019,2400.0
34.1675,0.1675,7-9,2023,3328.0
34.1725,0.1675,13-,2016,4160.0
34.1725,0.1675,13-,2019,4960.0
34.1725,0.1675,13-,2023,5392.0
34.1775,0.1675,7-9,2016,1200.0
34.1775,0.1675,7-9,2019,1840.0
34.1775,0.1675,7-9,2023,1840.0
34.1825,0.1675,0-3,2019,48.0
34.1825,0.1675,0-3,2023,64.0
34.1925,0.1675,0-3,2016,256.0
34.1925,0.1675,0-3,2019,384.0
34.1925,0.1675,0-3,2023,432.0
34.2025,0.1675,0-3,2016,3632.0
34.2025,0.1675,0-3,2019,4928.0
34.2025,0.1675,0-3,2023,6896.0
34.2075,0.1675,0-3,2016,5360.0
34.2075,0.1675,0-3,2019,6288.0
34.2075,0.1675,0-3,2023,7792.0
34.2125,0.1675,0-3,2016,2896.0
34.2125,0.1675,0-3,2019,3584.0
34.2125,0.1675,0-3,2023,4736.0
34.2175,0.1675,4-6,2016,2608.0
34.2175,0.1675,4-6,2019,2464.0
34.2175,0.1675,4-6,2023,3504.0
34.2225,0.1675,7-9,2016,1920.0
34.2225,0.1675,7-9,2019,2320.0
34.2225,0.1675,7-9,2023,2464.0
34.2275,0.1675,4-6,2016,1424.0
34.2275,0.1675,4-6,2019,2688.0
34.2275,0.1675,4-6,2023,2800.0
34.2325,0.1675,10-12,2016,3152.0
34.2325,0.1675,10-12,2019,3616.0
34.2325,0.1675,10-12,2023,5264.0
34.2375,0.1675,10-12,2016,4224.0
34.2375,0.1675,10-12,2019,4400.0
34.2375,0.1675,10-12,2023,5728.0
34.2425,0.1675,0-3,2016,5392.0
34.2425,0.1675,0-3,2019,5744.0
34.2425,0.1675,0-3,2023,9296.0
34.2475,0.1675,7-9,2016,6128.0
34.2475,0.1675,7-9,2019,7776.0
34.2475,0.1675,7-9,2023,9184.0
34.2525,0.1675,0-3,2016,4320.0
34.2525,0.1675,0-3,2019,5056.0
34.2525,0.1675,0-3,2023,7920.0
34.2575,0.1675,4-6,2016,3152.0
34.2575,0.1675,4-6,2019,3760.0
34.2575,0.1675,4-6,2023,4864.0
34.2625,0.1675,0-3,2016,672.0
34.2625,0.1675,0-3,2019,832.0
34.2625,0.1675,0-3,2023,1136.0
34.2675,0.1675,0-3,2016,1504.0
34.2675,0.1675,0-3,2019,2176.0
34.2675,0.1675,0-3,2023,2688.0
34.2725,0.1675,0-3,2016,6160.0
34.2725,0.1675,0-3,2019,7488.0
34.2725,0.1675,0-3,2023,9264.0
34.2775,0.1675,4-6,2016,1776.0
34.2775,0.1675,4-6,2019,2416.0
34.2775,0.1675,4-6,2023,3328.0
34.2825,0.1675,0-3,2016,2944.0
34.2825,0.1675,0-3,2019,3216.0
34.2825,0.1675,0-3,2023,4576.0
34.2875,0.1675,0-3,2016,1648.0
34.2875,0.1675,0-3,2019,2368.0
34.2875,0.1675,0-3,2023,2640.0
34.2925,0.1675,0-3,2016,4144.0
34.2925,0.1675,0-3,2019,4944.0
34.2925,0.1675,0-3,2023,6720.0
34.3175,0.1675,0-3,2016,4240.0
34.3175,0.1675,0-3,2019,6832.0
34.3175,0.1675,0-3,2023,8064.0
34.3225,0.1675,0-3,2016,1056.0
34.3225,0.1675,0-3,2019,1600.0
34.3225,0.1675,0-3,2023,1952.0
34.3275,0.1675,7-9,2016,1344.0
34.3275,0.1675,7-9,2019,1584.0
34.3275,0.1675,7-9,2023,2896.0
34.3325,0.1675,10-12,2016,2480.0
34.3325,0.1675,10-12,2019,2960.0
34.3325,0.1675,10-12,2023,3728.0
34.3425,0.1675,4-6,2016,1568.0
34.3425,0.1675,4-6,2019,2192.0
34.3425,0.1675,4-6,2023,2112.0
34.3475,0.1675,7-9,2016,3936.0
34.3475,0.1675,7-9,2019,4816.0
34.3475,0.1675,7-9,2023,5072.0
34.3525,0.1675,10-12,2016,3472.0
34.3525,0.1675,10-12,2019,4336.0
34.3525,0.1675,10-12,2023,4736.0
34.3575,0.1675,10-12,2016,4704.0
34.3575,0.1675,10-12,2019,5232.0
34.3575,0.1675,10-12,2023,6016.0
34.3625,0.1675,0-3,2016,1952.0
34.3625,0.1675,0-3,2019,2624.0
34.3625,0.1675,0-3,2023,3104.0
34.3675,0.1675,0-3,2016,1552.0
34.3675,0.1675,0-3,2019,1920.0
34.3675,0.1675,0-3,2023,1712.0
34.3725,0.1675,7-9,2016,4368.0
34.3725,0.1675,7-9,2019,5680.0
34.3725,0.1675,7-9,2023,6016.0
34.3775,0.1675,10-12,2016,3328.0
34.3775,0.1675,10-12,2019,4608.0
34.3775,0.1675,10-12,2023,5280.0
34.3825,0.1675,0-3,2016,4496.0
34.3825,0.1675,0-3,2019,5664.0
34.3825,0.1675,0-3,2023,7472.0
34.3875,0.1675,0-3,2016,832.0
34.3875,0.1675,0-3,2019,1392.0
34.3875,0.1675,0-3,2023,1808.0
34.3925,0.1675,0-3,2016,2816.0
34.3925,0.1675,0-3,2019,3440.0
34.3925,0.1675,0-3,2023,4272.0
34.3975,0.1675,0-3,2016,1264.0
34.3975,0.1675,0-3,2019,2064.0
34.3975,0.1675,0-3,2023,2464.0
34.4025,0.1675,10-12,2016,3440.0
34.4025,0.1675,10-12,2019,4224.0
34.4025,0.1675,10-12,2023,4832.0
34.4075,0.1675,0-3,2016,4960.0
34.4075,0.1675,0-3,2019,6064.0
34.4075,0.1675,0-3,2023,6928.0
34.4125,0.1675,0-3,2016,2416.0
34.4125,0.1675,0-3,2019,4032.0
34.4125,0.1675,0-3,2023,4480.0
34.4175,0.1675,7-9,2016,2352.0
34.4175,0.1675,7-9,2019,3088.0
34.4175,0.1675,7-9,2023,3216.0
34.4225,0.1675,0-3,2016,2144.0
34.4225,0.1675,0-3,2019,3152.0
34.4225,0.1675,0-3,2023,3472.0
34.4275,0.1675,0-3,2016,3360.0
34.4275,0.1675,0-3,2019,3776.0
34.4275,0.1675,0-3,2023,4288.0
34.4325,0.1675,0-3,2016,5520.0
34.4325,0.1675,0-3,2019,6336.0
34.4325,0.1675,0-3,2023,7744.0
34.4425,0.1675,0-3,2016,2128.0
34.4425,0.1675,0-3,2019,2736.0
34.4425,0.1675,0-3,2023,3568.0
34.1175,0.1725,0-3,2016,656.0
34.1175,0.1725,0-3,2019,1264.0
34.1175,0.1725,0-3,2023,1296.0
34.1225,0.1725,0-3,2016,576.0
34.1225,0.1725,0-3,2019,992.0
34.1225,0.1725,0-3,2023,1152.0
34.1275,0.1725,0-3,2016,992.0
34.1275,0.1725,0-3,2019,1088.0
34.1275,0.1725,0-3,2023,1584.0
34.1325,0.1725,0-3,2016,1168.0
34.1325,0.1725,0-3,2019,1696.0
34.1325,0.1725,0-3,2023,2512.0
34.1375,0.1725,0-3,2016,4160.0
34.1375,0.1725,0-3,2019,5232.0
34.1375,0.1725,0-3,2023,5472.0
34.1425,0.1725,0-3,2016,2224.0
34.1425,0.1725,0-3,2019,2736.0
34.1425,0.1725,0-3,2023,2960.0
34.1475,0.1725,0-3,2016,2112.0
34.1475,0.1725,0-3,2019,2880.0
34.1475,0.1725,0-3,2023,3744.0
34.1525,0.1725,0-3,2016,1760.0
34.1525,0.1725,0-3,2019,1936.0
34.1525,0.1725,0-3,2023,2448.0
34.1575,0.1725,10-12,2016,2064.0
34.1575,0.1725,10-12,2019,3024.0
34.1575,0.1725,10-12,2023,4064.0
34.1625,0.1725,13-,2016,2960.0
34.1625,0.1725,13-,2019,3424.0
34.1625,0.1725,13-,2023,5200.0
34.1675,0.1725,0-3,2016,1472.0
34.1675,0.1725,0-3,2019,1664.0
34.1675,0.1725,0-3,2023,2192.0
34.1725,0.1725,4-6,2016,3472.0
34.1725,0.1725,4-6,2019,4192.0
34.1725,0.1725,4-6,2023,5328.0
34.1775,0.1725,7-9,2016,4784.0
34.1775,0.1725,7-9,2019,6144.0
34.1775,0.1725,7-9,2023,7104.0
34.1825,0.1725,0-3,2016,1536.0
34.1825,0.1725,0-3,2019,1808.0
34.1825,0.1725,0-3,2023,2304.0
34.1875,0.1725,7-9,2016,3088.0
34.1875,0.1725,7-9,2019,3680.0
34.1875,0.1725,7-9,2023,4576.0
34.1925,0.1725,0-3,2016,1088.0
34.1925,0.1725,0-3,2019,1200.0
34.1925,0.1725,0-3,2023,1280.0
34.1975,0.1725,0-3,2016,2368.0
34.1975,0.1725,0-3,2019,2704.0
34.1975,0.1725,0-3,2023,3504.0
34.2025,0.1725,0-3,2016,2704.0
34.2025,0.1725,0-3,2019,3568.0
34.2025,0.1725,0-3,2023,4320.0
34.2075,0.1725,0-3,2016,5072.0
34.2075,0.1725,0-3,2019,5888.0
34.2075,0.1725,0-3,2023,8800.0
34.2125,0.1725,0-3,2016,3344.0
34.2125,0.1725,0-3,2019,4000.0
34.2125,0.1725,0-3,2023,6128.0
34.2175,0.1725,10-12,2016,4192.0
34.2175,0.1725,10-12,2019,4624.0
34.2175,0.1725,10-12,2023,6800.0
34.2225,0.1725,13-,2016,3808.0
34.2225,0.1725,13-,2019,4336.0
34.2225,0.1725,13-,2023,5248.0
34.2275,0.1725,4-6,2016,4576.0
34.2275,0.1725,4-6,2019,5472.0
34.2275,0.1725,4-6,2023,6832.0
34.2325,0.1725,13-,2016,2784.0
34.2325,0.1725,13-,2019,3248.0
34.2325,0.1725,13-,2023,4608.0
34.2375,0.1725,13-,2016,1744.0
34.2375,0.1725,13-,2019,4480.0
34.2375,0.1725,13-,2023,5152.0
34.2425,0.1725,0-3,2016,3088.0
34.2425,0.1725,0-3,2019,3520.0
34.2425,0.1725,0-3,2023,4048.0
34.2475,0.1725,10-12,2016,4288.0
34.2475,0.1725,10-12,2019,4688.0
34.2475,0.1725,10-12,2023,6752.0
34.2525,0.1725,7-9,2016,4544.0
34.2525,0.1725,7-9,2019,4800.0
34.2525,0.1725,7-9,2023,6224.0
34.2575,0.1725,0-3,2016,9728.0
34.2575,0.1725,0-3,2019,10432.0
34.2575,0.1725,0-3,2023,12016.0
34.2625,0.1725,0-3,2016,2688.0
34.2625,0.1725,0-3,2019,3104.0
34.2625,0.1725,0-3,2023,4048.0
34.2675,0.1725,0-3,2016,3856.0
34.2675,0.1725,0-3,2019,4496.0
34.2675,0.1725,0-3,2023,5680.0
34.2725,0.1725,0-3,2016,3280.0
34.2725,0.1725,0-3,2019,5136.0
34.2725,0.1725,0-3,2023,7008.0
34.2775,0.1725,0-3,2016,1776.0
34.2775,0.1725,0-3,2019,2480.0
34.2775,0.1725,0-3,2023,3200.0
34.2825,0.1725,0-3,2016,2768.0
34.2825,0.1725,0-3,2019,3904.0
34.2825,0.1725,0-3,2023,5056.0
34.2875,0.1725,0-3,2016,2912.0
34.2875,0.1725,0-3,2019,4256.0
34.2875,0.1725,0-3,2023,4496.0
34.3175,0.1725,0-3,2016,2768.0
34.3175,0.1725,0-3,2019,5104.0
34.3175,0.1725,0-3,2023,6288.0
34.3225,0.1725,0-3,2016,1328.0
34.3225,0.1725,0-3,2019,2048.0
34.3225,0.1725,0-3,2023,2608.0
34.3275,0.1725,7-9,2016,1792.0
34.3275,0.1725,7-9,2019,2368.0
34.3275,0.1725,7-9,2023,2928.0
34.3325,0.1725,7-9,2016,4064.0
34.3325,0.1725,7-9,2019,4912.0
34.3325,0.1725,7-9,2023,5472.0
34.3375,0.1725,13-,2016,1920.0
34.3375,0.1725,13-,2019,2992.0
34.3375,0.1725,13-,2023,3600.0
34.3425,0.1725,0-3,2016,384.0
34.3425,0.1725,0-3,2019,496.0
34.3425,0.1725,0-3,2023,672.0
34.3475,0.1725,7-9,2016,1408.0
34.3475,0.1725,7-9,2019,1824.0
34.3475,0.1725,7-9,2023,1920.0
34.3525,0.1725,7-9,2016,1984.0
34.3525,0.1725,7-9,2019,1952.0
34.3525,0.1725,7-9,2023,2368.0
34.3575,0.1725,4-6,2016,1104.0
34.3575,0.1725,4-6,2019,1344.0
34.3575,0.1725,4-6,2023,1536.0
34.3625,0.1725,7-9,2016,2464.0
34.3625,0.1725,7-9,2019,2960.0
34.3625,0.1725,7-9,2023,3920.0
34.3675,0.1725,0-3,2016,704.0
34.3675,0.1725,0-3,2019,1152.0
34.3675,0.1725,0-3,2023,1536.0
34.3725,0.1725,0-3,2016,2016.0
34.3725,0.1725,0-3,2019,2864.0
34.3725,0.1725,0-3,2023,3504.0
34.3775,0.1725,7-9,2016,1024.0
34.3775,0.1725,7-9,2019,1040.0
34.3775,0.1725,7-9,2023,1232.0
34.3825,0.1725,7-9,2016,3264.0
34.3825,0.1725,7-9,2019,4160.0
34.3825,0.1725,7-9,2023,4224.0
34.3875,0.1725,0-3,2016,1568.0
34.3875,0.1725,0-3,2019,2320.0
34.3875,0.1725,0-3,2023,2384.0
34.3925,0.1725,0-3,2016,2816.0
34.3925,0.1725,0-3,2019,3360.0
34.3925,0.1725,0-3,2023,3728.0
34.3975,0.1725,0-3,2016,3040.0
34.3975,0.1725,0-3,2019,3312.0
34.3975,0.1725,0-3,2023,4176.0
34.4025,0.1725,0-3,2016,3264.0
34.4025,0.1725,0-3,2019,3472.0
34.4025,0.1725,0-3,2023,3776.0
34.4075,0.1725,10-12,2016,2560.0
34.4075,0.1725,10-12,2019,3456.0
34.4075,0.1725,10-12,2023,4064.0
34.4125,0.1725,0-3,2016,1968.0
34.4125,0.1725,0-3,2019,2704.0
34.4125,0.1725,0-3,2023,3184.0
34.4175,0.1725,0-3,2016,2752.0
34.4175,0.1725,0-3,2019,3056.0
34.4175,0.1725,0-3,2023,3424.0
34.4225,0.1725,0-3,2016,2464.0
34.4225,0.1725,0-3,2019,3136.0
34.4225,0.1725,0-3,2023,3584.0
34.4275,0.1725,0-3,2016,2160.0
34.4275,0.1725,0-3,2019,2784.0
34.4275,0.1725,0-3,2023,3184.0
34.4325,0.1725,0-3,2016,2320.0
34.4325,0.1725,0-3,2019,2896.0
34.4325,0.1725,0-3,2023,3792.0
34.1125,0.1775,0-3,2016,720.0
34.1125,0.1775,0-3,2019,1040.0
34.1125,0.1775,0-3,2023,1328.0
34.1175,0.1775,0-3,2016,544.0
34.1175,0.1775,0-3,2019,640.0
34.1175,0.1775,0-3,2023,720.0
34.1225,0.1775,0-3,2016,656.0
34.1225,0.1775,0-3,2019,992.0
34.1225,0.1775,0-3,2023,1264.0
34.1275,0.1775,0-3,2016,640.0
34.1275,0.1775,0-3,2019,1152.0
34.1275,0.1775,0-3,2023,1312.0
34.1325,0.1775,0-3,2016,1072.0
34.1325,0.1775,0-3,2019,1168.0
34.1325,0.1775,0-3,2023,1552.0
34.1375,0.1775,0-3,2016,1216.0
34.1375,0.1775,0-3,2019,1856.0
34.1375,0.1775,0-3,2023,2704.0
34.1425,0.1775,0-3,2016,848.0
34.1425,0.1775,0-3,2019,1952.0
34.1425,0.1775,0-3,2023,3952.0
34.1475,0.1775,0-3,2016,2512.0
34.1475,0.1775,0-3,2019,4464.0
34.1475,0.1775,0-3,2023,7488.0
34.1525,0.1775,0-3,2016,944.0
34.1525,0.1775,0-3,2019,1168.0
34.1525,0.1775,0-3,2023,1680.0
34.1575,0.1775,4-6,2016,1488.0
34.1575,0.1775,4-6,2019,2032.0
34.1575,0.1775,4-6,2023,2976.0
34.1625,0.1775,0-3,2016,624.0
34.1625,0.1775,0-3,2019,768.0
34.1625,0.1775,0-3,2023,1296.0
34.1675,0.1775,4-6,2016,11744.0
34.1675,0.1775,4-6,2019,13296.0
34.1675,0.1775,4-6,2023,15792.0
34.1725,0.1775,0-3,2016,3504.0
34.1725,0.1775,0-3,2019,3808.0
34.1725,0.1775,0-3,2023,4752.0
34.1775,0.1775,0-3,2016,8048.0
34.1775,0.1775,0-3,2019,10016.0
34.1775,0.1775,0-3,2023,11296.0
34.1825,0.1775,0-3,2016,2432.0
34.1825,0.1775,0-3,2019,3760.0
34.1825,0.1775,0-3,2023,5120.0
34.1875,0.1775,4-6,2016,3504.0
34.1875,0.1775,4-6,2019,5040.0
34.1875,0.1775,4-6,2023,6672.0
34.1925,0.1775,10-12,2016,1552.0
34.1925,0.1775,10-12,2019,2304.0
34.1925,0.1775,10-12,2023,3024.0
34.1975,0.1775,0-3,2016,2384.0
34.1975,0.1775,0-3,2019,2880.0
34.1975,0.1775,0-3,2023,3552.0
34.2025,0.1775,0-3,2016,3856.0
34.2025,0.1775,0-3,2019,4400.0
34.2025,0.1775,0-3,2023,5424.0
34.2075,0.1775,0-3,2016,5040.0
34.2075,0.1775,0-3,2019,6480.0
34.2075,0.1775,0-3,2023,8480.0
34.2125,0.1775,4-6,2016,7312.0
34.2125,0.1775,4-6,2019,8144.0
34.2125,0.1775,4-6,2023,9728.0
34.2175,0.1775,7-9,2016,3664.0
34.2175,0.1775,7-9,2019,3664.0
34.2175,0.1775,7-9,2023,5328.0
34.2225,0.1775,7-9,2016,3152.0
34.2225,0.1775,7-9,2019,3680.0
34.2225,0.1775,7-9,2023,4352.0
34.2275,0.1775,0-3,2016,1728.0
34.2275,0.1775,0-3,2019,2304.0
34.2275,0.1775,0-3,2023,2240.0
34.2325,0.1775,4-6,2016,2368.0
34.2325,0.1775,4-6,2019,2816.0
34.2325,0.1775,4-6,2023,4512.0
34.2375,0.1775,7-9,2016,2016.0
34.2375,0.1775,7-9,2019,2304.0
34.2375,0.1775,7-9,2023,2832.0
34.2425,0.1775,0-3,2016,2288.0
34.2425,0.1775,0-3,2019,2576.0
34.2425,0.1775,0-3,2023,3024.0
34.2475,0.1775,10-12,2016,3152.0
34.2475,0.1775,10-12,2019,3200.0
34.2475,0.1775,10-12,2023,4192.0
34.2525,0.1775,7-9,2016,2480.0
34.2525,0.1775,7-9,2019,3152.0
34.2525,0.1775,7-9,2023,4320.0
34.2575,0.1775,4-6,2016,1968.0
34.2575,0.1775,4-6,2019,2944.0
34.2575,0.1775,4-6,2023,3280.0
34.2625,0.1775,0-3,2016,3792.0
34.2625,0.1775,0-3,2019,4896.0
34.2625,0.1775,0-3,2023,6688.0
34.2675,0.1775,0-3,2016,4144.0
34.2675,0.1775,0-3,2019,6192.0
34.2675,0.1775,0-3,2023,7168.0
34.2725,0.1775,0-3,2016,14112.0
34.2725,0.1775,0-3,2019,16704.0
34.2725,0.1775,0-3,2023,20720.0
34.2825,0.1775,0-3,2016,5376.0
34.2825,0.1775,0-3,2019,6128.0
34.2825,0.1775,0-3,2023,6848.0
34.2875,0.1775,0-3,2016,6736.0
34.2875,0.1775,0-3,2019,9008.0
34.2875,0.1775,0-3,2023,11088.0
34.2925,0.1775,0-3,2016,10656.0
34.2925,0.1775,0-3,2019,13440.0
34.2925,0.1775,0-3,2023,14096.0
34.3175,0.1775,0-3,2016,3584.0
34.3175,0.1775,0-3,2019,3680.0
34.3175,0.1775,0-3,2023,5296.0
34.3225,0.1775,0-3,2016,2752.0
34.3225,0.1775,0-3,2019,3728.0
34.3225,0.1775,0-3,2023,4768.0
34.3275,0.1775,0-3,2016,1344.0
34.3275,0.1775,0-3,2019,2272.0
34.3275,0.1775,0-3,2023,3184.0
34.3325,0.1775,7-9,2016,2672.0
34.3325,0.1775,7-9,2019,3200.0
34.3325,0.1775,7-9,2023,3696.0
34.3375,0.1775,10-12,2016,2560.0
34.3375,0.1775,10-12,2019,3056.0
34.3375,0.1775,10-12,2023,4400.0
34.3475,0.1775,10-12,2016,2880.0
34.3475,0.1775,10-12,2019,3200.0
34.3475,0.1775,10-12,2023,3824.0
34.3525,0.1775,4-6,2016,1296.0
34.3525,0.1775,4-6,2019,1664.0
34.3525,0.1775,4-6,2023,1808.0
34.3575,0.1775,13-,2016,2208.0
34.3575,0.1775,13-,2019,2384.0
34.3575,0.1775,13-,2023,2736.0
34.3625,0.1775,13-,2016,1968.0
34.3625,0.1775,13-,2019,2304.0
34.3625,0.1775,13-,2023,2240.0
34.3675,0.1775,7-9,2016,1536.0
34.3675,0.1775,7-9,2019,2160.0
34.3675,0.1775,7-9,2023,2528.0
34.3725,0.1775,0-3,2016,1264.0
34.3725,0.1775,0-3,2019,2096.0
34.3725,0.1775,0-3,2023,1888.0
34.3775,0.1775,0-3,2016,1312.0
34.3775,0.1775,0-3,2019,1472.0
34.3775,0.1775,0-3,2023,1760.0
34.3825,0.1775,0-3,2016,864.0
34.3825,0.1775,0-3,2019,1168.0
34.3825,0.1775,0-3,2023,1520.0
34.3875,0.1775,0-3,2016,1312.0
34.3875,0.1775,0-3,2019,1920.0
34.3875,0.1775,0-3,2023,2080.0
34.3925,0.1775,0-3,2016,1280.0
34.3925,0.1775,0-3,2019,1584.0
34.3925,0.1775,0-3,2023,1616.0
34.3975,0.1775,0-3,2016,1680.0
34.3975,0.1775,0-3,2019,1712.0
34.3975,0.1775,0-3,2023,1952.0
34.4025,0.1775,0-3,2016,960.0
34.4025,0.1775,0-3,2019,1280.0
34.4025,0.1775,0-3,2023,1792.0
34.4075,0.1775,4-6,2016,1152.0
34.4075,0.1775,4-6,2019,1264.0
34.4075,0.1775,4-6,2023,1232.0
34.4125,0.1775,4-6,2016,3008.0
34.4125,0.1775,4-6,2019,3904.0
34.4125,0.1775,4-6,2023,3600.0
34.4175,0.1775,0-3,2016,2688.0
34.4175,0.1775,0-3,2019,3904.0
34.4175,0.1775,0-3,2023,4752.0
34.4225,0.1775,0-3,2016,2064.0
34.4225,0.1775,0-3,2019,2864.0
34.4225,0.1775,0-3,2023,3248.0
34.4275,0.1775,0-3,2016,560.0
34.4275,0.1775,0-3,2019,944.0
34.4275,0.1775,0-3,2023,1392.0
34.1075,0.1825,0-3,2016,336.0
34.1075,0.1825,0-3,2019,640.0
34.1075,0.1825,0-3,2023,656.0
34.1125,0.1825,0-3,2016,592.0
34.1125,0.1825,0-3,2019,992.0
34.1125,0.1825,0-3,2023,1456.0
34.1175,0.1825,0-3,2016,1024.0
34.1175,0.1825,0-3,2019,1808.0
34.1175,0.1825,0-3,2023,1760.0
34.1225,0.1825,0-3,2016,144.0
34.1225,0.1825,0-3,2019,176.0
34.1225,0.1825,0-3,2023,304.0
34.1275,0.1825,0-3,2016,192.0
34.1275,0.1825,0-3,2019,336.0
34.1275,0.1825,0-3,2023,688.0
34.1375,0.1825,0-3,2016,352.0
34.1375,0.1825,0-3,2019,784.0
34.1375,0.1825,0-3,2023,1168.0
34.1425,0.1825,0-3,2016,1232.0
34.1425,0.1825,0-3,2019,1584.0
34.1425,0.1825,0-3,2023,2224.0
34.1475,0.1825,0-3,2016,1104.0
34.1475,0.1825,0-3,2019,1360.0
34.1475,0.1825,0-3,2023,1824.0
34.1525,0.1825,0-3,2016,896.0
34.1525,0.1825,0-3,2019,960.0
34.1525,0.1825,0-3,2023,1088.0
34.1575,0.1825,4-6,2016,896.0
34.1575,0.1825,4-6,2019,992.0
34.1575,0.1825,4-6,2023,1664.0
34.1625,0.1825,0-3,2016,2048.0
34.1625,0.1825,0-3,2019,2416.0
34.1625,0.1825,0-3,2023,3456.0
34.1675,0.1825,0-3,2016,2080.0
34.1675,0.1825,0-3,2019,2336.0
34.1675,0.1825,0-3,2023,3424.0
34.1725,0.1825,0-3,2016,1360.0
34.1725,0.1825,0-3,2019,1824.0
34.1725,0.1825,0-3,2023,2416.0
34.1775,0.1825,0-3,2016,2624.0
34.1775,0.1825,0-3,2019,3216.0
34.1775,0.1825,0-3,2023,4704.0
34.1825,0.1825,0-3,2016,3904.0
34.1825,0.1825,0-3,2019,5280.0
34.1825,0.1825,0-3,2023,6976.0
34.1875,0.1825,4-6,2016,3312.0
34.1875,0.1825,4-6,2019,4432.0
34.1875,0.1825,4-6,2023,5392.0
34.1925,0.1825,0-3,2016,3104.0
34.1925,0.1825,0-3,2019,4096.0
34.1925,0.1825,0-3,2023,5616.0
34.1975,0.1825,0-3,2016,1344.0
34.1975,0.1825,0-3,2019,1360.0
34.1975,0.1825,0-3,2023,1936.0
34.2025,0.1825,0-3,2016,3200.0
34.2025,0.1825,0-3,2019,4128.0
34.2025,0.1825,0-3,2023,6176.0
34.2075,0.1825,0-3,2016,4624.0
34.2075,0.1825,0-3,2019,4800.0
34.2075,0.1825,0-3,2023,6912.0
34.2125,0.1825,4-6,2016,3648.0
34.2125,0.1825,4-6,2019,4368.0
34.2125,0.1825,4-6,2023,5168.0
34.2175,0.1825,10-12,2016,5408.0
34.2175,0.1825,10-12,2019,5648.0
34.2175,0.1825,10-12,2023,7248.0
34.2225,0.1825,13-,2016,3232.0
34.2225,0.1825,13-,2019,4688.0
34.2225,0.1825,13-,2023,5056.0
34.2275,0.1825,0-3,2016,544.0
34.2275,0.1825,0-3,2019,944.0
34.2275,0.1825,0-3,2023,1168.0
34.2325,0.1825,0-3,2016,1840.0
34.2325,0.1825,0-3,2019,3616.0
34.2325,0.1825,0-3,2023,5056.0
34.2375,0.1825,0-3,2016,832.0
34.2375,0.1825,0-3,2019,1120.0
34.2375,0.1825,0-3,2023,1904.0
34.2425,0.1825,0-3,2016,1776.0
34.2425,0.1825,0-3,2019,2752.0
34.2425,0.1825,0-3,2023,3296.0
34.2475,0.1825,0-3,2016,976.0
34.2475,0.1825,0-3,2019,1424.0
34.2475,0.1825,0-3,2023,2048.0
34.3175,0.1825,0-3,2016,2336.0
34.3175,0.1825,0-3,2019,3184.0
34.3175,0.1825,0-3,2023,3264.0
34.3225,0.1825,0-3,2016,3664.0
34.3225,0.1825,0-3,2019,4912.0
34.3225,0.1825,0-3,2023,5680.0
34.3275,0.1825,0-3,2016,5072.0
34.3275,0.1825,0-3,2019,6656.0
34.3275,0.1825,0-3,2023,7392.0
34.3325,0.1825,0-3,2016,4656.0
34.3325,0.1825,0-3,2019,6592.0
34.3325,0.1825,0-3,2023,7520.0
34.3375,0.1825,0-3,2016,2688.0
34.3375,0.1825,0-3,2019,3504.0
34.3375,0.1825,0-3,2023,4016.0
34.3425,0.1825,0-3,2016,560.0
34.3425,0.1825,0-3,2019,896.0
34.3425,0.1825,0-3,2023,2176.0
34.3475,0.1825,10-12,2016,2432.0
34.3475,0.1825,10-12,2019,3232.0
34.3475,0.1825,10-12,2023,3264.0
34.3525,0.1825,13-,2016,2000.0
34.3525,0.1825,13-,2019,2448.0
34.3525,0.1825,13-,2023,2992.0
34.3575,0.1825,13-,2016,2384.0
34.3575,0.1825,13-,2019,3392.0
34.3575,0.1825,13-,2023,3040.0
34.3625,0.1825,13-,2016,2848.0
34.3625,0.1825,13-,2019,3792.0
34.3625,0.1825,13-,2023,3248.0
34.3675,0.1825,4-6,2016,1952.0
34.3675,0.1825,4-6,2019,2736.0
34.3675,0.1825,4-6,2023,2960.0
34.3725,0.1825,4-6,2016,4736.0
34.3725,0.1825,4-6,2019,5776.0
34.3725,0.1825,4-6,2023,6624.0
34.3775,0.1825,0-3,2016,1408.0
34.3775,0.1825,0-3,2019,2272.0
34.3775,0.1825,0-3,2023,2704.0
34.3825,0.1825,7-9,2016,2560.0
34.3825,0.1825,7-9,2019,3072.0
34.3825,0.1825,7-9,2023,3264.0
34.3875,0.1825,4-6,2016,1792.0
34.3875,0.1825,4-6,2019,2112.0
34.3875,0.1825,4-6,2023,2608.0
34.4025,0.1825,4-6,2016,864.0
34.4025,0.1825,4-6,2019,912.0
34.4025,0.1825,4-6,2023,1072.0
34.4075,0.1825,10-12,2016,2736.0
34.4075,0.1825,10-12,2019,3584.0
34.4075,0.1825,10-12,2023,4048.0
34.4125,0.1825,7-9,2016,2752.0
34.4125,0.1825,7-9,2019,3648.0
34.4125,0.1825,7-9,2023,4160.0
34.4175,0.1825,0-3,2016,3792.0
34.4175,0.1825,0-3,2019,5568.0
34.4175,0.1825,0-3,2023,5904.0
34.4225,0.1825,0-3,2016,1984.0
34.4225,0.1825,0-3,2019,2368.0
34.4225,0.1825,0-3,2023,2864.0
34.1075,0.1875,0-3,2016,528.0
34.1075,0.1875,0-3,2019,768.0
34.1075,0.1875,0-3,2023,608.0
34.1125,0.1875,0-3,2016,1600.0
34.1125,0.1875,0-3,2019,2448.0
34.1125,0.1875,0-3,2023,2736.0
34.1175,0.1875,0-3,2016,1200.0
34.1175,0.1875,0-3,2019,1696.0
34.1175,0.1875,0-3,2023,1840.0
34.1275,0.1875,0-3,2016,832.0
34.1275,0.1875,0-3,2019,960.0
34.1275,0.1875,0-3,2023,1328.0
34.1375,0.1875,0-3,2016,160.0
34.1375,0.1875,0-3,2019,384.0
34.1375,0.1875,0-3,2023,416.0
34.1425,0.1875,0-3,2016,1344.0
34.1425,0.1875,0-3,2019,1552.0
34.1425,0.1875,0-3,2023,1840.0
34.1475,0.1875,4-6,2016,912.0
34.1475,0.1875,4-6,2019,1248.0
34.1475,0.1875,4-6,2023,1568.0
34.1525,0.1875,4-6,2016,2064.0
34.1525,0.1875,4-6,2019,2560.0
34.1525,0.1875,4-6,2023,3872.0
34.1575,0.1875,0-3,2016,864.0
34.1575,0.1875,0-3,2019,1136.0
34.1575,0.1875,0-3,2023,1488.0
34.1625,0.1875,0-3,2016,4192.0
34.1625,0.1875,0-3,2019,5024.0
34.1625,0.1875,0-3,2023,7168.0
34.1675,0.1875,7-9,2016,2032.0
34.1675,0.1875,7-9,2019,2208.0
34.1675,0.1875,7-9,2023,3120.0
34.1725,0.1875,0-3,2016,720.0
34.1725,0.1875,0-3,2019,720.0
34.1725,0.1875,0-3,2023,1056.0
34.1775,0.1875,4-6,2016,4032.0
34.1775,0.1875,4-6,2019,5392.0
34.1775,0.1875,4-6,2023,7072.0
34.1825,0.1875,0-3,2016,3248.0
34.1825,0.1875,0-3,2019,4016.0
34.1825,0.1875,0-3,2023,5408.0
34.1875,0.1875,0-3,2016,4720.0
34.1875,0.1875,0-3,2019,7056.0
34.1875,0.1875,0-3,2023,8352.0
34.1925,0.1875,0-3,2016,3376.0
34.1925,0.1875,0-3,2019,5328.0
34.1925,0.1875,0-3,2023,7248.0
34.1975,0.1875,0-3,2016,1008.0
34.1975,0.1875,0-3,2019,1616.0
34.1975,0.1875,0-3,2023,2880.0
34.2025,0.1875,10-12,2016,1296.0
34.2025,0.1875,10-12,2019,1472.0
34.2025,0.1875,10-12,2023,2320.0
34.2075,0.1875,4-6,2016,2544.0
34.2075,0.1875,4-6,2019,3376.0
34.2075,0.1875,4-6,2023,4016.0
34.2125,0.1875,10-12,2016,3280.0
34.2125,0.1875,10-12,2019,4640.0
34.2125,0.1875,10-12,2023,5328.0
34.2175,0.1875,7-9,2016,3280.0
34.2175,0.1875,7-9,2019,4208.0
34.2175,0.1875,7-9,2023,5360.0
34.2225,0.1875,4-6,2016,1104.0
34.2225,0.1875,4-6,2019,1392.0
34.2225,0.1875,4-6,2023,2048.0
34.2275,0.1875,0-3,2016,656.0
34.2275,0.1875,0-3,2019,704.0
34.2275,0.1875,0-3,2023,816.0
34.2325,0.1875,0-3,2016,1152.0
34.2325,0.1875,0-3,2019,1056.0
34.2325,0.1875,0-3,2023,1328.0
34.2375,0.1875,7-9,2016,1152.0
34.2375,0.1875,7-9,2019,1792.0
34.2375,0.1875,7-9,2023,1888.0
34.2425,0.1875,0-3,2016,464.0
34.2425,0.1875,0-3,2019,688.0
34.2425,0.1875,0-3,2023,800.0
34.2475,0.1875,0-3,2016,1040.0
34.2475,0.1875,0-3,2019,1808.0
34.2475,0.1875,0-3,2023,1568.0
34.2525,0.1875,0-3,2016,1264.0
34.2525,0.1875,0-3,2019,1808.0
34.2525,0.1875,0-3,2023,1712.0
34.3225,0.1875,0-3,2016,3392.0
34.3225,0.1875,0-3,2019,4592.0
34.3225,0.1875,0-3,2023,6336.0
34.3275,0.1875,0-3,2016,3120.0
34.3275,0.1875,0-3,2019,3728.0
34.3275,0.1875,0-3,2023,4912.0
34.3325,0.1875,0-3,2016,6960.0
34.3325,0.1875,0-3,2019,9168.0
34.3325,0.1875,0-3,2023,11056.0
34.3375,0.1875,0-3,2016,2512.0
34.3375,0.1875,0-3,2019,3136.0
34.3375,0.1875,0-3,2023,3808.0
34.3425,0.1875,0-3,2016,800.0
34.3425,0.1875,0-3,2019,1312.0
34.3425,0.1875,0-3,2023,1856.0
34.3475,0.1875,0-3,2016,2800.0
34.3475,0.1875,0-3,2019,2944.0
34.3475,0.1875,0-3,2023,3584.0
34.3525,0.1875,0-3,2016,2896.0
34.3525,0.1875,0-3,2019,3632.0
34.3525,0.1875,0-3,2023,3968.0
34.3575,0.1875,4-6,2016,3120.0
34.3575,0.1875,4-6,2019,4496.0
34.3575,0.1875,4-6,2023,4352.0
34.3625,0.1875,0-3,2016,3568.0
34.3625,0.1875,0-3,2019,5152.0
34.3625,0.1875,0-3,2023,6288.0
34.3675,0.1875,7-9,2016,3008.0
34.3675,0.1875,7-9,2019,3936.0
34.3675,0.1875,7-9,2023,4480.0
34.3725,0.1875,10-12,2016,3056.0
34.3725,0.1875,10-12,2019,3216.0
34.3725,0.1875,10-12,2023,3408.0
34.3775,0.1875,10-12,2016,1840.0
34.3775,0.1875,10-12,2019,2464.0
34.3775,0.1875,10-12,2023,3136.0
34.3825,0.1875,7-9,2016,2272.0
34.3825,0.1875,7-9,2019,2736.0
34.3825,0.1875,7-9,2023,2640.0
34.3875,0.1875,0-3,2016,1712.0
34.3875,0.1875,0-3,2019,2480.0
34.3875,0.1875,0-3,2023,3104.0
34.4075,0.1875,0-3,2016,720.0
34.4075,0.1875,0-3,2019,800.0
34.4075,0.1875,0-3,2023,880.0
34.4125,0.1875,0-3,2016,544.0
34.4125,0.1875,0-3,2019,896.0
34.4125,0.1875,0-3,2023,1424.0
34.4175,0.1875,0-3,2016,768.0
34.4175,0.1875,0-3,2019,1120.0
34.4175,0.1875,0-3,2023,1936.0
34.4225,0.1875,0-3,2016,1824.0
34.4225,0.1875,0-3,2019,2464.0
34.4225,0.1875,0-3,2023,2496.0
34.4275,0.1875,0-3,2016,1392.0
34.4275,0.1875,0-3,2019,1984.0
34.4275,0.1875,0-3,2023,2192.0
34.1125,0.1925,0-3,2016,1728.0
34.1125,0.1925,0-3,2019,2144.0
34.1125,0.1925,0-3,2023,2480.0
34.1175,0.1925,0-3,2016,1744.0
34.1175,0.1925,0-3,2019,2384.0
34.1175,0.1925,0-3,2023,2768.0
34.1225,0.1925,0-3,2016,1824.0
34.1225,0.1925,0-3,2019,2320.0
34.1225,0.1925,0-3,2023,2624.0
34.1275,0.1925,0-3,2016,1792.0
34.1275,0.1925,0-3,2019,2032.0
34.1275,0.1925,0-3,2023,2144.0
34.1325,0.1925,4-6,2016,2768.0
34.1325,0.1925,4-6,2019,3088.0
34.1325,0.1925,4-6,2023,3264.0
34.1375,0.1925,0-3,2016,1408.0
34.1375,0.1925,0-3,2019,1200.0
34.1375,0.1925,0-3,2023,2352.0
34.1425,0.1925,0-3,2016,2048.0
34.1425,0.1925,0-3,2019,2304.0
34.1425,0.1925,0-3,2023,3616.0
34.1475,0.1925,7-9,2016,1488.0
34.1475,0.1925,7-9,2019,1616.0
34.1475,0.1925,7-9,2023,2320.0
34.1525,0.1925,4-6,2016,1216.0
34.1525,0.1925,4-6,2019,1552.0
34.1525,0.1925,4-6,2023,1696.0
34.1575,0.1925,0-3,2016,736.0
34.1575,0.1925,0-3,2019,1424.0
34.1575,0.1925,0-3,2023,1840.0
34.1625,0.1925,0-3,2016,2096.0
34.1625,0.1925,0-3,2019,3008.0
34.1625,0.1925,0-3,2023,4128.0
34.1725,0.1925,0-3,2016,272.0
34.1725,0.1925,0-3,2019,256.0
34.1725,0.1925,0-3,2023,432.0
34.1825,0.1925,0-3,2016,7664.0
34.1825,0.1925,0-3,2019,8256.0
34.1825,0.1925,0-3,2023,11456.0
34.2025,0.1925,7-9,2016,672.0
34.2025,0.1925,7-9,2019,1312.0
34.2025,0.1925,7-9,2023,2000.0
34.2075,0.1925,13-,2016,2048.0
34.2075,0.1925,13-,2019,2976.0
34.2075,0.1925,13-,2023,3200.0
34.2125,0.1925,4-6,2016,2592.0
34.2125,0.1925,4-6,2019,2880.0
34.2125,0.1925,4-6,2023,3920.0
34.2175,0.1925,13-,2016,2624.0
34.2175,0.1925,13-,2019,3552.0
34.2175,0.1925,13-,2023,4112.0
34.2225,0.1925,4-6,2016,1280.0
34.2225,0.1925,4-6,2019,1408.0
34.2225,0.1925,4-6,2023,2160.0
34.2275,0.1925,13-,2016,2016.0
34.2275,0.1925,13-,2019,2736.0
34.2275,0.1925,13-,2023,3312.0
34.2325,0.1925,13-,2016,1488.0
34.2325,0.1925,13-,2019,1920.0
34.2325,0.1925,13-,2023,2432.0
34.2375,0.1925,0-3,2016,272.0
34.2375,0.1925,0-3,2019,576.0
34.2375,0.1925,0-3,2023,896.0
34.2425,0.1925,0-3,2016,224.0
34.2425,0.1925,0-3,2019,320.0
34.2425,0.1925,0-3,2023,464.0
34.2475,0.1925,0-3,2016,2560.0
34.2475,0.1925,0-3,2019,3216.0
34.2475,0.1925,0-3,2023,3648.0
34.2525,0.1925,0-3,2016,1488.0
34.2525,0.1925,0-3,2019,2624.0
34.2525,0.1925,0-3,2023,3440.0
34.2575,0.1925,0-3,2016,1184.0
34.2575,0.1925,0-3,2019,1776.0
34.2575,0.1925,0-3,2023,2288.0
34.2625,0.1925,0-3,2016,2144.0
34.2625,0.1925,0-3,2019,2496.0
34.2625,0.1925,0-3,2023,3456.0
34.3225,0.1925,0-3,2016,2288.0
34.3225,0.1925,0-3,2019,3360.0
34.3225,0.1925,0-3,2023,4272.0
34.3275,0.1925,0-3,2016,2464.0
34.3275,0.1925,0-3,2019,3088.0
34.3275,0.1925,0-3,2023,3024.0
34.3325,0.1925,4-6,2016,1600.0
34.3325,0.1925,4-6,2019,1984.0
34.3325,0.1925,4-6,2023,3392.0
34.3375,0.1925,4-6,2016,4608.0
34.3375,0.1925,4-6,2019,5568.0
34.3375,0.1925,4-6,2023,5824.0
34.3425,0.1925,0-3,2016,3904.0
34.3425,0.1925,0-3,2019,5152.0
34.3425,0.1925,0-3,2023,6848.0
34.3475,0.1925,0-3,2016,3104.0
34.3475,0.1925,0-3,2019,4352.0
34.3475,0.1925,0-3,2023,6848.0
34.3575,0.1925,0-3,2016,2272.0
34.3575,0.1925,0-3,2019,2608.0
34.3575,0.1925,0-3,2023,2544.0
34.3625,0.1925,0-3,2016,1520.0
34.3625,0.1925,0-3,2019,1808.0
34.3625,0.1925,0-3,2023,2512.0
34.3675,0.1925,4-6,2016,3808.0
34.3675,0.1925,4-6,2019,5344.0
34.3675,0.1925,4-6,2023,5952.0
34.3725,0.1925,4-6,2016,1792.0
34.3725,0.1925,4-6,2019,2352.0
34.3725,0.1925,4-6,2023,2640.0
34.3775,0.1925,13-,2016,2048.0
34.3775,0.1925,13-,2019,2336.0
34.3775,0.1925,13-,2023,2464.0
34.3825,0.1925,7-9,2016,2304.0
34.3825,0.1925,7-9,2019,3616.0
34.3825,0.1925,7-9,2023,3488.0
34.3875,0.1925,13-,2016,2208.0
34.3875,0.1925,13-,2019,2592.0
34.3875,0.1925,13-,2023,2768.0
34.3925,0.1925,0-3,2016,2752.0
34.3925,0.1925,0-3,2019,3936.0
34.3925,0.1925,0-3,2023,4608.0
34.4075,0.1925,0-3,2016,1392.0
34.4075,0.1925,0-3,2019,1920.0
34.4075,0.1925,0-3,2023,2256.0
34.4125,0.1925,0-3,2016,2144.0
34.4125,0.1925,0-3,2019,2400.0
34.4125,0.1925,0-3,2023,2720.0
34.4175,0.1925,0-3,2016,1648.0
34.4175,0.1925,0-3,2019,2832.0
34.4175,0.1925,0-3,2023,3008.0
34.4225,0.1925,4-6,2016,3072.0
34.4225,0.1925,4-6,2019,4064.0
34.4225,0.1925,4-6,2023,4080.0
34.4275,0.1925,0-3,2016,3344.0
34.4275,0.1925,0-3,2019,3680.0
34.4275,0.1925,0-3,2023,4288.0
34.4325,0.1925,0-3,2016,2064.0
34.4325,0.1925,0-3,2019,3136.0
34.4325,0.1925,0-3,2023,3136.0
34.1175,0.1975,0-3,2016,1584.0
34.1175,0.1975,0-3,2019,2112.0
34.1175,0.1975,0-3,2023,2688.0
34.1225,0.1975,0-3,2016,2656.0
34.1225,0.1975,0-3,2019,4656.0
34.1225,0.1975,0-3,2023,4896.0
34.1275,0.1975,0-3,2016,1312.0
34.1275,0.1975,0-3,2019,1520.0
34.1275,0.1975,0-3,2023,1744.0
34.1325,0.1975,0-3,2016,1344.0
34.1325,0.1975,0-3,2019,1488.0
34.1325,0.1975,0-3,2023,1600.0
34.1375,0.1975,4-6,2016,1968.0
34.1375,0.1975,4-6,2019,2208.0
34.1375,0.1975,4-6,2023,4544.0
34.1425,0.1975,4-6,2016,1120.0
34.1425,0.1975,4-6,2019,1552.0
34.1425,0.1975,4-6,2023,1936.0
34.1475,0.1975,7-9,2016,1520.0
34.1475,0.1975,7-9,2019,1872.0
34.1475,0.1975,7-9,2023,2144.0
34.1525,0.1975,0-3,2016,288.0
34.1525,0.1975,0-3,2019,352.0
34.1525,0.1975,0-3,2023,656.0
34.1575,0.1975,10-12,2016,1552.0
34.1575,0.1975,10-12,2019,2144.0
34.1575,0.1975,10-12,2023,3216.0
34.1625,0.1975,4-6,2016,1120.0
34.1625,0.1975,4-6,2019,1520.0
34.1625,0.1975,4-6,2023,2432.0
34.1675,0.1975,0-3,2016,1328.0
34.1675,0.1975,0-3,2019,1824.0
34.1675,0.1975,0-3,2023,3152.0
34.1725,0.1975,7-9,2016,352.0
34.1725,0.1975,7-9,2019,448.0
34.1725,0.1975,7-9,2023,512.0
34.1775,0.1975,0-3,2016,1136.0
34.1775,0.1975,0-3,2019,1680.0
34.1775,0.1975,0-3,2023,1872.0
34.1825,0.1975,4-6,2016,4208.0
34.1825,0.1975,4-6,2019,5168.0
34.1825,0.1975,4-6,2023,6816.0
34.1975,0.1975,4-6,2016,2736.0
34.1975,0.1975,4-6,2019,4528.0
34.1975,0.1975,4-6,2023,6272.0
34.2025,0.1975,4-6,2016,960.0
34.2025,0.1975,4-6,2019,992.0
34.2025,0.1975,4-6,2023,1232.0
34.2075,0.1975,10-12,2016,3152.0
34.2075,0.1975,10-12,2019,3776.0
34.2075,0.1975,10-12,2023,4720.0
34.2125,0.1975,4-6,2016,3168.0
34.2125,0.1975,4-6,2019,3584.0
34.2125,0.1975,4-6,2023,6048.0
34.2175,0.1975,0-3,2016,1632.0
34.2175,0.1975,0-3,2019,2224.0
34.2175,0.1975,0-3,2023,3824.0
34.2225,0.1975,4-6,2016,2384.0
34.2225,0.1975,4-6,2019,3040.0
34.2225,0.1975,4-6,2023,3472.0
34.2275,0.1975,7-9,2016,3264.0
34.2275,0.1975,7-9,2019,4208.0
34.2275,0.1975,7-9,2023,4464.0
34.2325,0.1975,0-3,2016,1168.0
34.2325,0.1975,0-3,2019,1584.0
34.2325,0.1975,0-3,2023,1856.0
34.2375,0.1975,0-3,2016,1632.0
34.2375,0.1975,0-3,2019,2208.0
34.2375,0.1975,0-3,2023,3856.0
34.2425,0.1975,0-3,2016,1184.0
34.2425,0.1975,0-3,2019,1856.0
34.2425,0.1975,0-3,2023,1872.0
34.2475,0.1975,7-9,2016,2192.0
34.2475,0.1975,7-9,2019,3248.0
34.2475,0.1975,7-9,2023,4304.0
34.2525,0.1975,10-12,2016,3632.0
34.2525,0.1975,10-12,2019,4416.0
34.2525,0.1975,10-12,2023,5712.0
34.2575,0.1975,13-,2016,2496.0
34.2575,0.1975,13-,2019,2720.0
34.2575,0.1975,13-,2023,3408.0
34.2625,0.1975,7-9,2016,2624.0
34.2625,0.1975,7-9,2019,3328.0
34.2625,0.1975,7-9,2023,4784.0
34.2675,0.1975,0-3,2016,3024.0
34.2675,0.1975,0-3,2019,4208.0
34.2675,0.1975,0-3,2023,4320.0
34.2725,0.1975,0-3,2016,2112.0
34.2725,0.1975,0-3,2019,2288.0
34.2725,0.1975,0-3,2023,3056.0
34.3125,0.1975,0-3,2016,688.0
34.3125,0.1975,0-3,2019,832.0
34.3125,0.1975,0-3,2023,1152.0
34.3225,0.1975,0-3,2016,624.0
34.3225,0.1975,0-3,2019,1136.0
34.3225,0.1975,0-3,2023,1184.0
34.3275,0.1975,0-3,2016,496.0
34.3275,0.1975,0-3,2019,656.0
34.3275,0.1975,0-3,2023,1024.0
34.3325,0.1975,4-6,2016,1680.0
34.3325,0.1975,4-6,2019,2432.0
34.3325,0.1975,4-6,2023,3296.0
34.3375,0.1975,0-3,2016,1616.0
34.3375,0.1975,0-3,2019,2464.0
34.3375,0.1975,0-3,2023,2960.0
34.3675,0.1975,7-9,2016,3856.0
34.3675,0.1975,7-9,2019,4272.0
34.3675,0.1975,7-9,2023,4832.0
34.3725,0.1975,0-3,2016,5088.0
34.3725,0.1975,0-3,2019,6064.0
34.3725,0.1975,0-3,2023,7248.0
34.3775,0.1975,0-3,2016,3776.0
34.3775,0.1975,0-3,2019,4672.0
34.3775,0.1975,0-3,2023,4816.0
34.3825,0.1975,0-3,2016,2288.0
34.3825,0.1975,0-3,2019,2800.0
34.3825,0.1975,0-3,2023,3392.0
34.3875,0.1975,4-6,2016,3648.0
34.3875,0.1975,4-6,2019,4032.0
34.3875,0.1975,4-6,2023,4064.0
34.4125,0.1975,0-3,2016,1296.0
34.4125,0.1975,0-3,2019,1504.0
34.4125,0.1975,0-3,2023,2048.0
34.4175,0.1975,0-3,2016,2992.0
34.4175,0.1975,0-3,2019,3328.0
34.4175,0.1975,0-3,2023,3456.0
34.4225,0.1975,7-9,2016,1760.0
34.4225,0.1975,7-9,2019,2080.0
34.4225,0.1975,7-9,2023,2400.0
34.4275,0.1975,13-,2016,2240.0
34.4275,0.1975,13-,2019,2384.0
34.4275,0.1975,13-,2023,2720.0
34.4325,0.1975,7-9,2016,3312.0
34.4325,0.1975,7-9,2019,4080.0
34.4325,0.1975,7-9,2023,4480.0
34.1125,0.2025,7-9,2016,1312.0
34.1125,0.2025,7-9,2019,1600.0
34.1125,0.2025,7-9,2023,1984.0
34.1175,0.2025,4-6,2016,1232.0
34.1175,0.2025,4-6,2019,2096.0
34.1175,0.2025,4-6,2023,2192.0
34.1225,0.2025,4-6,2016,4544.0
34.1225,0.2025,4-6,2019,5536.0
34.1225,0.2025,4-6,2023,5440.0
34.1275,0.2025,4-6,2016,3376.0
34.1275,0.2025,4-6,2019,4128.0
34.1275,0.2025,4-6,2023,5200.0
34.1325,0.2025,4-6,2016,720.0
34.1325,0.2025,4-6,2019,1488.0
34.1325,0.2025,4-6,2023,1792.0
34.1375,0.2025,13-,2016,1168.0
34.1375,0.2025,13-,2019,1792.0
34.1375,0.2025,13-,2023,3184.0
34.1425,0.2025,10-12,2016,960.0
34.1425,0.2025,10-12,2019,1408.0
34.1425,0.2025,10-12,2023,1344.0
34.1475,0.2025,13-,2016,1888.0
34.1475,0.2025,13-,2019,2112.0
34.1475,0.2025,13-,2023,2320.0
34.1525,0.2025,0-3,2016,176.0
34.1525,0.2025,0-3,2019,288.0
34.1525,0.2025,0-3,2023,384.0
34.1575,0.2025,0-3,2016,1184.0
34.1575,0.2025,0-3,2019,1744.0
34.1575,0.2025,0-3,2023,2640.0
34.1625,0.2025,4-6,2016,1712.0
34.1625,0.2025,4-6,2019,2144.0
34.1625,0.2025,4-6,2023,2784.0
34.1675,0.2025,7-9,2016,1728.0
34.1675,0.2025,7-9,2019,2208.0
34.1675,0.2025,7-9,2023,2400.0
34.1725,0.2025,4-6,2016,944.0
34.1725,0.2025,4-6,2019,1264.0
34.1725,0.2025,4-6,2023,1744.0
34.1975,0.2025,4-6,2016,3888.0
34.1975,0.2025,4-6,2019,4416.0
34.1975,0.2025,4-6,2023,4896.0
34.2025,0.2025,0-3,2016,1872.0
34.2025,0.2025,0-3,2019,2160.0
34.2025,0.2025,0-3,2023,2944.0
34.2075,0.2025,10-12,2016,3264.0
34.2075,0.2025,10-12,2019,3888.0
34.2075,0.2025,10-12,2023,5040.0
34.2125,0.2025,10-12,2016,3840.0
34.2125,0.2025,10-12,2019,5152.0
34.2125,0.2025,10-12,2023,5728.0
34.2175,0.2025,13-,2016,2912.0
34.2175,0.2025,13-,2019,3408.0
34.2175,0.2025,13-,2023,4384.0
34.2225,0.2025,0-3,2016,3568.0
34.2225,0.2025,0-3,2019,3632.0
34.2225,0.2025,0-3,2023,4752.0
34.2275,0.2025,0-3,2016,2688.0
34.2275,0.2025,0-3,2019,3552.0
34.2275,0.2025,0-3,2023,4448.0
34.2325,0.2025,0-3,2016,2224.0
34.2325,0.2025,0-3,2019,2400.0
34.2325,0.2025,0-3,2023,3024.0
34.2375,0.2025,0-3,2016,2096.0
34.2375,0.2025,0-3,2019,2656.0
34.2375,0.2025,0-3,2023,3840.0
34.2425,0.2025,0-3,2016,1248.0
34.2425,0.2025,0-3,2019,2112.0
34.2425,0.2025,0-3,2023,2656.0
34.2475,0.2025,13-,2016,4352.0
34.2475,0.2025,13-,2019,5552.0
34.2475,0.2025,13-,2023,6384.0
34.2525,0.2025,13-,2016,5808.0
34.2525,0.2025,13-,2019,7616.0
34.2525,0.2025,13-,2023,9344.0
34.2575,0.2025,10-12,2016,4384.0
34.2575,0.2025,10-12,2019,4832.0
34.2575,0.2025,10-12,2023,6400.0
34.2625,0.2025,7-9,2016,2256.0
34.2625,0.2025,7-9,2019,2784.0
34.2625,0.2025,7-9,2023,3008.0
34.2675,0.2025,0-3,2016,3632.0
34.2675,0.2025,0-3,2019,5072.0
34.2675,0.2025,0-3,2023,5824.0
34.2725,0.2025,0-3,2016,2640.0
34.2725,0.2025,0-3,2019,3616.0
34.2725,0.2025,0-3,2023,4512.0
34.2775,0.2025,0-3,2016,1200.0
34.2775,0.2025,0-3,2019,1984.0
34.2775,0.2025,0-3,2023,2256.0
34.2825,0.2025,0-3,2016,2096.0
34.2825,0.2025,0-3,2019,2672.0
34.2825,0.2025,0-3,2023,3104.0
34.2875,0.2025,0-3,2016,1456.0
34.2875,0.2025,0-3,2019,2208.0
34.2875,0.2025,0-3,2023,2384.0
34.2975,0.2025,0-3,2016,1440.0
34.2975,0.2025,0-3,2019,1984.0
34.2975,0.2025,0-3,2023,2256.0
34.3025,0.2025,7-9,2016,1648.0
34.3025,0.2025,7-9,2019,2080.0
34.3025,0.2025,7-9,2023,2720.0
34.3075,0.2025,4-6,2016,2096.0
34.3075,0.2025,4-6,2019,2304.0
34.3075,0.2025,4-6,2023,2912.0
34.3125,0.2025,13-,2016,2320.0
34.3125,0.2025,13-,2019,2880.0
34.3125,0.2025,13-,2023,3168.0
34.3175,0.2025,7-9,2016,2208.0
34.3175,0.2025,7-9,2019,2720.0
34.3175,0.2025,7-9,2023,3280.0
34.3225,0.2025,0-3,2016,1152.0
34.3225,0.2025,0-3,2019,1888.0
34.3225,0.2025,0-3,2023,2544.0
34.3275,0.2025,0-3,2016,2640.0
34.3275,0.2025,0-3,2019,3360.0
34.3275,0.2025,0-3,2023,4512.0
34.3325,0.2025,4-6,2016,1632.0
34.3325,0.2025,4-6,2019,2128.0
34.3325,0.2025,4-6,2023,2688.0
34.3375,0.2025,0-3,2016,2016.0
34.3375,0.2025,0-3,2019,3152.0
34.3375,0.2025,0-3,2023,3376.0
34.3425,0.2025,4-6,2016,2288.0
34.3425,0.2025,4-6,2019,2816.0
34.3425,0.2025,4-6,2023,2944.0
34.3475,0.2025,4-6,2016,2992.0
34.3475,0.2025,4-6,2019,3904.0
34.3475,0.2025,4-6,2023,5520.0
34.3775,0.2025,0-3,2016,3440.0
34.3775,0.2025,0-3,2019,4016.0
34.3775,0.2025,0-3,2023,4304.0
34.3825,0.2025,0-3,2016,6336.0
34.3825,0.2025,0-3,2019,7024.0
34.3825,0.2025,0-3,2023,8992.0
34.3875,0.2025,4-6,2016,3664.0
34.3875,0.2025,4-6,2019,5200.0
34.3875,0.2025,4-6,2023,6288.0
34.3925,0.2025,0-3,2016,1664.0
34.3925,0.2025,0-3,2019,2608.0
34.3925,0.2025,0-3,2023,3392.0
34.4275,0.2025,0-3,2016,2448.0
34.4275,0.2025,0-3,2019,3712.0
34.4275,0.2025,0-3,2023,3680.0
34.4325,0.2025,7-9,2016,2880.0
34.4325,0.2025,7-9,2019,3152.0
34.4325,0.2025,7-9,2023,3856.0
34.4375,0.2025,4-6,2016,3328.0
34.4375,0.2025,4-6,2019,4032.0
34.4375,0.2025,4-6,2023,4592.0
34.4425,0.2025,7-9,2016,2048.0
34.4425,0.2025,7-9,2019,2464.0
34.4425,0.2025,7-9,2023,2368.0
34.4475,0.2025,7-9,2016,1296.0
34.4475,0.2025,7-9,2019,1824.0
34.4475,0.2025,7-9,2023,1824.0
34.1125,0.2075,4-6,2016,1440.0
34.1125,0.2075,4-6,2019,2192.0
34.1125,0.2075,4-6,2023,2352.0
34.1175,0.2075,13-,2016,2320.0
34.1175,0.2075,13-,2019,2736.0
34.1175,0.2075,13-,2023,2720.0
34.1275,0.2075,0-3,2016,896.0
34.1275,0.2075,0-3,2019,1488.0
34.1275,0.2075,0-3,2023,1984.0
34.1325,0.2075,0-3,2016,704.0
34.1325,0.2075,0-3,2019,912.0
34.1325,0.2075,0-3,2023,1040.0
34.1375,0.2075,0-3,2016,912.0
34.1375,0.2075,0-3,2019,1280.0
34.1375,0.2075,0-3,2023,1536.0
34.1425,0.2075,0-3,2016,1056.0
34.1425,0.2075,0-3,2019,1984.0
34.1425,0.2075,0-3,2023,2480.0
34.1475,0.2075,4-6,2016,1344.0
34.1475,0.2075,4-6,2019,1728.0
34.1475,0.2075,4-6,2023,2288.0
34.1525,0.2075,4-6,2016,912.0
34.1525,0.2075,4-6,2019,1408.0
34.1525,0.2075,4-6,2023,1504.0
34.1575,0.2075,4-6,2016,768.0
34.1575,0.2075,4-6,2019,896.0
34.1575,0.2075,4-6,2023,2032.0
34.1625,0.2075,7-9,2016,2672.0
34.1625,0.2075,7-9,2019,3584.0
34.1625,0.2075,7-9,2023,4096.0
34.1675,0.2075,13-,2016,3024.0
34.1675,0.2075,13-,2019,3264.0
34.1675,0.2075,13-,2023,3776.0
34.1725,0.2075,13-,2016,2352.0
34.1725,0.2075,13-,2019,2400.0
34.1725,0.2075,13-,2023,2944.0
34.2025,0.2075,0-3,2016,1520.0
34.2025,0.2075,0-3,2019,1920.0
34.2025,0.2075,0-3,2023,2960.0
34.2075,0.2075,0-3,2016,1312.0
34.2075,0.2075,0-3,2019,1536.0
34.2075,0.2075,0-3,2023,2064.0
34.2125,0.2075,10-12,2016,3152.0
34.2125,0.2075,10-12,2019,3728.0
34.2125,0.2075,10-12,2023,4496.0
34.2175,0.2075,0-3,2016,8848.0
34.2175,0.2075,0-3,2019,10448.0
34.2175,0.2075,0-3,2023,14224.0
34.2225,0.2075,0-3,2016,3392.0
34.2225,0.2075,0-3,2019,4880.0
34.2225,0.2075,0-3,2023,5984.0
34.2275,0.2075,0-3,2016,1776.0
34.2275,0.2075,0-3,2019,2464.0
34.2275,0.2075,0-3,2023,3072.0
34.2325,0.2075,0-3,2016,1792.0
34.2325,0.2075,0-3,2019,2144.0
34.2325,0.2075,0-3,2023,3184.0
34.2375,0.2075,0-3,2016,2032.0
34.2375,0.2075,0-3,2019,2464.0
34.2375,0.2075,0-3,2023,2608.0
34.2425,0.2075,0-3,2016,2704.0
34.2425,0.2075,0-3,2019,3456.0
34.2425,0.2075,0-3,2023,3984.0
34.2475,0.2075,0-3,2016,2432.0
34.2475,0.2075,0-3,2019,2960.0
34.2475,0.2075,0-3,2023,3392.0
34.2525,0.2075,4-6,2016,1824.0
34.2525,0.2075,4-6,2019,2208.0
34.2525,0.2075,4-6,2023,3344.0
34.2575,0.2075,7-9,2016,4544.0
34.2575,0.2075,7-9,2019,6272.0
34.2575,0.2075,7-9,2023,7248.0
34.2625,0.2075,7-9,2016,3232.0
34.2625,0.2075,7-9,2019,4656.0
34.2625,0.2075,7-9,2023,5216.0
34.2675,0.2075,0-3,2016,4464.0
34.2675,0.2075,0-3,2019,7232.0
34.2675,0.2075,0-3,2023,7632.0
34.2725,0.2075,0-3,2016,3216.0
34.2725,0.2075,0-3,2019,3600.0
34.2725,0.2075,0-3,2023,3952.0
34.2775,0.2075,4-6,2016,2224.0
34.2775,0.2075,4-6,2019,2640.0
34.2775,0.2075,4-6,2023,3088.0
34.2825,0.2075,0-3,2016,1072.0
34.2825,0.2075,0-3,2019,1312.0
34.2825,0.2075,0-3,2023,2400.0
34.2875,0.2075,0-3,2016,1920.0
34.2875,0.2075,0-3,2019,2464.0
34.2875,0.2075,0-3,2023,3008.0
34.2925,0.2075,13-,2016,3056.0
34.2925,0.2075,13-,2019,3152.0
34.2925,0.2075,13-,2023,3856.0
34.2975,0.2075,13-,2016,6640.0
34.2975,0.2075,13-,2019,8960.0
34.2975,0.2075,13-,2023,10880.0
34.3025,0.2075,13-,2016,6976.0
34.3025,0.2075,13-,2019,8464.0
34.3025,0.2075,13-,2023,9856.0
34.3075,0.2075,7-9,2016,4672.0
34.3075,0.2075,7-9,2019,5376.0
34.3075,0.2075,7-9,2023,6800.0
34.3125,0.2075,13-,2016,4848.0
34.3125,0.2075,13-,2019,5584.0
34.3125,0.2075,13-,2023,5536.0
34.3175,0.2075,7-9,2016,2848.0
34.3175,0.2075,7-9,2019,4048.0
34.3175,0.2075,7-9,2023,5712.0
34.3225,0.2075,0-3,2016,1344.0
34.3225,0.2075,0-3,2019,1776.0
34.3225,0.2075,0-3,2023,2928.0
34.3275,0.2075,0-3,2016,2448.0
34.3275,0.2075,0-3,2019,3408.0
34.3275,0.2075,0-3,2023,4512.0
34.3325,0.2075,4-6,2016,2672.0
34.3325,0.2075,4-6,2019,3328.0
34.3325,0.2075,4-6,2023,4336.0
34.3375,0.2075,4-6,2016,2880.0
34.3375,0.2075,4-6,2019,4448.0
34.3375,0.2075,4-6,2023,5072.0
34.3425,0.2075,10-12,2016,3888.0
34.3425,0.2075,10-12,2019,4640.0
34.3425,0.2075,10-12,2023,5600.0
34.3475,0.2075,4-6,2016,5056.0
34.3475,0.2075,4-6,2019,6432.0
34.3475,0.2075,4-6,2023,6560.0
34.3575,0.2075,0-3,2016,3808.0
34.3575,0.2075,0-3,2019,5120.0
34.3575,0.2075,0-3,2023,5296.0
34.3775,0.2075,7-9,2016,3776.0
34.3775,0.2075,7-9,2019,4944.0
34.3775,0.2075,7-9,2023,5344.0
34.3825,0.2075,7-9,2016,3968.0
34.3825,0.2075,7-9,2019,4816.0
34.3825,0.2075,7-9,2023,5120.0
34.3875,0.2075,0-3,2016,2032.0
34.3875,0.2075,0-3,2019,2400.0
34.3875,0.2075,0-3,2023,2848.0
34.4275,0.2075,0-3,2016,784.0
34.4275,0.2075,0-3,2019,1184.0
34.4275,0.2075,0-3,2023,1040.0
34.4325,0.2075,4-6,2016,3840.0
34.4325,0.2075,4-6,2019,4768.0
34.4325,0.2075,4-6,2023,4832.0
34.4375,0.2075,4-6,2016,3904.0
34.4375,0.2075,4-6,2019,5392.0
34.4375,0.2075,4-6,2023,5376.0
34.4425,0.2075,13-,2016,3408.0
34.4425,0.2075,13-,2019,4544.0
34.4425,0.2075,13-,2023,4848.0
34.4475,0.2075,10-12,2016,2880.0
34.4475,0.2075,10-12,2019,3600.0
34.4475,0.2075,10-12,2023,3808.0
34.1175,0.2125,4-6,2016,1344.0
34.1175,0.2125,4-6,2019,1440.0
34.1175,0.2125,4-6,2023,1856.0
34.1225,0.2125,4-6,2016,2608.0
34.1225,0.2125,4-6,2019,3024.0
34.1225,0.2125,4-6,2023,3552.0
34.1275,0.2125,0-3,2016,560.0
34.1275,0.2125,0-3,2019,1024.0
34.1275,0.2125,0-3,2023,1008.0
34.1325,0.2125,0-3,2016,1024.0
34.1325,0.2125,0-3,2019,1616.0
34.1325,0.2125,0-3,2023,2192.0
34.1375,0.2125,0-3,2016,1296.0
34.1375,0.2125,0-3,2019,1440.0
34.1375,0.2125,0-3,2023,1888.0
34.1425,0.2125,0-3,2016,1232.0
34.1425,0.2125,0-3,2019,1536.0
34.1425,0.2125,0-3,2023,2160.0
34.1475,0.2125,0-3,2016,1008.0
34.1475,0.2125,0-3,2019,1696.0
34.1475,0.2125,0-3,2023,2208.0
34.1525,0.2125,7-9,2016,1504.0
34.1525,0.2125,7-9,2019,2656.0
34.1525,0.2125,7-9,2023,3152.0
34.1625,0.2125,10-12,2016,1744.0
34.1625,0.2125,10-12,2019,2624.0
34.1625,0.2125,10-12,2023,2960.0
34.1675,0.2125,4-6,2016,1856.0
34.1675,0.2125,4-6,2019,2640.0
34.1675,0.2125,4-6,2023,3920.0
34.1725,0.2125,7-9,2016,1936.0
34.1725,0.2125,7-9,2019,1808.0
34.1725,0.2125,7-9,2023,2128.0
34.1975,0.2125,0-3,2016,2992.0
34.1975,0.2125,0-3,2019,3856.0
34.1975,0.2125,0-3,2023,6960.0
34.2025,0.2125,0-3,2016,1888.0
34.2025,0.2125,0-3,2019,2720.0
34.2025,0.2125,0-3,2023,3856.0
34.2075,0.2125,0-3,2016,2272.0
34.2075,0.2125,0-3,2019,3024.0
34.2075,0.2125,0-3,2023,5792.0
34.2125,0.2125,13-,2016,1872.0
34.2125,0.2125,13-,2019,2240.0
34.2125,0.2125,13-,2023,3072.0
34.2175,0.2125,7-9,2016,2192.0
34.2175,0.2125,7-9,2019,2992.0
34.2175,0.2125,7-9,2023,4528.0
34.2225,0.2125,4-6,2016,1456.0
34.2225,0.2125,4-6,2019,2096.0
34.2225,0.2125,4-6,2023,2496.0
34.2275,0.2125,4-6,2016,2304.0
34.2275,0.2125,4-6,2019,2944.0
34.2275,0.2125,4-6,2023,3472.0
34.2325,0.2125,7-9,2016,1488.0
34.2325,0.2125,7-9,2019,1824.0
34.2325,0.2125,7-9,2023,2352.0
34.2375,0.2125,0-3,2016,1728.0
34.2375,0.2125,0-3,2019,2304.0
34.2375,0.2125,0-3,2023,2928.0
34.2425,0.2125,0-3,2016,3696.0
34.2425,0.2125,0-3,2019,4784.0
34.2425,0.2125,0-3,2023,6192.0
34.2475,0.2125,0-3,2016,5072.0
34.2475,0.2125,0-3,2019,5680.0
34.2475,0.2125,0-3,2023,7936.0
34.2525,0.2125,4-6,2016,3120.0
34.2525,0.2125,4-6,2019,4656.0
34.2525,0.2125,4-6,2023,6064.0
34.2575,0.2125,0-3,2016,4176.0
34.2575,0.2125,0-3,2019,5984.0
34.2575,0.2125,0-3,2023,8080.0
34.2625,0.2125,13-,2016,9456.0
34.2625,0.2125,13-,2019,12672.0
34.2625,0.2125,13-,2023,13328.0
34.2675,0.2125,0-3,2016,5168.0
34.2675,0.2125,0-3,2019,8144.0
34.2675,0.2125,0-3,2023,10304.0
34.2725,0.2125,0-3,2016,3376.0
34.2725,0.2125,0-3,2019,5312.0
34.2725,0.2125,0-3,2023,6000.0
34.2775,0.2125,13-,2016,4224.0
34.2775,0.2125,13-,2019,5296.0
34.2775,0.2125,13-,2023,5808.0
34.2825,0.2125,10-12,2016,2912.0
34.2825,0.2125,10-12,2019,4016.0
34.2825,0.2125,10-12,2023,4272.0
34.2875,0.2125,13-,2016,1968.0
34.2875,0.2125,13-,2019,2480.0
34.2875,0.2125,13-,2023,3008.0
34.2925,0.2125,0-3,2016,144.0
34.2925,0.2125,0-3,2019,96.0
34.2925,0.2125,0-3,2023,1648.0
34.2975,0.2125,10-12,2016,1264.0
34.2975,0.2125,10-12,2019,2032.0
34.2975,0.2125,10-12,2023,3024.0
34.3025,0.2125,13-,2016,2832.0
34.3025,0.2125,13-,2019,4144.0
34.3025,0.2125,13-,2023,5008.0
34.3075,0.2125,7-9,2016,4368.0
34.3075,0.2125,7-9,2019,5408.0
34.3075,0.2125,7-9,2023,6832.0
34.3125,0.2125,0-3,2016,3312.0
34.3125,0.2125,0-3,2019,4336.0
34.3125,0.2125,0-3,2023,5712.0
34.3175,0.2125,4-6,2016,1392.0
34.3175,0.2125,4-6,2019,1840.0
34.3175,0.2125,4-6,2023,1936.0
34.3225,0.2125,0-3,2016,912.0
34.3225,0.2125,0-3,2019,1200.0
34.3225,0.2125,0-3,2023,1520.0
34.3275,0.2125,4-6,2016,752.0
34.3275,0.2125,4-6,2019,1264.0
34.3275,0.2125,4-6,2023,1392.0
34.3325,0.2125,7-9,2016,2336.0
34.3325,0.2125,7-9,2019,2784.0
34.3325,0.2125,7-9,2023,3584.0
34.3375,0.2125,10-12,2016,2288.0
34.3375,0.2125,10-12,2019,2368.0
34.3375,0.2125,10-12,2023,3424.0
34.3425,0.2125,7-9,2016,2752.0
34.3425,0.2125,7-9,2019,3504.0
34.3425,0.2125,7-9,2023,4976.0
34.3475,0.2125,0-3,2016,3216.0
34.3475,0.2125,0-3,2019,3872.0
34.3475,0.2125,0-3,2023,4864.0
34.3575,0.2125,0-3,2016,3600.0
34.3575,0.2125,0-3,2019,4624.0
34.3575,0.2125,0-3,2023,5248.0
34.3625,0.2125,0-3,2016,2192.0
34.3625,0.2125,0-3,2019,2608.0
34.3625,0.2125,0-3,2023,2832.0
34.3675,0.2125,0-3,2016,144.0
34.3675,0.2125,0-3,2019,160.0
34.3675,0.2125,0-3,2023,288.0
34.3725,0.2125,10-12,2016,3056.0
34.3725,0.2125,10-12,2019,3872.0
34.3725,0.2125,10-12,2023,3936.0
34.3775,0.2125,0-3,2016,3824.0
34.3775,0.2125,0-3,2019,4768.0
34.3775,0.2125,0-3,2023,4896.0
34.3825,0.2125,0-3,2016,3824.0
34.3825,0.2125,0-3,2019,4432.0
34.3825,0.2125,0-3,2023,5344.0
34.3875,0.2125,0-3,2016,240.0
34.3875,0.2125,0-3,2019,560.0
34.3875,0.2125,0-3,2023,688.0
34.3925,0.2125,0-3,2016,1056.0
34.3925,0.2125,0-3,2019,1520.0
34.3925,0.2125,0-3,2023,1584.0
34.4325,0.2125,0-3,2016,976.0
34.4325,0.2125,0-3,2019,1456.0
34.4325,0.2125,0-3,2023,1392.0
34.4375,0.2125,0-3,2016,2432.0
34.4375,0.2125,0-3,2019,3584.0
34.4375,0.2125,0-3,2023,4144.0
34.4425,0.2125,0-3,2016,2832.0
34.4425,0.2125,0-3,2019,3296.0
34.4425,0.2125,0-3,2023,3584.0
34.4475,0.2125,4-6,2016,3376.0
34.4475,0.2125,4-6,2019,4864.0
34.4475,0.2125,4-6,2023,5296.0
34.1175,0.2175,0-3,2016,368.0
34.1175,0.2175,0-3,2019,448.0
34.1175,0.2175,0-3,2023,512.0
34.1225,0.2175,0-3,2016,1616.0
34.1225,0.2175,0-3,2019,2032.0
34.1225,0.2175,0-3,2023,2576.0
34.1275,0.2175,0-3,2016,1584.0
34.1275,0.2175,0-3,2019,2272.0
34.1275,0.2175,0-3,2023,2544.0
34.1325,0.2175,0-3,2016,992.0
34.1325,0.2175,0-3,2019,1264.0
34.1325,0.2175,0-3,2023,1440.0
34.1375,0.2175,0-3,2016,2688.0
34.1375,0.2175,0-3,2019,3424.0
34.1375,0.2175,0-3,2023,3888.0
34.1425,0.2175,0-3,2016,2000.0
34.1425,0.2175,0-3,2019,2320.0
34.1425,0.2175,0-3,2023,3248.0
34.1475,0.2175,0-3,2016,1488.0
34.1475,0.2175,0-3,2019,1840.0
34.1475,0.2175,0-3,2023,2464.0
34.1525,0.2175,0-3,2016,1088.0
34.1525,0.2175,0-3,2019,1312.0
34.1525,0.2175,0-3,2023,1840.0
34.1575,0.2175,0-3,2016,2224.0
34.1575,0.2175,0-3,2019,2592.0
34.1575,0.2175,0-3,2023,3232.0
34.1625,0.2175,0-3,2016,2336.0
34.1625,0.2175,0-3,2019,2784.0
34.1625,0.2175,0-3,2023,3376.0
34.1675,0.2175,4-6,2016,1584.0
34.1675,0.2175,4-6,2019,2048.0
34.1675,0.2175,4-6,2023,2960.0
34.1725,0.2175,4-6,2016,416.0
34.1725,0.2175,4-6,2019,480.0
34.1725,0.2175,4-6,2023,512.0
34.1925,0.2175,0-3,2016,1504.0
34.1925,0.2175,0-3,2019,1872.0
34.1925,0.2175,0-3,2023,2176.0
34.1975,0.2175,0-3,2016,1088.0
34.1975,0.2175,0-3,2019,1472.0
34.1975,0.2175,0-3,2023,2320.0
34.2025,0.2175,0-3,2016,4640.0
34.2025,0.2175,0-3,2019,5152.0
34.2025,0.2175,0-3,2023,7424.0
34.2075,0.2175,4-6,2016,3840.0
34.2075,0.2175,4-6,2019,4352.0
34.2075,0.2175,4-6,2023,4736.0
34.2125,0.2175,7-9,2016,1520.0
34.2125,0.2175,7-9,2019,1744.0
34.2125,0.2175,7-9,2023,2000.0
34.2175,0.2175,4-6,2016,2112.0
34.2175,0.2175,4-6,2019,2272.0
34.2175,0.2175,4-6,2023,3616.0
34.2225,0.2175,4-6,2016,2528.0
34.2225,0.2175,4-6,2019,4016.0
34.2225,0.2175,4-6,2023,5488.0
34.2275,0.2175,13-,2016,2992.0
34.2275,0.2175,13-,2019,4128.0
34.2275,0.2175,13-,2023,4992.0
34.2325,0.2175,4-6,2016,1520.0
34.2325,0.2175,4-6,2019,2000.0
34.2325,0.2175,4-6,2023,2432.0
34.2375,0.2175,0-3,2016,1552.0
34.2375,0.2175,0-3,2019,1776.0
34.2375,0.2175,0-3,2023,2064.0
34.2475,0.2175,4-6,2016,2048.0
34.2475,0.2175,4-6,2019,2240.0
34.2475,0.2175,4-6,2023,2560.0
34.2525,0.2175,4-6,2016,1936.0
34.2525,0.2175,4-6,2019,2080.0
34.2525,0.2175,4-6,2023,2192.0
34.2575,0.2175,0-3,2016,2688.0
34.2575,0.2175,0-3,2019,4512.0
34.2575,0.2175,0-3,2023,5968.0
34.2625,0.2175,0-3,2016,6256.0
34.2625,0.2175,0-3,2019,8592.0
34.2625,0.2175,0-3,2023,11072.0
34.2675,0.2175,10-12,2016,9168.0
34.2675,0.2175,10-12,2019,12896.0
34.2675,0.2175,10-12,2023,17072.0
34.2725,0.2175,0-3,2016,3680.0
34.2725,0.2175,0-3,2019,4416.0
34.2725,0.2175,0-3,2023,6192.0
34.2775,0.2175,10-12,2016,2912.0
34.2775,0.2175,10-12,2019,3776.0
34.2775,0.2175,10-12,2023,5168.0
34.2825,0.2175,0-3,2016,864.0
34.2825,0.2175,0-3,2019,992.0
34.2825,0.2175,0-3,2023,1408.0
34.2875,0.2175,0-3,2016,1376.0
34.2875,0.2175,0-3,2019,1680.0
34.2875,0.2175,0-3,2023,1760.0
34.2925,0.2175,0-3,2016,128.0
34.2925,0.2175,0-3,2019,320.0
34.2925,0.2175,0-3,2023,304.0
34.2975,0.2175,0-3,2016,3216.0
34.2975,0.2175,0-3,2019,3760.0
34.2975,0.2175,0-3,2023,4560.0
34.3025,0.2175,0-3,2016,3008.0
34.3025,0.2175,0-3,2019,4384.0
34.3025,0.2175,0-3,2023,5024.0
34.3075,0.2175,7-9,2016,4320.0
34.3075,0.2175,7-9,2019,5824.0
34.3075,0.2175,7-9,2023,5664.0
34.3125,0.2175,13-,2016,3104.0
34.3125,0.2175,13-,2019,4224.0
34.3125,0.2175,13-,2023,5120.0
34.3175,0.2175,7-9,2016,1216.0
34.3175,0.2175,7-9,2019,1888.0
34.3175,0.2175,7-9,2023,2128.0
34.3225,0.2175,13-,2016,2192.0
34.3225,0.2175,13-,2019,3456.0
34.3225,0.2175,13-,2023,4224.0
34.3275,0.2175,7-9,2016,2640.0
34.3275,0.2175,7-9,2019,3376.0
34.3275,0.2175,7-9,2023,4848.0
34.3325,0.2175,13-,2016,2752.0
34.3325,0.2175,13-,2019,3856.0
34.3325,0.2175,13-,2023,4336.0
34.3375,0.2175,13-,2016,2432.0
34.3375,0.2175,13-,2019,2992.0
34.3375,0.2175,13-,2023,3152.0
34.3425,0.2175,7-9,2016,2032.0
34.3425,0.2175,7-9,2019,2864.0
34.3425,0.2175,7-9,2023,4336.0
34.3475,0.2175,0-3,2016,2512.0
34.3475,0.2175,0-3,2019,3632.0
34.3475,0.2175,0-3,2023,3296.0
34.3525,0.2175,10-12,2016,2528.0
34.3525,0.2175,10-12,2019,3312.0
34.3525,0.2175,10-12,2023,3712.0
34.3575,0.2175,0-3,2016,1104.0
34.3575,0.2175,0-3,2019,1488.0
34.3575,0.2175,0-3,2023,1904.0
34.3625,0.2175,0-3,2016,2416.0
34.3625,0.2175,0-3,2019,3488.0
34.3625,0.2175,0-3,2023,3920.0
34.3675,0.2175,4-6,2016,1328.0
34.3675,0.2175,4-6,2019,1920.0
34.3675,0.2175,4-6,2023,2144.0
34.3725,0.2175,10-12,2016,2800.0
34.3725,0.2175,10-12,2019,3744.0
34.3725,0.2175,10-12,2023,4464.0
34.3775,0.2175,10-12,2016,3504.0
34.3775,0.2175,10-12,2019,5008.0
34.3775,0.2175,10-12,2023,5456.0
34.3825,0.2175,0-3,2016,2592.0
34.3825,0.2175,0-3,2019,3344.0
34.3825,0.2175,0-3,2023,4160.0
34.3875,0.2175,0-3,2016,384.0
34.3875,0.2175,0-3,2019,640.0
34.3875,0.2175,0-3,2023,720.0
34.4425,0.2175,0-3,2016,12976.0
34.4425,0.2175,0-3,2019,13360.0
34.4425,0.2175,0-3,2023,14704.0
34.1175,0.2225,0-3,2016,400.0
34.1175,0.2225,0-3,2019,496.0
34.1175,0.2225,0-3,2023,464.0
34.1225,0.2225,13-,2016,1520.0
34.1225,0.2225,13-,2019,2064.0
34.1225,0.2225,13-,2023,2128.0
34.1275,0.2225,7-9,2016,1632.0
34.1275,0.2225,7-9,2019,2192.0
34.1275,0.2225,7-9,2023,2144.0
34.1325,0.2225,7-9,2016,1360.0
34.1325,0.2225,7-9,2019,1616.0
34.1325,0.2225,7-9,2023,1728.0
34.1375,0.2225,0-3,2016,5744.0
34.1375,0.2225,0-3,2019,6720.0
34.1375,0.2225,0-3,2023,7664.0
34.1425,0.2225,0-3,2016,1504.0
34.1425,0.2225,0-3,2019,2688.0
34.1425,0.2225,0-3,2023,3808.0
34.1475,0.2225,0-3,2016,656.0
34.1475,0.2225,0-3,2019,848.0
34.1475,0.2225,0-3,2023,752.0
34.1525,0.2225,10-12,2016,1200.0
34.1525,0.2225,10-12,2019,1248.0
34.1525,0.2225,10-12,2023,2080.0
34.1575,0.2225,4-6,2016,1808.0
34.1575,0.2225,4-6,2019,2448.0
34.1575,0.2225,4-6,2023,2640.0
34.1625,0.2225,0-3,2016,1808.0
34.1625,0.2225,0-3,2019,2560.0
34.1625,0.2225,0-3,2023,3408.0
34.1675,0.2225,0-3,2016,2848.0
34.1675,0.2225,0-3,2019,3600.0
34.1675,0.2225,0-3,2023,5616.0
34.1925,0.2225,0-3,2016,1904.0
34.1925,0.2225,0-3,2019,2416.0
34.1925,0.2225,0-3,2023,3232.0
34.1975,0.2225,0-3,2016,2336.0
34.1975,0.2225,0-3,2019,3168.0
34.1975,0.2225,0-3,2023,3232.0
34.2025,0.2225,0-3,2016,4224.0
34.2025,0.2225,0-3,2019,4640.0
34.2025,0.2225,0-3,2023,4752.0
34.2075,0.2225,13-,2016,2592.0
34.2075,0.2225,13-,2019,3024.0
34.2075,0.2225,13-,2023,3904.0
34.2125,0.2225,7-9,2016,2224.0
34.2125,0.2225,7-9,2019,2560.0
34.2125,0.2225,7-9,2023,4016.0
34.2175,0.2225,4-6,2016,912.0
34.2175,0.2225,4-6,2019,1904.0
34.2175,0.2225,4-6,2023,2288.0
34.2225,0.2225,4-6,2016,1184.0
34.2225,0.2225,4-6,2019,2128.0
34.2225,0.2225,4-6,2023,3056.0
34.2275,0.2225,0-3,2016,3056.0
34.2275,0.2225,0-3,2019,3792.0
34.2275,0.2225,0-3,2023,4288.0
34.2325,0.2225,10-12,2016,1760.0
34.2325,0.2225,10-12,2019,2416.0
34.2325,0.2225,10-12,2023,3472.0
34.2375,0.2225,7-9,2016,1008.0
34.2375,0.2225,7-9,2019,1424.0
34.2375,0.2225,7-9,2023,1696.0
34.2425,0.2225,10-12,2016,4736.0
34.2425,0.2225,10-12,2019,6192.0
34.2425,0.2225,10-12,2023,7600.0
34.2475,0.2225,13-,2016,1488.0
34.2475,0.2225,13-,2019,3056.0
34.2475,0.2225,13-,2023,3360.0
34.2525,0.2225,4-6,2016,3520.0
34.2525,0.2225,4-6,2019,5472.0
34.2525,0.2225,4-6,2023,6032.0
34.2575,0.2225,7-9,2016,1936.0
34.2575,0.2225,7-9,2019,3088.0
34.2575,0.2225,7-9,2023,3680.0
34.2625,0.2225,7-9,2016,2064.0
34.2625,0.2225,7-9,2019,3248.0
34.2625,0.2225,7-9,2023,4784.0
34.2675,0.2225,7-9,2016,4336.0
34.2675,0.2225,7-9,2019,5552.0
34.2675,0.2225,7-9,2023,6800.0
34.2725,0.2225,13-,2016,2496.0
34.2725,0.2225,13-,2019,3072.0
34.2725,0.2225,13-,2023,4288.0
34.2775,0.2225,0-3,2016,976.0
34.2775,0.2225,0-3,2019,1536.0
34.2775,0.2225,0-3,2023,1504.0
34.2825,0.2225,0-3,2016,720.0
34.2825,0.2225,0-3,2019,992.0
34.2825,0.2225,0-3,2023,1312.0
34.2875,0.2225,0-3,2016,1536.0
34.2875,0.2225,0-3,2019,2016.0
34.2875,0.2225,0-3,2023,2192.0
34.2925,0.2225,0-3,2016,1248.0
34.2925,0.2225,0-3,2019,1696.0
34.2925,0.2225,0-3,2023,2384.0
34.2975,0.2225,0-3,2016,272.0
34.2975,0.2225,0-3,2019,352.0
34.2975,0.2225,0-3,2023,384.0
34.3025,0.2225,0-3,2016,2832.0
34.3025,0.2225,0-3,2019,3088.0
34.3025,0.2225,0-3,2023,3696.0
34.3075,0.2225,13-,2016,3664.0
34.3075,0.2225,13-,2019,4880.0
34.3075,0.2225,13-,2023,5088.0
34.3125,0.2225,10-12,2016,4752.0
34.3125,0.2225,10-12,2019,6432.0
34.3125,0.2225,10-12,2023,6592.0
34.3175,0.2225,4-6,2016,2736.0
34.3175,0.2225,4-6,2019,3504.0
34.3175,0.2225,4-6,2023,4160.0
34.3225,0.2225,4-6,2016,1568.0
34.3225,0.2225,4-6,2019,2000.0
34.3225,0.2225,4-6,2023,2800.0
34.3275,0.2225,0-3,2016,4496.0
34.3275,0.2225,0-3,2019,7792.0
34.3275,0.2225,0-3,2023,11168.0
34.3325,0.2225,7-9,2016,1760.0
34.3325,0.2225,7-9,2019,2384.0
34.3325,0.2225,7-9,2023,3392.0
34.3375,0.2225,7-9,2016,1776.0
34.3375,0.2225,7-9,2019,2272.0
34.3375,0.2225,7-9,2023,2192.0
34.3425,0.2225,13-,2016,2112.0
34.3425,0.2225,13-,2019,2928.0
34.3425,0.2225,13-,2023,3408.0
34.3475,0.2225,0-3,2016,2432.0
34.3475,0.2225,0-3,2019,3776.0
34.3475,0.2225,0-3,2023,3376.0
34.3525,0.2225,7-9,2016,2576.0
34.3525,0.2225,7-9,2019,2848.0
34.3525,0.2225,7-9,2023,4272.0
34.3575,0.2225,0-3,2016,4064.0
34.3575,0.2225,0-3,2019,6192.0
34.3575,0.2225,0-3,2023,6736.0
34.3625,0.2225,7-9,2016,3216.0
34.3625,0.2225,7-9,2019,3744.0
34.3625,0.2225,7-9,2023,4592.0
34.3675,0.2225,4-6,2016,2576.0
34.3675,0.2225,4-6,2019,3440.0
34.3675,0.2225,4-6,2023,4240.0
34.3725,0.2225,13-,2016,1120.0
34.3725,0.2225,13-,2019,1568.0
34.3725,0.2225,13-,2023,1968.0
34.3775,0.2225,10-12,2016,2016.0
34.3775,0.2225,10-12,2019,3088.0
34.3775,0.2225,10-12,2023,3216.0
34.3825,0.2225,10-12,2016,1440.0
34.3825,0.2225,10-12,2019,1968.0
34.3825,0.2225,10-12,2023,2512.0
34.1175,0.2275,4-6,2016,384.0
34.1175,0.2275,4-6,2019,608.0
34.1175,0.2275,4-6,2023,704.0
34.1225,0.2275,13-,2016,1408.0
34.1225,0.2275,13-,2019,1792.0
34.1225,0.2275,13-,2023,1824.0
34.1275,0.2275,10-12,2016,1280.0
34.1275,0.2275,10-12,2019,1648.0
34.1275,0.2275,10-12,2023,2272.0
34.1325,0.2275,7-9,2016,4272.0
34.1325,0.2275,7-9,2019,5712.0
34.1325,0.2275,7-9,2023,6304.0
34.1375,0.2275,0-3,2016,1584.0
34.1375,0.2275,0-3,2019,2208.0
34.1375,0.2275,0-3,2023,2464.0
34.1425,0.2275,0-3,2016,1152.0
34.1425,0.2275,0-3,2019,2112.0
34.1425,0.2275,0-3,2023,2128.0
34.1475,0.2275,0-3,2016,432.0
34.1475,0.2275,0-3,2019,464.0
34.1475,0.2275,0-3,2023,592.0
34.1525,0.2275,10-12,2016,2032.0
34.1525,0.2275,10-12,2019,2208.0
34.1525,0.2275,10-12,2023,2496.0
34.1575,0.2275,4-6,2016,2560.0
34.1575,0.2275,4-6,2019,2976.0
34.1575,0.2275,4-6,2023,4016.0
34.1625,0.2275,0-3,2016,4656.0
34.1625,0.2275,0-3,2019,6064.0
34.1625,0.2275,0-3,2023,6304.0
34.1675,0.2275,0-3,2016,3520.0
34.1675,0.2275,0-3,2019,4400.0
34.1675,0.2275,0-3,2023,5056.0
34.1725,0.2275,0-3,2016,1536.0
34.1725,0.2275,0-3,2019,2064.0
34.1725,0.2275,0-3,2023,2368.0
34.1775,0.2275,0-3,2016,368.0
34.1775,0.2275,0-3,2019,448.0
34.1775,0.2275,0-3,2023,464.0
34.1825,0.2275,13-,2016,1904.0
34.1825,0.2275,13-,2019,2976.0
34.1825,0.2275,13-,2023,3376.0
34.1875,0.2275,4-6,2016,928.0
34.1875,0.2275,4-6,2019,1760.0
34.1875,0.2275,4-6,2023,1808.0
34.1925,0.2275,0-3,2016,1712.0
34.1925,0.2275,0-3,2019,1888.0
34.1925,0.2275,0-3,2023,2688.0
34.1975,0.2275,0-3,2016,2224.0
34.1975,0.2275,0-3,2019,3072.0
34.1975,0.2275,0-3,2023,3920.0
34.2025,0.2275,0-3,2016,1392.0
34.2025,0.2275,0-3,2019,1696.0
34.2025,0.2275,0-3,2023,2816.0
34.2075,0.2275,4-6,2016,688.0
34.2075,0.2275,4-6,2019,912.0
34.2075,0.2275,4-6,2023,960.0
34.2125,0.2275,0-3,2016,2480.0
34.2125,0.2275,0-3,2019,3584.0
34.2125,0.2275,0-3,2023,4352.0
34.2175,0.2275,0-3,2016,1984.0
34.2175,0.2275,0-3,2019,2208.0
34.2175,0.2275,0-3,2023,3632.0
34.2225,0.2275,0-3,2016,784.0
34.2225,0.2275,0-3,2019,1072.0
34.2225,0.2275,0-3,2023,1808.0
34.2275,0.2275,0-3,2016,1808.0
34.2275,0.2275,0-3,2019,2976.0
34.2275,0.2275,0-3,2023,3616.0
34.2325,0.2275,4-6,2016,2112.0
34.2325,0.2275,4-6,2019,3616.0
34.2325,0.2275,4-6,2023,4208.0
34.2375,0.2275,4-6,2016,1760.0
34.2375,0.2275,4-6,2019,2128.0
34.2375,0.2275,4-6,2023,2448.0
34.2425,0.2275,13-,2016,4768.0
34.2425,0.2275,13-,2019,5968.0
34.2425,0.2275,13-,2023,6048.0
34.2475,0.2275,0-3,2016,4016.0
34.2475,0.2275,0-3,2019,4560.0
34.2475,0.2275,0-3,2023,6080.0
34.2525,0.2275,0-3,2016,3632.0
34.2525,0.2275,0-3,2019,5904.0
34.2525,0.2275,0-3,2023,6752.0
34.2575,0.2275,7-9,2016,2512.0
34.2575,0.2275,7-9,2019,3728.0
34.2575,0.2275,7-9,2023,4048.0
34.2625,0.2275,0-3,2016,1440.0
34.2625,0.2275,0-3,2019,1968.0
34.2625,0.2275,0-3,2023,2208.0
34.2675,0.2275,10-12,2016,4080.0
34.2675,0.2275,10-12,2019,5472.0
34.2675,0.2275,10-12,2023,7040.0
34.2725,0.2275,10-12,2016,3504.0
34.2725,0.2275,10-12,2019,4560.0
34.2725,0.2275,10-12,2023,5024.0
34.2775,0.2275,4-6,2016,1088.0
34.2775,0.2275,4-6,2019,1872.0
34.2775,0.2275,4-6,2023,2912.0
34.2825,0.2275,4-6,2016,2400.0
34.2825,0.2275,4-6,2019,3312.0
34.2825,0.2275,4-6,2023,4720.0
34.2875,0.2275,10-12,2016,1344.0
34.2875,0.2275,10-12,2019,2112.0
34.2875,0.2275,10-12,2023,2592.0
34.2925,0.2275,0-3,2016,400.0
34.2925,0.2275,0-3,2019,624.0
34.2925,0.2275,0-3,2023,752.0
34.2975,0.2275,0-3,2016,400.0
34.2975,0.2275,0-3,2019,656.0
34.2975,0.2275,0-3,2023,592.0
34.3075,0.2275,0-3,2016,2400.0
34.3075,0.2275,0-3,2019,3168.0
34.3075,0.2275,0-3,2023,3296.0
34.3125,0.2275,0-3,2016,2320.0
34.3125,0.2275,0-3,2019,3136.0
34.3125,0.2275,0-3,2023,3584.0
34.3175,0.2275,0-3,2016,4384.0
34.3175,0.2275,0-3,2019,5632.0
34.3175,0.2275,0-3,2023,7328.0
34.3225,0.2275,13-,2016,3952.0
34.3225,0.2275,13-,2019,4640.0
34.3225,0.2275,13-,2023,5760.0
34.3275,0.2275,7-9,2016,3712.0
34.3275,0.2275,7-9,2019,4928.0
34.3275,0.2275,7-9,2023,6064.0
34.3325,0.2275,0-3,2016,2560.0
34.3325,0.2275,0-3,2019,3136.0
34.3325,0.2275,0-3,2023,5152.0
34.3375,0.2275,0-3,2016,2064.0
34.3375,0.2275,0-3,2019,2832.0
34.3375,0.2275,0-3,2023,3328.0
34.3425,0.2275,0-3,2016,528.0
34.3425,0.2275,0-3,2019,768.0
34.3425,0.2275,0-3,2023,1008.0
34.3475,0.2275,7-9,2016,4080.0
34.3475,0.2275,7-9,2019,5440.0
34.3475,0.2275,7-9,2023,5776.0
34.3525,0.2275,4-6,2016,2560.0
34.3525,0.2275,4-6,2019,2960.0
34.3525,0.2275,4-6,2023,4336.0
34.3575,0.2275,0-3,2016,2448.0
34.3575,0.2275,0-3,2019,3504.0
34.3575,0.2275,0-3,2023,4272.0
34.3625,0.2275,10-12,2016,3168.0
34.3625,0.2275,10-12,2019,4000.0
34.3625,0.2275,10-12,2023,5232.0
34.3675,0.2275,4-6,2016,1760.0
34.3675,0.2275,4-6,2019,2208.0
34.3675,0.2275,4-6,2023,2704.0
34.3725,0.2275,4-6,2016,1008.0
34.3725,0.2275,4-6,2019,1360.0
34.3725,0.2275,4-6,2023,1376.0
34.3775,0.2275,13-,2016,1936.0
34.3775,0.2275,13-,2019,2368.0
34.3775,0.2275,13-,2023,2672.0
34.3825,0.2275,4-6,2016,1136.0
34.3825,0.2275,4-6,2019,1280.0
34.3825,0.2275,4-6,2023,1728.0
34.3875,0.2275,0-3,2016,1184.0
34.3875,0.2275,0-3,2019,1728.0
34.3875,0.2275,0-3,2023,2416.0
34.1175,0.2325,4-6,2016,576.0
34.1175,0.2325,4-6,2019,880.0
34.1175,0.2325,4-6,2023,960.0
34.1225,0.2325,10-12,2016,1856.0
34.1225,0.2325,10-12,2019,2640.0
34.1225,0.2325,10-12,2023,2704.0
34.1275,0.2325,0-3,2016,1248.0
34.1275,0.2325,0-3,2019,1520.0
34.1275,0.2325,0-3,2023,1488.0
34.1325,0.2325,0-3,2016,1856.0
34.1325,0.2325,0-3,2019,3168.0
34.1325,0.2325,0-3,2023,3440.0
34.1375,0.2325,0-3,2016,1216.0
34.1375,0.2325,0-3,2019,1552.0
34.1375,0.2325,0-3,2023,1808.0
34.1425,0.2325,0-3,2016,496.0
34.1425,0.2325,0-3,2019,720.0
34.1425,0.2325,0-3,2023,1120.0
34.1475,0.2325,0-3,2016,432.0
34.1475,0.2325,0-3,2019,528.0
34.1475,0.2325,0-3,2023,576.0
34.1525,0.2325,13-,2016,1632.0
34.1525,0.2325,13-,2019,2384.0
34.1525,0.2325,13-,2023,2000.0
34.1575,0.2325,0-3,2016,1104.0
34.1575,0.2325,0-3,2019,1712.0
34.1575,0.2325,0-3,2023,1872.0
34.1625,0.2325,0-3,2016,1920.0
34.1625,0.2325,0-3,2019,2480.0
34.1625,0.2325,0-3,2023,2976.0
34.1675,0.2325,0-3,2016,2064.0
34.1675,0.2325,0-3,2019,2688.0
34.1675,0.2325,0-3,2023,4032.0
34.1725,0.2325,7-9,2016,2608.0
34.1725,0.2325,7-9,2019,3712.0
34.1725,0.2325,7-9,2023,3664.0
34.1775,0.2325,4-6,2016,576.0
34.1775,0.2325,4-6,2019,864.0
34.1775,0.2325,4-6,2023,1008.0
34.1825,0.2325,7-9,2016,1568.0
34.1825,0.2325,7-9,2019,2032.0
34.1825,0.2325,7-9,2023,2384.0
34.1875,0.2325,13-,2016,2176.0
34.1875,0.2325,13-,2019,3088.0
34.1875,0.2325,13-,2023,3680.0
34.1925,0.2325,0-3,2016,976.0
34.1925,0.2325,0-3,2019,1008.0
34.1925,0.2325,0-3,2023,1424.0
34.1975,0.2325,0-3,2016,1152.0
34.1975,0.2325,0-3,2019,1600.0
34.1975,0.2325,0-3,2023,1792.0
34.2025,0.2325,0-3,2016,1440.0
34.2025,0.2325,0-3,2019,1888.0
34.2025,0.2325,0-3,2023,1952.0
34.2075,0.2325,13-,2016,1840.0
34.2075,0.2325,13-,2019,2320.0
34.2075,0.2325,13-,2023,2336.0
34.2125,0.2325,13-,2016,2080.0
34.2125,0.2325,13-,2019,3184.0
34.2125,0.2325,13-,2023,3360.0
34.2175,0.2325,4-6,2016,4096.0
34.2175,0.2325,4-6,2019,4752.0
34.2175,0.2325,4-6,2023,6304.0
34.2225,0.2325,4-6,2016,2672.0
34.2225,0.2325,4-6,2019,2688.0
34.2225,0.2325,4-6,2023,3504.0
34.2275,0.2325,4-6,2016,1136.0
34.2275,0.2325,4-6,2019,1888.0
34.2275,0.2325,4-6,2023,2288.0
34.2325,0.2325,0-3,2016,2608.0
34.2325,0.2325,0-3,2019,3264.0
34.2325,0.2325,0-3,2023,4080.0
34.2375,0.2325,4-6,2016,2864.0
34.2375,0.2325,4-6,2019,3760.0
34.2375,0.2325,4-6,2023,4288.0
34.2425,0.2325,0-3,2016,2096.0
34.2425,0.2325,0-3,2019,2560.0
34.2425,0.2325,0-3,2023,3248.0
34.2475,0.2325,0-3,2016,1920.0
34.2475,0.2325,0-3,2019,3328.0
34.2475,0.2325,0-3,2023,4256.0
34.2525,0.2325,0-3,2016,3680.0
34.2525,0.2325,0-3,2019,4560.0
34.2525,0.2325,0-3,2023,4912.0
34.2575,0.2325,0-3,2016,2288.0
34.2575,0.2325,0-3,2019,3328.0
34.2575,0.2325,0-3,2023,4432.0
34.2625,0.2325,0-3,2016,2272.0
34.2625,0.2325,0-3,2019,3072.0
34.2625,0.2325,0-3,2023,3152.0
34.2675,0.2325,7-9,2016,1776.0
34.2675,0.2325,7-9,2019,2512.0
34.2675,0.2325,7-9,2023,3328.0
34.2725,0.2325,4-6,2016,1920.0
34.2725,0.2325,4-6,2019,2304.0
34.2725,0.2325,4-6,2023,3040.0
34.2775,0.2325,0-3,2016,1824.0
34.2775,0.2325,0-3,2019,2928.0
34.2775,0.2325,0-3,2023,3280.0
34.2825,0.2325,4-6,2016,2128.0
34.2825,0.2325,4-6,2019,3088.0
34.2825,0.2325,4-6,2023,4016.0
34.2875,0.2325,0-3,2016,1968.0
34.2875,0.2325,0-3,2019,3008.0
34.2875,0.2325,0-3,2023,3136.0
34.3025,0.2325,0-3,2016,64.0
34.3025,0.2325,0-3,2019,48.0
34.3025,0.2325,0-3,2023,240.0
34.3075,0.2325,0-3,2016,1376.0
34.3075,0.2325,0-3,2019,1392.0
34.3075,0.2325,0-3,2023,1824.0
34.3125,0.2325,0-3,2016,2000.0
34.3125,0.2325,0-3,2019,3568.0
34.3125,0.2325,0-3,2023,4128.0
34.3175,0.2325,0-3,2016,2832.0
34.3175,0.2325,0-3,2019,3424.0
34.3175,0.2325,0-3,2023,4000.0
34.3225,0.2325,7-9,2016,1488.0
34.3225,0.2325,7-9,2019,1856.0
34.3225,0.2325,7-9,2023,1904.0
34.3275,0.2325,13-,2016,1920.0
34.3275,0.2325,13-,2019,2896.0
34.3275,0.2325,13-,2023,2576.0
34.3325,0.2325,0-3,2016,1440.0
34.3325,0.2325,0-3,2019,1776.0
34.3325,0.2325,0-3,2023,3120.0
34.3375,0.2325,0-3,2016,1008.0
34.3375,0.2325,0-3,2019,1408.0
34.3375,0.2325,0-3,2023,1728.0
34.3425,0.2325,0-3,2016,1376.0
34.3425,0.2325,0-3,2019,2640.0
34.3425,0.2325,0-3,2023,2400.0
34.3475,0.2325,7-9,2016,4048.0
34.3475,0.2325,7-9,2019,4480.0
34.3475,0.2325,7-9,2023,5312.0
34.3525,0.2325,7-9,2016,2112.0
34.3525,0.2325,7-9,2019,3040.0
34.3525,0.2325,7-9,2023,3584.0
34.3575,0.2325,0-3,2016,1808.0
34.3575,0.2325,0-3,2019,2288.0
34.3575,0.2325,0-3,2023,2720.0
34.3625,0.2325,0-3,2016,1632.0
34.3625,0.2325,0-3,2019,2384.0
34.3625,0.2325,0-3,2023,3120.0
34.3675,0.2325,0-3,2016,1152.0
34.3675,0.2325,0-3,2019,1296.0
34.3675,0.2325,0-3,2023,1312.0
34.3725,0.2325,13-,2016,2512.0
34.3725,0.2325,13-,2019,2992.0
34.3725,0.2325,13-,2023,3648.0
34.3775,0.2325,13-,2016,2752.0
34.3775,0.2325,13-,2019,3632.0
34.3775,0.2325,13-,2023,3808.0
34.3825,0.2325,0-3,2016,1760.0
34.3825,0.2325,0-3,2019,2384.0
34.3825,0.2325,0-3,2023,2192.0
34.3875,0.2325,0-3,2016,864.0
34.3875,0.2325,0-3,2019,1200.0
34.3875,0.2325,0-3,2023,1376.0
34.3925,0.2325,0-3,2016,880.0
34.3925,0.2325,0-3,2019,976.0
34.3925,0.2325,0-3,2023,1264.0
34.3975,0.2325,0-3,2016,576.0
34.3975,0.2325,0-3,2019,768.0
34.3975,0.2325,0-3,2023,944.0
34.1175,0.2375,7-9,2016,1312.0
34.1175,0.2375,7-9,2019,1712.0
34.1175,0.2375,7-9,2023,2016.0
34.1225,0.2375,4-6,2016,2256.0
34.1225,0.2375,4-6,2019,3328.0
34.1225,0.2375,4-6,2023,3984.0
34.1275,0.2375,10-12,2016,1680.0
34.1275,0.2375,10-12,2019,2128.0
34.1275,0.2375,10-12,2023,2160.0
34.1325,0.2375,7-9,2016,848.0
34.1325,0.2375,7-9,2019,1072.0
34.1325,0.2375,7-9,2023,1264.0
34.1375,0.2375,0-3,2019,48.0
34.1375,0.2375,0-3,2023,16.0
34.1425,0.2375,7-9,2016,736.0
34.1425,0.2375,7-9,2019,1024.0
34.1425,0.2375,7-9,2023,992.0
34.1475,0.2375,13-,2016,1856.0
34.1475,0.2375,13-,2019,2640.0
34.1475,0.2375,13-,2023,2864.0
34.1525,0.2375,7-9,2016,1392.0
34.1525,0.2375,7-9,2019,1648.0
34.1525,0.2375,7-9,2023,1744.0
34.1575,0.2375,4-6,2016,1584.0
34.1575,0.2375,4-6,2019,1648.0
34.1575,0.2375,4-6,2023,2464.0
34.1625,0.2375,0-3,2016,1440.0
34.1625,0.2375,0-3,2019,2496.0
34.1625,0.2375,0-3,2023,2912.0
34.1675,0.2375,0-3,2016,3456.0
34.1675,0.2375,0-3,2019,4224.0
34.1675,0.2375,0-3,2023,5056.0
34.1725,0.2375,10-12,2016,1920.0
34.1725,0.2375,10-12,2019,3632.0
34.1725,0.2375,10-12,2023,4016.0
34.1825,0.2375,0-3,2016,1392.0
34.1825,0.2375,0-3,2019,2080.0
34.1825,0.2375,0-3,2023,2800.0
34.1875,0.2375,0-3,2016,4592.0
34.1875,0.2375,0-3,2019,6224.0
34.1875,0.2375,0-3,2023,6704.0
34.1925,0.2375,0-3,2016,2592.0
34.1925,0.2375,0-3,2019,3328.0
34.1925,0.2375,0-3,2023,3728.0
34.1975,0.2375,0-3,2016,528.0
34.1975,0.2375,0-3,2019,896.0
34.1975,0.2375,0-3,2023,1184.0
34.2025,0.2375,0-3,2016,288.0
34.2025,0.2375,0-3,2019,336.0
34.2025,0.2375,0-3,2023,464.0
34.2075,0.2375,10-12,2016,1408.0
34.2075,0.2375,10-12,2019,1584.0
34.2075,0.2375,10-12,2023,1616.0
34.2125,0.2375,13-,2016,1600.0
34.2125,0.2375,13-,2019,2128.0
34.2125,0.2375,13-,2023,2576.0
34.2175,0.2375,4-6,2016,2240.0
34.2175,0.2375,4-6,2019,3152.0
34.2175,0.2375,4-6,2023,3920.0
34.2225,0.2375,10-12,2016,1952.0
34.2225,0.2375,10-12,2019,2464.0
34.2225,0.2375,10-12,2023,3024.0
34.2275,0.2375,0-3,2016,944.0
34.2275,0.2375,0-3,2019,1408.0
34.2275,0.2375,0-3,2023,2560.0
34.2375,0.2375,4-6,2016,2496.0
34.2375,0.2375,4-6,2019,3152.0
34.2375,0.2375,4-6,2023,3552.0
34.2425,0.2375,0-3,2016,800.0
34.2425,0.2375,0-3,2019,976.0
34.2425,0.2375,0-3,2023,1008.0
34.2475,0.2375,0-3,2016,1232.0
34.2475,0.2375,0-3,2019,1552.0
34.2475,0.2375,0-3,2023,2160.0
34.2525,0.2375,0-3,2016,1200.0
34.2525,0.2375,0-3,2019,2112.0
34.2525,0.2375,0-3,2023,2656.0
34.2575,0.2375,0-3,2016,1504.0
34.2575,0.2375,0-3,2019,1936.0
34.2575,0.2375,0-3,2023,2400.0
34.2625,0.2375,0-3,2016,1600.0
34.2625,0.2375,0-3,2019,1968.0
34.2625,0.2375,0-3,2023,2096.0
34.2675,0.2375,13-,2016,2912.0
34.2675,0.2375,13-,2019,3776.0
34.2675,0.2375,13-,2023,3696.0
34.2725,0.2375,10-12,2016,2656.0
34.2725,0.2375,10-12,2019,3680.0
34.2725,0.2375,10-12,2023,3680.0
34.2775,0.2375,0-3,2016,3808.0
34.2775,0.2375,0-3,2019,5568.0
34.2775,0.2375,0-3,2023,7216.0
34.2825,0.2375,0-3,2016,2976.0
34.2825,0.2375,0-3,2019,4176.0
34.2825,0.2375,0-3,2023,4864.0
34.2875,0.2375,0-3,2016,1648.0
34.2875,0.2375,0-3,2019,2496.0
34.2875,0.2375,0-3,2023,3584.0
34.2925,0.2375,0-3,2016,240.0
34.2925,0.2375,0-3,2019,368.0
34.2925,0.2375,0-3,2023,608.0
34.3075,0.2375,0-3,2016,64.0
34.3075,0.2375,0-3,2019,64.0
34.3075,0.2375,0-3,2023,240.0
34.3125,0.2375,0-3,2016,608.0
34.3125,0.2375,0-3,2019,912.0
34.3125,0.2375,0-3,2023,1024.0
34.3225,0.2375,0-3,2016,304.0
34.3225,0.2375,0-3,2019,304.0
34.3225,0.2375,0-3,2023,336.0
34.3275,0.2375,0-3,2016,704.0
34.3275,0.2375,0-3,2019,832.0
34.3275,0.2375,0-3,2023,1136.0
34.3325,0.2375,0-3,2016,896.0
34.3325,0.2375,0-3,2019,1216.0
34.3325,0.2375,0-3,2023,2176.0
34.3375,0.2375,0-3,2019,16.0
34.3375,0.2375,0-3,2023,64.0
34.3475,0.2375,0-3,2016,256.0
34.3475,0.2375,0-3,2019,544.0
34.3475,0.2375,0-3,2023,672.0
34.3525,0.2375,0-3,2016,544.0
34.3525,0.2375,0-3,2019,400.0
34.3525,0.2375,0-3,2023,560.0
34.3625,0.2375,0-3,2016,672.0
34.3625,0.2375,0-3,2019,976.0
34.3625,0.2375,0-3,2023,1392.0
34.3675,0.2375,13-,2016,1408.0
34.3675,0.2375,13-,2019,2208.0
34.3675,0.2375,13-,2023,2336.0
34.3725,0.2375,0-3,2016,1184.0
34.3725,0.2375,0-3,2019,1504.0
34.3725,0.2375,0-3,2023,1616.0
34.3775,0.2375,0-3,2016,1824.0
34.3775,0.2375,0-3,2019,2336.0
34.3775,0.2375,0-3,2023,2592.0
34.3825,0.2375,13-,2016,2256.0
34.3825,0.2375,13-,2019,2944.0
34.3825,0.2375,13-,2023,3824.0
34.3875,0.2375,0-3,2016,1776.0
34.3875,0.2375,0-3,2019,2112.0
34.3875,0.2375,0-3,2023,2736.0
34.3925,0.2375,0-3,2016,1232.0
34.3925,0.2375,0-3,2019,1712.0
34.3925,0.2375,0-3,2023,2240.0
34.3975,0.2375,4-6,2016,1616.0
34.3975,0.2375,4-6,2019,1920.0
34.3975,0.2375,4-6,2023,2368.0
34.4025,0.2375,0-3,2016,1536.0
34.4025,0.2375,0-3,2019,1984.0
34.4025,0.2375,0-3,2023,2160.0
34.1225,0.2425,4-6,2016,1968.0
34.1225,0.2425,4-6,2019,2448.0
34.1225,0.2425,4-6,2023,3136.0
34.1275,0.2425,4-6,2016,1088.0
34.1275,0.2425,4-6,2019,1728.0
34.1275,0.2425,4-6,2023,1584.0
34.1325,0.2425,10-12,2016,1312.0
34.1325,0.2425,10-12,2019,1808.0
34.1325,0.2425,10-12,2023,2288.0
34.1375,0.2425,10-12,2016,1712.0
34.1375,0.2425,10-12,2019,2608.0
34.1375,0.2425,10-12,2023,3056.0
34.1425,0.2425,10-12,2016,896.0
34.1425,0.2425,10-12,2019,1504.0
34.1425,0.2425,10-12,2023,1728.0
34.1475,0.2425,7-9,2016,1408.0
34.1475,0.2425,7-9,2019,1632.0
34.1475,0.2425,7-9,2023,1680.0
34.1525,0.2425,0-3,2016,480.0
34.1525,0.2425,0-3,2019,464.0
34.1525,0.2425,0-3,2023,608.0
34.1575,0.2425,4-6,2016,2080.0
34.1575,0.2425,4-6,2019,2816.0
34.1575,0.2425,4-6,2023,3408.0
34.1675,0.2425,4-6,2016,10928.0
34.1675,0.2425,4-6,2019,11984.0
34.1675,0.2425,4-6,2023,13296.0
34.1725,0.2425,13-,2016,2288.0
34.1725,0.2425,13-,2019,3520.0
34.1725,0.2425,13-,2023,3728.0
34.1825,0.2425,0-3,2016,1952.0
34.1825,0.2425,0-3,2019,2368.0
34.1825,0.2425,0-3,2023,3184.0
34.1875,0.2425,0-3,2016,2352.0
34.1875,0.2425,0-3,2019,2976.0
34.1875,0.2425,0-3,2023,3936.0
34.1925,0.2425,0-3,2016,1840.0
34.1925,0.2425,0-3,2019,2640.0
34.1925,0.2425,0-3,2023,2720.0
34.1975,0.2425,4-6,2016,368.0
34.1975,0.2425,4-6,2019,656.0
34.1975,0.2425,4-6,2023,1152.0
34.2025,0.2425,13-,2016,2064.0
34.2025,0.2425,13-,2019,2944.0
34.2025,0.2425,13-,2023,3840.0
34.2075,0.2425,0-3,2016,672.0
34.2075,0.2425,0-3,2019,1168.0
34.2075,0.2425,0-3,2023,1088.0
34.2125,0.2425,7-9,2016,752.0
34.2125,0.2425,7-9,2019,1328.0
34.2125,0.2425,7-9,2023,1040.0
34.2175,0.2425,7-9,2016,1328.0
34.2175,0.2425,7-9,2019,1632.0
34.2175,0.2425,7-9,2023,1824.0
34.2225,0.2425,13-,2016,1648.0
34.2225,0.2425,13-,2019,2176.0
34.2225,0.2425,13-,2023,2304.0
34.2275,0.2425,0-3,2016,2144.0
34.2275,0.2425,0-3,2019,2640.0
34.2275,0.2425,0-3,2023,4880.0
34.2325,0.2425,0-3,2016,2960.0
34.2325,0.2425,0-3,2019,3632.0
34.2325,0.2425,0-3,2023,4944.0
34.2375,0.2425,0-3,2016,2704.0
34.2375,0.2425,0-3,2019,2928.0
34.2375,0.2425,0-3,2023,3264.0
34.2425,0.2425,0-3,2016,1808.0
34.2425,0.2425,0-3,2019,2352.0
34.2425,0.2425,0-3,2023,2112.0
34.2475,0.2425,0-3,2016,832.0
34.2475,0.2425,0-3,2019,1600.0
34.2475,0.2425,0-3,2023,1696.0
34.2525,0.2425,0-3,2016,800.0
34.2525,0.2425,0-3,2019,1344.0
34.2525,0.2425,0-3,2023,1584.0
34.2575,0.2425,0-3,2016,1216.0
34.2575,0.2425,0-3,2019,1616.0
34.2575,0.2425,0-3,2023,1728.0
34.2625,0.2425,7-9,2016,1600.0
34.2625,0.2425,7-9,2019,2240.0
34.2625,0.2425,7-9,2023,2640.0
34.2675,0.2425,13-,2016,2144.0
34.2675,0.2425,13-,2019,3248.0
34.2675,0.2425,13-,2023,4080.0
34.2725,0.2425,0-3,2016,1984.0
34.2725,0.2425,0-3,2019,3136.0
34.2725,0.2425,0-3,2023,3760.0
34.2775,0.2425,0-3,2016,1168.0
34.2775,0.2425,0-3,2019,1408.0
34.2775,0.2425,0-3,2023,1712.0
34.2825,0.2425,0-3,2016,2992.0
34.2825,0.2425,0-3,2019,3248.0
34.2825,0.2425,0-3,2023,3840.0
34.2875,0.2425,0-3,2016,240.0
34.2875,0.2425,0-3,2019,512.0
34.2875,0.2425,0-3,2023,544.0
34.3225,0.2425,0-3,2016,64.0
34.3225,0.2425,0-3,2019,48.0
34.3275,0.2425,0-3,2016,112.0
34.3275,0.2425,0-3,2019,128.0
34.3275,0.2425,0-3,2023,112.0
34.3325,0.2425,0-3,2016,240.0
34.3325,0.2425,0-3,2019,368.0
34.3325,0.2425,0-3,2023,432.0
34.3425,0.2425,4-6,2016,1184.0
34.3425,0.2425,4-6,2019,1424.0
34.3425,0.2425,4-6,2023,1536.0
34.3475,0.2425,13-,2016,3184.0
34.3475,0.2425,13-,2019,3808.0
34.3475,0.2425,13-,2023,4320.0
34.3525,0.2425,10-12,2016,5104.0
34.3525,0.2425,10-12,2019,5792.0
34.3525,0.2425,10-12,2023,7104.0
34.3575,0.2425,13-,2016,3824.0
34.3575,0.2425,13-,2019,4320.0
34.3575,0.2425,13-,2023,4816.0
34.3625,0.2425,10-12,2016,2864.0
34.3625,0.2425,10-12,2019,4336.0
34.3625,0.2425,10-12,2023,4608.0
34.3675,0.2425,10-12,2016,3136.0
34.3675,0.2425,10-12,2019,3968.0
34.3675,0.2425,10-12,2023,4144.0
34.3725,0.2425,0-3,2016,4608.0
34.3725,0.2425,0-3,2019,6112.0
34.3725,0.2425,0-3,2023,8000.0
34.3775,0.2425,7-9,2016,2336.0
34.3775,0.2425,7-9,2019,3552.0
34.3775,0.2425,7-9,2023,4640.0
34.3825,0.2425,7-9,2016,7600.0
34.3825,0.2425,7-9,2019,10224.0
34.3825,0.2425,7-9,2023,13008.0
34.3875,0.2425,13-,2016,3024.0
34.3875,0.2425,13-,2019,4016.0
34.3875,0.2425,13-,2023,4736.0
34.3925,0.2425,13-,2016,3024.0
34.3925,0.2425,13-,2019,3728.0
34.3925,0.2425,13-,2023,3984.0
34.3975,0.2425,13-,2016,3984.0
34.3975,0.2425,13-,2019,4000.0
34.3975,0.2425,13-,2023,4928.0
34.4025,0.2425,0-3,2016,1232.0
34.4025,0.2425,0-3,2019,2480.0
34.4025,0.2425,0-3,2023,2784.0
34.4075,0.2425,0-3,2016,640.0
34.4075,0.2425,0-3,2019,752.0
34.4075,0.2425,0-3,2023,912.0
34.1275,0.2475,0-3,2016,2320.0
34.1275,0.2475,0-3,2019,2864.0
34.1275,0.2475,0-3,2023,3376.0
34.1325,0.2475,0-3,2016,4576.0
34.1325,0.2475,0-3,2019,5024.0
34.1325,0.2475,0-3,2023,6992.0
34.1375,0.2475,13-,2016,1744.0
34.1375,0.2475,13-,2019,2272.0
34.1375,0.2475,13-,2023,2240.0
34.1425,0.2475,13-,2016,2880.0
34.1425,0.2475,13-,2019,3232.0
34.1425,0.2475,13-,2023,3200.0
34.1475,0.2475,10-12,2016,1936.0
34.1475,0.2475,10-12,2019,2528.0
34.1475,0.2475,10-12,2023,2768.0
34.1525,0.2475,4-6,2016,1440.0
34.1525,0.2475,4-6,2019,1600.0
34.1525,0.2475,4-6,2023,2304.0
34.1575,0.2475,0-3,2016,992.0
34.1575,0.2475,0-3,2019,1920.0
34.1575,0.2475,0-3,2023,2384.0
34.1625,0.2475,0-3,2016,1616.0
34.1625,0.2475,0-3,2019,2048.0
34.1625,0.2475,0-3,2023,3104.0
34.1675,0.2475,0-3,2016,2576.0
34.1675,0.2475,0-3,2019,4576.0
34.1675,0.2475,0-3,2023,5104.0
34.1725,0.2475,0-3,2016,464.0
34.1725,0.2475,0-3,2019,560.0
34.1725,0.2475,0-3,2023,880.0
34.1775,0.2475,0-3,2016,528.0
34.1775,0.2475,0-3,2019,672.0
34.1775,0.2475,0-3,2023,928.0
34.1825,0.2475,0-3,2016,3168.0
34.1825,0.2475,0-3,2019,4032.0
34.1825,0.2475,0-3,2023,5056.0
34.1875,0.2475,4-6,2016,2480.0
34.1875,0.2475,4-6,2019,3840.0
34.1875,0.2475,4-6,2023,4208.0
34.1925,0.2475,7-9,2016,2160.0
34.1925,0.2475,7-9,2019,2608.0
34.1925,0.2475,7-9,2023,3264.0
34.1975,0.2475,0-3,2016,368.0
34.1975,0.2475,0-3,2019,800.0
34.1975,0.2475,0-3,2023,2256.0
34.2025,0.2475,10-12,2016,2112.0
34.2025,0.2475,10-12,2019,3024.0
34.2025,0.2475,10-12,2023,3520.0
34.2075,0.2475,0-3,2016,1104.0
34.2075,0.2475,0-3,2019,2320.0
34.2075,0.2475,0-3,2023,3264.0
34.2125,0.2475,0-3,2016,1216.0
34.2125,0.2475,0-3,2019,1968.0
34.2125,0.2475,0-3,2023,2384.0
34.2175,0.2475,7-9,2016,960.0
34.2175,0.2475,7-9,2019,1312.0
34.2175,0.2475,7-9,2023,1632.0
34.2225,0.2475,7-9,2016,3008.0
34.2225,0.2475,7-9,2019,3504.0
34.2225,0.2475,7-9,2023,4112.0
34.2275,0.2475,4-6,2016,3328.0
34.2275,0.2475,4-6,2019,4784.0
34.2275,0.2475,4-6,2023,7264.0
34.2325,0.2475,4-6,2016,4736.0
34.2325,0.2475,4-6,2019,6576.0
34.2325,0.2475,4-6,2023,8432.0
34.2375,0.2475,4-6,2016,1728.0
34.2375,0.2475,4-6,2019,2864.0
34.2375,0.2475,4-6,2023,3168.0
34.2425,0.2475,7-9,2016,832.0
34.2425,0.2475,7-9,2019,1616.0
34.2425,0.2475,7-9,2023,1472.0
34.2475,0.2475,0-3,2016,1136.0
34.2475,0.2475,0-3,2019,1616.0
34.2475,0.2475,0-3,2023,2288.0
34.2525,0.2475,0-3,2016,1664.0
34.2525,0.2475,0-3,2019,2880.0
34.2525,0.2475,0-3,2023,3648.0
34.2575,0.2475,0-3,2016,944.0
34.2575,0.2475,0-3,2019,1600.0
34.2575,0.2475,0-3,2023,1568.0
34.2625,0.2475,0-3,2016,1760.0
34.2625,0.2475,0-3,2019,2032.0
34.2625,0.2475,0-3,2023,2768.0
34.2675,0.2475,0-3,2016,5616.0
34.2675,0.2475,0-3,2019,7008.0
34.2675,0.2475,0-3,2023,7408.0
34.2725,0.2475,0-3,2016,2320.0
34.2725,0.2475,0-3,2019,3216.0
34.2725,0.2475,0-3,2023,4736.0
34.2775,0.2475,0-3,2016,2560.0
34.2775,0.2475,0-3,2019,2928.0
34.2775,0.2475,0-3,2023,2736.0
34.2825,0.2475,0-3,2016,2736.0
34.2825,0.2475,0-3,2019,3664.0
34.2825,0.2475,0-3,2023,4304.0
34.2875,0.2475,0-3,2016,1120.0
34.2875,0.2475,0-3,2019,1424.0
34.2875,0.2475,0-3,2023,1568.0
34.2925,0.2475,0-3,2016,896.0
34.2925,0.2475,0-3,2019,960.0
34.2925,0.2475,0-3,2023,1184.0
34.2975,0.2475,10-12,2016,1968.0
34.2975,0.2475,10-12,2019,2848.0
34.2975,0.2475,10-12,2023,3072.0
34.3175,0.2475,0-3,2016,256.0
34.3175,0.2475,0-3,2019,336.0
34.3175,0.2475,0-3,2023,304.0
34.3225,0.2475,0-3,2016,176.0
34.3225,0.2475,0-3,2019,128.0
34.3225,0.2475,0-3,2023,208.0
34.3275,0.2475,0-3,2016,256.0
34.3275,0.2475,0-3,2019,336.0
34.3275,0.2475,0-3,2023,224.0
34.3325,0.2475,0-3,2016,192.0
34.3325,0.2475,0-3,2019,256.0
34.3325,0.2475,0-3,2023,192.0
34.3425,0.2475,0-3,2016,576.0
34.3425,0.2475,0-3,2019,880.0
34.3425,0.2475,0-3,2023,1232.0
34.3475,0.2475,0-3,2016,288.0
34.3475,0.2475,0-3,2019,240.0
34.3475,0.2475,0-3,2023,656.0
34.3525,0.2475,0-3,2016,480.0
34.3525,0.2475,0-3,2019,720.0
34.3525,0.2475,0-3,2023,1008.0
34.3575,0.2475,13-,2016,2736.0
34.3575,0.2475,13-,2019,3760.0
34.3575,0.2475,13-,2023,4400.0
34.3625,0.2475,0-3,2016,1632.0
34.3625,0.2475,0-3,2019,1904.0
34.3625,0.2475,0-3,2023,2448.0
34.3675,0.2475,0-3,2016,1888.0
34.3675,0.2475,0-3,2019,2704.0
34.3675,0.2475,0-3,2023,3904.0
34.3725,0.2475,0-3,2016,3152.0
34.3725,0.2475,0-3,2019,3936.0
34.3725,0.2475,0-3,2023,4528.0
34.3775,0.2475,0-3,2016,2944.0
34.3775,0.2475,0-3,2019,4704.0
34.3775,0.2475,0-3,2023,5296.0
34.3825,0.2475,0-3,2016,2736.0
34.3825,0.2475,0-3,2019,3312.0
34.3825,0.2475,0-3,2023,4032.0
34.3875,0.2475,7-9,2016,656.0
34.3875,0.2475,7-9,2019,944.0
34.3875,0.2475,7-9,2023,1280.0
34.3925,0.2475,13-,2016,2352.0
34.3925,0.2475,13-,2019,2944.0
34.3925,0.2475,13-,2023,3456.0
34.3975,0.2475,0-3,2016,752.0
34.3975,0.2475,0-3,2019,1024.0
34.3975,0.2475,0-3,2023,1568.0
34.4025,0.2475,0-3,2016,1552.0
34.4025,0.2475,0-3,2019,1904.0
34.4025,0.2475,0-3,2023,2176.0
34.1325,0.2525,0-3,2016,1328.0
34.1325,0.2525,0-3,2019,1776.0
34.1325,0.2525,0-3,2023,1712.0
34.1425,0.2525,4-6,2016,2592.0
34.1425,0.2525,4-6,2019,2560.0
34.1425,0.2525,4-6,2023,3120.0
34.1475,0.2525,0-3,2016,1856.0
34.1475,0.2525,0-3,2019,2272.0
34.1475,0.2525,0-3,2023,2800.0
34.1525,0.2525,4-6,2016,1728.0
34.1525,0.2525,4-6,2019,2528.0
34.1525,0.2525,4-6,2023,2560.0
34.1575,0.2525,0-3,2016,2400.0
34.1575,0.2525,0-3,2019,3376.0
34.1575,0.2525,0-3,2023,4240.0
34.1625,0.2525,0-3,2016,1600.0
34.1625,0.2525,0-3,2019,1968.0
34.1625,0.2525,0-3,2023,2512.0
34.1675,0.2525,0-3,2016,528.0
34.1675,0.2525,0-3,2019,624.0
34.1675,0.2525,0-3,2023,560.0
34.1725,0.2525,0-3,2016,848.0
34.1725,0.2525,0-3,2019,1264.0
34.1725,0.2525,0-3,2023,1296.0
34.1775,0.2525,0-3,2016,656.0
34.1775,0.2525,0-3,2019,1104.0
34.1775,0.2525,0-3,2023,1952.0
34.1825,0.2525,10-12,2016,1376.0
34.1825,0.2525,10-12,2019,1648.0
34.1825,0.2525,10-12,2023,1856.0
34.1875,0.2525,7-9,2016,528.0
34.1875,0.2525,7-9,2019,960.0
34.1875,0.2525,7-9,2023,1152.0
34.1925,0.2525,10-12,2016,1440.0
34.1925,0.2525,10-12,2019,1904.0
34.1925,0.2525,10-12,2023,2288.0
34.1975,0.2525,7-9,2016,1280.0
34.1975,0.2525,7-9,2019,1264.0
34.1975,0.2525,7-9,2023,1488.0
34.2025,0.2525,0-3,2016,768.0
34.2025,0.2525,0-3,2019,1280.0
34.2025,0.2525,0-3,2023,1616.0
34.2075,0.2525,0-3,2016,2144.0
34.2075,0.2525,0-3,2019,3136.0
34.2075,0.2525,0-3,2023,4000.0
34.2125,0.2525,7-9,2016,2976.0
34.2125,0.2525,7-9,2019,3872.0
34.2125,0.2525,7-9,2023,4672.0
34.2175,0.2525,10-12,2016,5600.0
34.2175,0.2525,10-12,2019,8192.0
34.2175,0.2525,10-12,2023,9936.0
34.2225,0.2525,10-12,2016,6864.0
34.2225,0.2525,10-12,2019,8592.0
34.2225,0.2525,10-12,2023,11280.0
34.2325,0.2525,0-3,2016,3632.0
34.2325,0.2525,0-3,2019,5760.0
34.2325,0.2525,0-3,2023,7296.0
34.2375,0.2525,0-3,2016,224.0
34.2375,0.2525,0-3,2019,448.0
34.2375,0.2525,0-3,2023,640.0
34.2425,0.2525,10-12,2016,2224.0
34.2425,0.2525,10-12,2019,2912.0
34.2425,0.2525,10-12,2023,2624.0
34.2475,0.2525,4-6,2016,2336.0
34.2475,0.2525,4-6,2019,2592.0
34.2475,0.2525,4-6,2023,2960.0
34.2525,0.2525,0-3,2016,4128.0
34.2525,0.2525,0-3,2019,5376.0
34.2525,0.2525,0-3,2023,6176.0
34.2575,0.2525,0-3,2016,2592.0
34.2575,0.2525,0-3,2019,3392.0
34.2575,0.2525,0-3,2023,4112.0
34.2625,0.2525,0-3,2016,704.0
34.2625,0.2525,0-3,2019,1168.0
34.2625,0.2525,0-3,2023,1504.0
34.2675,0.2525,0-3,2016,3008.0
34.2675,0.2525,0-3,2019,4656.0
34.2675,0.2525,0-3,2023,4944.0
34.2725,0.2525,0-3,2016,304.0
34.2725,0.2525,0-3,2019,608.0
34.2725,0.2525,0-3,2023,672.0
34.2775,0.2525,0-3,2016,1104.0
34.2775,0.2525,0-3,2019,1744.0
34.2775,0.2525,0-3,2023,1904.0
34.2825,0.2525,0-3,2016,4000.0
34.2825,0.2525,0-3,2019,4512.0
34.2825,0.2525,0-3,2023,5632.0
34.2875,0.2525,0-3,2016,1824.0
34.2875,0.2525,0-3,2019,2784.0
34.2875,0.2525,0-3,2023,3808.0
34.2925,0.2525,0-3,2016,2032.0
34.2925,0.2525,0-3,2019,2352.0
34.2925,0.2525,0-3,2023,2736.0
34.2975,0.2525,13-,2016,3056.0
34.2975,0.2525,13-,2019,4256.0
34.2975,0.2525,13-,2023,6336.0
34.3025,0.2525,13-,2016,1424.0
34.3025,0.2525,13-,2019,1856.0
34.3025,0.2525,13-,2023,2256.0
34.3125,0.2525,0-3,2016,432.0
34.3125,0.2525,0-3,2019,432.0
34.3125,0.2525,0-3,2023,688.0
34.3175,0.2525,0-3,2016,1216.0
34.3175,0.2525,0-3,2019,1760.0
34.3175,0.2525,0-3,2023,2432.0
34.3225,0.2525,0-3,2016,672.0
34.3225,0.2525,0-3,2019,1184.0
34.3225,0.2525,0-3,2023,1888.0
34.3275,0.2525,0-3,2016,80.0
34.3275,0.2525,0-3,2019,272.0
34.3275,0.2525,0-3,2023,400.0
34.3325,0.2525,0-3,2016,528.0
34.3325,0.2525,0-3,2019,736.0
34.3325,0.2525,0-3,2023,976.0
34.3375,0.2525,0-3,2016,288.0
34.3375,0.2525,0-3,2019,400.0
34.3375,0.2525,0-3,2023,352.0
34.3425,0.2525,7-9,2016,368.0
34.3425,0.2525,7-9,2019,576.0
34.3425,0.2525,7-9,2023,672.0
34.3475,0.2525,4-6,2016,384.0
34.3475,0.2525,4-6,2019,304.0
34.3475,0.2525,4-6,2023,288.0
34.3525,0.2525,0-3,2016,96.0
34.3525,0.2525,0-3,2019,80.0
34.3525,0.2525,0-3,2023,176.0
34.3575,0.2525,0-3,2016,2336.0
34.3575,0.2525,0-3,2019,3824.0
34.3575,0.2525,0-3,2023,4048.0
34.3625,0.2525,0-3,2016,992.0
34.3625,0.2525,0-3,2019,1792.0
34.3625,0.2525,0-3,2023,2496.0
34.3675,0.2525,0-3,2016,768.0
34.3675,0.2525,0-3,2019,1488.0
34.3675,0.2525,0-3,2023,1392.0
34.3725,0.2525,0-3,2016,800.0
34.3725,0.2525,0-3,2019,1440.0
34.3725,0.2525,0-3,2023,1648.0
34.3775,0.2525,0-3,2016,1680.0
34.3775,0.2525,0-3,2019,2368.0
34.3775,0.2525,0-3,2023,3376.0
34.3825,0.2525,13-,2016,3472.0
34.3825,0.2525,13-,2019,4448.0
34.3825,0.2525,13-,2023,4496.0
34.3875,0.2525,7-9,2016,1520.0
34.3875,0.2525,7-9,2019,1824.0
34.3875,0.2525,7-9,2023,2224.0
34.3925,0.2525,0-3,2016,1888.0
34.3925,0.2525,0-3,2019,2656.0
34.3925,0.2525,0-3,2023,2640.0
34.3975,0.2525,0-3,2016,1760.0
34.3975,0.2525,0-3,2019,2704.0
34.3975,0.2525,0-3,2023,3200.0
34.1425,0.2575,0-3,2016,1808.0
34.1425,0.2575,0-3,2019,1632.0
34.1425,0.2575,0-3,2023,1904.0
34.1475,0.2575,0-3,2016,1968.0
34.1475,0.2575,0-3,2019,2576.0
34.1475,0.2575,0-3,2023,2672.0
34.1525,0.2575,0-3,2016,1696.0
34.1525,0.2575,0-3,2019,2240.0
34.1525,0.2575,0-3,2023,1984.0
34.1575,0.2575,0-3,2016,1056.0
34.1575,0.2575,0-3,2019,1472.0
34.1575,0.2575,0-3,2023,1760.0
34.1625,0.2575,4-6,2016,1040.0
34.1625,0.2575,4-6,2019,1200.0
34.1625,0.2575,4-6,2023,1776.0
34.1675,0.2575,0-3,2016,752.0
34.1675,0.2575,0-3,2019,1136.0
34.1675,0.2575,0-3,2023,1088.0
34.1725,0.2575,0-3,2016,1648.0
34.1725,0.2575,0-3,2019,2160.0
34.1725,0.2575,0-3,2023,2368.0
34.1775,0.2575,0-3,2016,1856.0
34.1775,0.2575,0-3,2019,2720.0
34.1775,0.2575,0-3,2023,3120.0
34.1825,0.2575,7-9,2016,1664.0
34.1825,0.2575,7-9,2019,2288.0
34.1825,0.2575,7-9,2023,2608.0
34.1875,0.2575,7-9,2016,752.0
34.1875,0.2575,7-9,2019,1104.0
34.1875,0.2575,7-9,2023,1216.0
34.1925,0.2575,4-6,2016,1808.0
34.1925,0.2575,4-6,2019,2208.0
34.1925,0.2575,4-6,2023,2176.0
34.1975,0.2575,0-3,2016,736.0
34.1975,0.2575,0-3,2019,1088.0
34.1975,0.2575,0-3,2023,1600.0
34.2025,0.2575,0-3,2016,560.0
34.2025,0.2575,0-3,2019,672.0
34.2025,0.2575,0-3,2023,864.0
34.2075,0.2575,13-,2016,2512.0
34.2075,0.2575,13-,2019,3552.0
34.2075,0.2575,13-,2023,4816.0
34.2125,0.2575,10-12,2016,1696.0
34.2125,0.2575,10-12,2019,2896.0
34.2125,0.2575,10-12,2023,3264.0
34.2175,0.2575,4-6,2016,3216.0
34.2175,0.2575,4-6,2019,3872.0
34.2175,0.2575,4-6,2023,5696.0
34.2225,0.2575,0-3,2016,21440.0
34.2225,0.2575,0-3,2019,25968.0
34.2225,0.2575,0-3,2023,31136.0
34.2325,0.2575,0-3,2016,3040.0
34.2325,0.2575,0-3,2019,3840.0
34.2325,0.2575,0-3,2023,4656.0
34.2375,0.2575,4-6,2016,1040.0
34.2375,0.2575,4-6,2019,1376.0
34.2375,0.2575,4-6,2023,2112.0
34.2425,0.2575,10-12,2016,944.0
34.2425,0.2575,10-12,2019,1216.0
34.2425,0.2575,10-12,2023,1760.0
34.2475,0.2575,0-3,2016,1744.0
34.2475,0.2575,0-3,2019,2336.0
34.2475,0.2575,0-3,2023,3328.0
34.2525,0.2575,0-3,2016,2240.0
34.2525,0.2575,0-3,2019,3104.0
34.2525,0.2575,0-3,2023,3808.0
34.2575,0.2575,0-3,2016,1504.0
34.2575,0.2575,0-3,2019,2112.0
34.2575,0.2575,0-3,2023,2896.0
34.2625,0.2575,0-3,2016,2144.0
34.2625,0.2575,0-3,2019,3040.0
34.2625,0.2575,0-3,2023,3680.0
34.2675,0.2575,0-3,2016,2944.0
34.2675,0.2575,0-3,2019,3616.0
34.2675,0.2575,0-3,2023,4192.0
34.2725,0.2575,0-3,2016,2304.0
34.2725,0.2575,0-3,2019,2640.0
34.2725,0.2575,0-3,2023,3376.0
34.2775,0.2575,0-3,2016,1360.0
34.2775,0.2575,0-3,2019,2144.0
34.2775,0.2575,0-3,2023,2640.0
34.2825,0.2575,0-3,2016,1808.0
34.2825,0.2575,0-3,2019,2736.0
34.2825,0.2575,0-3,2023,2992.0
34.2875,0.2575,0-3,2016,720.0
34.2875,0.2575,0-3,2019,944.0
34.2875,0.2575,0-3,2023,800.0
34.2925,0.2575,13-,2016,3824.0
34.2925,0.2575,13-,2019,4848.0
34.2925,0.2575,13-,2023,6208.0
34.2975,0.2575,4-6,2016,5008.0
34.2975,0.2575,4-6,2019,5696.0
34.2975,0.2575,4-6,2023,6304.0
34.3025,0.2575,4-6,2016,352.0
34.3025,0.2575,4-6,2019,912.0
34.3025,0.2575,4-6,2023,944.0
34.3075,0.2575,0-3,2016,144.0
34.3075,0.2575,0-3,2019,432.0
34.3075,0.2575,0-3,2023,896.0
34.3125,0.2575,13-,2016,3088.0
34.3125,0.2575,13-,2019,4048.0
34.3125,0.2575,13-,2023,4080.0
34.3175,0.2575,0-3,2016,2048.0
34.3175,0.2575,0-3,2019,2672.0
34.3175,0.2575,0-3,2023,2992.0
34.3225,0.2575,0-3,2016,1184.0
34.3225,0.2575,0-3,2019,1856.0
34.3225,0.2575,0-3,2023,2048.0
34.3275,0.2575,0-3,2016,960.0
34.3275,0.2575,0-3,2019,1824.0
34.3275,0.2575,0-3,2023,1840.0
34.3325,0.2575,10-12,2016,1968.0
34.3325,0.2575,10-12,2019,2992.0
34.3325,0.2575,10-12,2023,3152.0
34.3375,0.2575,10-12,2016,2624.0
34.3375,0.2575,10-12,2019,3104.0
34.3375,0.2575,10-12,2023,3968.0
34.3425,0.2575,4-6,2016,400.0
34.3425,0.2575,4-6,2019,448.0
34.3425,0.2575,4-6,2023,704.0
34.3475,0.2575,13-,2016,1168.0
34.3475,0.2575,13-,2019,1712.0
34.3475,0.2575,13-,2023,1680.0
34.3525,0.2575,0-3,2016,112.0
34.3525,0.2575,0-3,2019,192.0
34.3525,0.2575,0-3,2023,176.0
34.3575,0.2575,0-3,2016,2496.0
34.3575,0.2575,0-3,2019,3072.0
34.3575,0.2575,0-3,2023,3440.0
34.3625,0.2575,0-3,2016,240.0
34.3625,0.2575,0-3,2019,448.0
34.3625,0.2575,0-3,2023,848.0
34.3675,0.2575,0-3,2016,2128.0
34.3675,0.2575,0-3,2019,3248.0
34.3675,0.2575,0-3,2023,3456.0
34.3725,0.2575,0-3,2016,2272.0
34.3725,0.2575,0-3,2019,3040.0
34.3725,0.2575,0-3,2023,3536.0
34.3775,0.2575,0-3,2016,1984.0
34.3775,0.2575,0-3,2019,2608.0
34.3775,0.2575,0-3,2023,3184.0
34.3825,0.2575,0-3,2016,384.0
34.3825,0.2575,0-3,2019,320.0
34.3825,0.2575,0-3,2023,560.0
34.3875,0.2575,0-3,2016,112.0
34.3875,0.2575,0-3,2019,192.0
34.3875,0.2575,0-3,2023,176.0
34.3925,0.2575,7-9,2016,2160.0
34.3925,0.2575,7-9,2019,2688.0
34.3925,0.2575,7-9,2023,2512.0
34.3975,0.2575,13-,2016,1680.0
34.3975,0.2575,13-,2019,2096.0
34.3975,0.2575,13-,2023,2336.0
34.1425,0.2625,0-3,2016,1616.0
34.1425,0.2625,0-3,2019,2448.0
34.1425,0.2625,0-3,2023,2848.0
34.1475,0.2625,0-3,2016,1376.0
34.1475,0.2625,0-3,2019,1984.0
34.1475,0.2625,0-3,2023,1984.0
34.1525,0.2625,0-3,2016,1120.0
34.1525,0.2625,0-3,2019,1744.0
34.1525,0.2625,0-3,2023,1664.0
34.1575,0.2625,0-3,2016,1376.0
34.1575,0.2625,0-3,2019,2272.0
34.1575,0.2625,0-3,2023,2384.0
34.1625,0.2625,7-9,2016,1232.0
34.1625,0.2625,7-9,2019,1968.0
34.1625,0.2625,7-9,2023,2384.0
34.1675,0.2625,10-12,2016,1088.0
34.1675,0.2625,10-12,2019,1760.0
34.1675,0.2625,10-12,2023,1536.0
34.1725,0.2625,0-3,2016,3120.0
34.1725,0.2625,0-3,2019,3472.0
34.1725,0.2625,0-3,2023,3648.0
34.1775,0.2625,0-3,2016,1264.0
34.1775,0.2625,0-3,2019,1776.0
34.1775,0.2625,0-3,2023,1984.0
34.1825,0.2625,10-12,2016,1120.0
34.1825,0.2625,10-12,2019,1824.0
34.1825,0.2625,10-12,2023,1904.0
34.1875,0.2625,10-12,2016,1120.0
34.1875,0.2625,10-12,2019,2096.0
34.1875,0.2625,10-12,2023,2320.0
34.1925,0.2625,0-3,2016,2608.0
34.1925,0.2625,0-3,2019,3648.0
34.1925,0.2625,0-3,2023,4304.0
34.1975,0.2625,0-3,2016,2192.0
34.1975,0.2625,0-3,2019,3248.0
34.1975,0.2625,0-3,2023,4544.0
34.2025,0.2625,0-3,2016,896.0
34.2025,0.2625,0-3,2019,1632.0
34.2025,0.2625,0-3,2023,1792.0
34.2075,0.2625,4-6,2016,768.0
34.2075,0.2625,4-6,2019,1008.0
34.2075,0.2625,4-6,2023,1504.0
34.2125,0.2625,4-6,2016,768.0
34.2125,0.2625,4-6,2019,912.0
34.2125,0.2625,4-6,2023,1056.0
34.2175,0.2625,0-3,2016,2416.0
34.2175,0.2625,0-3,2019,3744.0
34.2175,0.2625,0-3,2023,4800.0
34.2225,0.2625,0-3,2016,27008.0
34.2225,0.2625,0-3,2019,33232.0
34.2225,0.2625,0-3,2023,36736.0
34.2275,0.2625,4-6,2016,24208.0
34.2275,0.2625,4-6,2019,27840.0
34.2275,0.2625,4-6,2023,30768.0
34.2325,0.2625,10-12,2016,1680.0
34.2325,0.2625,10-12,2019,2144.0
34.2325,0.2625,10-12,2023,4000.0
34.2375,0.2625,4-6,2016,1040.0
34.2375,0.2625,4-6,2019,1712.0
34.2375,0.2625,4-6,2023,1792.0
34.2425,0.2625,0-3,2016,1184.0
34.2425,0.2625,0-3,2019,1424.0
34.2425,0.2625,0-3,2023,1904.0
34.2475,0.2625,0-3,2016,544.0
34.2475,0.2625,0-3,2019,752.0
34.2475,0.2625,0-3,2023,944.0
34.2525,0.2625,0-3,2016,544.0
34.2525,0.2625,0-3,2019,1056.0
34.2525,0.2625,0-3,2023,880.0
34.2625,0.2625,4-6,2016,1696.0
34.2625,0.2625,4-6,2019,2352.0
34.2625,0.2625,4-6,2023,2992.0
34.2675,0.2625,0-3,2016,3632.0
34.2675,0.2625,0-3,2019,4448.0
34.2675,0.2625,0-3,2023,5296.0
34.2725,0.2625,0-3,2016,2832.0
34.2725,0.2625,0-3,2019,3536.0
34.2725,0.2625,0-3,2023,4128.0
34.2775,0.2625,0-3,2016,1536.0
34.2775,0.2625,0-3,2019,1856.0
34.2775,0.2625,0-3,2023,2416.0
34.2825,0.2625,0-3,2016,816.0
34.2825,0.2625,0-3,2019,1088.0
34.2825,0.2625,0-3,2023,912.0
34.2875,0.2625,0-3,2016,496.0
34.2875,0.2625,0-3,2019,608.0
34.2875,0.2625,0-3,2023,672.0
34.2925,0.2625,0-3,2016,3296.0
34.2925,0.2625,0-3,2019,4512.0
34.2925,0.2625,0-3,2023,4752.0
34.2975,0.2625,0-3,2016,1264.0
34.2975,0.2625,0-3,2019,1904.0
34.2975,0.2625,0-3,2023,2192.0
34.3075,0.2625,4-6,2016,624.0
34.3075,0.2625,4-6,2019,896.0
34.3075,0.2625,4-6,2023,1152.0
34.3125,0.2625,0-3,2016,2352.0
34.3125,0.2625,0-3,2019,2608.0
34.3125,0.2625,0-3,2023,3776.0
34.3175,0.2625,0-3,2016,3552.0
34.3175,0.2625,0-3,2019,4448.0
34.3175,0.2625,0-3,2023,5952.0
34.3225,0.2625,0-3,2016,2544.0
34.3225,0.2625,0-3,2019,2896.0
34.3225,0.2625,0-3,2023,3520.0
34.3275,0.2625,0-3,2016,1616.0
34.3275,0.2625,0-3,2019,2336.0
34.3275,0.2625,0-3,2023,2336.0
34.3325,0.2625,13-,2016,2544.0
34.3325,0.2625,13-,2019,3344.0
34.3325,0.2625,13-,2023,3424.0
34.3375,0.2625,10-12,2016,2128.0
34.3375,0.2625,10-12,2019,2464.0
34.3375,0.2625,10-12,2023,3296.0
34.3475,0.2625,0-3,2016,272.0
34.3475,0.2625,0-3,2019,320.0
34.3475,0.2625,0-3,2023,352.0
34.3525,0.2625,13-,2016,1664.0
34.3525,0.2625,13-,2019,1984.0
34.3525,0.2625,13-,2023,2144.0
34.3575,0.2625,10-12,2016,1024.0
34.3575,0.2625,10-12,2019,1104.0
34.3575,0.2625,10-12,2023,1008.0
34.3625,0.2625,0-3,2016,256.0
34.3625,0.2625,0-3,2019,288.0
34.3675,0.2625,4-6,2016,448.0
34.3675,0.2625,4-6,2019,752.0
34.3675,0.2625,4-6,2023,528.0
34.3725,0.2625,0-3,2016,688.0
34.3725,0.2625,0-3,2019,800.0
34.3725,0.2625,0-3,2023,1552.0
34.3775,0.2625,0-3,2016,224.0
34.3775,0.2625,0-3,2019,272.0
34.3775,0.2625,0-3,2023,496.0
34.3825,0.2625,10-12,2016,1296.0
34.3825,0.2625,10-12,2019,1504.0
34.3825,0.2625,10-12,2023,1856.0
34.3875,0.2625,4-6,2016,480.0
34.3875,0.2625,4-6,2019,480.0
34.3875,0.2625,4-6,2023,640.0
34.3925,0.2625,13-,2016,2032.0
34.3925,0.2625,13-,2019,3072.0
34.3925,0.2625,13-,2023,4144.0
34.3975,0.2625,4-6,2016,1488.0
34.3975,0.2625,4-6,2019,1664.0
34.3975,0.2625,4-6,2023,2352.0
34.1525,0.2675,0-3,2016,1984.0
34.1525,0.2675,0-3,2019,2640.0
34.1525,0.2675,0-3,2023,2672.0
34.1575,0.2675,13-,2016,1248.0
34.1575,0.2675,13-,2019,2464.0
34.1575,0.2675,13-,2023,2496.0
34.1625,0.2675,4-6,2016,1824.0
34.1625,0.2675,4-6,2019,2336.0
34.1625,0.2675,4-6,2023,3344.0
34.1675,0.2675,0-3,2016,1168.0
34.1675,0.2675,0-3,2019,1536.0
34.1675,0.2675,0-3,2023,1744.0
34.1725,0.2675,0-3,2016,1664.0
34.1725,0.2675,0-3,2019,2048.0
34.1725,0.2675,0-3,2023,1968.0
34.1775,0.2675,0-3,2016,720.0
34.1775,0.2675,0-3,2019,1520.0
34.1775,0.2675,0-3,2023,1856.0
34.1825,0.2675,4-6,2016,848.0
34.1825,0.2675,4-6,2019,1280.0
34.1825,0.2675,4-6,2023,1408.0
34.1875,0.2675,0-3,2016,4192.0
34.1875,0.2675,0-3,2019,4752.0
34.1875,0.2675,0-3,2023,6656.0
34.1925,0.2675,0-3,2016,1056.0
34.1925,0.2675,0-3,2019,1600.0
34.1925,0.2675,0-3,2023,1696.0
34.1975,0.2675,0-3,2016,784.0
34.1975,0.2675,0-3,2019,864.0
34.1975,0.2675,0-3,2023,1360.0
34.2075,0.2675,13-,2016,1184.0
34.2075,0.2675,13-,2019,2192.0
34.2075,0.2675,13-,2023,2608.0
34.2125,0.2675,7-9,2016,2416.0
34.2125,0.2675,7-9,2019,3056.0
34.2125,0.2675,7-9,2023,3744.0
34.2175,0.2675,10-12,2016,1504.0
34.2175,0.2675,10-12,2019,2208.0
34.2175,0.2675,10-12,2023,2000.0
34.2225,0.2675,7-9,2016,10512.0
34.2225,0.2675,7-9,2019,12752.0
34.2225,0.2675,7-9,2023,14128.0
34.2275,0.2675,0-3,2016,9728.0
34.2275,0.2675,0-3,2019,10736.0
34.2275,0.2675,0-3,2023,12624.0
34.2325,0.2675,0-3,2016,928.0
34.2325,0.2675,0-3,2019,1088.0
34.2325,0.2675,0-3,2023,1424.0
34.2375,0.2675,13-,2016,3120.0
34.2375,0.2675,13-,2019,4192.0
34.2375,0.2675,13-,2023,4016.0
34.2425,0.2675,13-,2016,3184.0
34.2425,0.2675,13-,2019,3888.0
34.2425,0.2675,13-,2023,4608.0
34.2475,0.2675,0-3,2016,1424.0
34.2475,0.2675,0-3,2019,2256.0
34.2475,0.2675,0-3,2023,2464.0
34.2525,0.2675,0-3,2016,1088.0
34.2525,0.2675,0-3,2019,1760.0
34.2525,0.2675,0-3,2023,2176.0
34.2575,0.2675,0-3,2016,544.0
34.2575,0.2675,0-3,2019,688.0
34.2575,0.2675,0-3,2023,928.0
34.2625,0.2675,0-3,2016,976.0
34.2625,0.2675,0-3,2019,2528.0
34.2625,0.2675,0-3,2023,2704.0
34.2675,0.2675,0-3,2016,1696.0
34.2675,0.2675,0-3,2019,2400.0
34.2675,0.2675,0-3,2023,2816.0
34.2725,0.2675,0-3,2016,1248.0
34.2725,0.2675,0-3,2019,1728.0
34.2725,0.2675,0-3,2023,1840.0
34.2875,0.2675,0-3,2016,1888.0
34.2875,0.2675,0-3,2019,2416.0
34.2875,0.2675,0-3,2023,2656.0
34.2925,0.2675,0-3,2016,7024.0
34.2925,0.2675,0-3,2019,8816.0
34.2925,0.2675,0-3,2023,9296.0
34.2975,0.2675,7-9,2016,1008.0
34.2975,0.2675,7-9,2019,1488.0
34.2975,0.2675,7-9,2023,1568.0
34.3025,0.2675,10-12,2016,1392.0
34.3025,0.2675,10-12,2019,1792.0
34.3025,0.2675,10-12,2023,1696.0
34.3075,0.2675,4-6,2016,496.0
34.3075,0.2675,4-6,2019,720.0
34.3075,0.2675,4-6,2023,848.0
34.3175,0.2675,0-3,2016,384.0
34.3175,0.2675,0-3,2019,352.0
34.3175,0.2675,0-3,2023,416.0
34.3225,0.2675,4-6,2016,3984.0
34.3225,0.2675,4-6,2019,5056.0
34.3225,0.2675,4-6,2023,5600.0
34.3275,0.2675,0-3,2016,6080.0
34.3275,0.2675,0-3,2019,7088.0
34.3275,0.2675,0-3,2023,9056.0
34.3325,0.2675,10-12,2016,2416.0
34.3325,0.2675,10-12,2019,3040.0
34.3325,0.2675,10-12,2023,3328.0
34.3375,0.2675,10-12,2016,1312.0
34.3375,0.2675,10-12,2019,1856.0
34.3375,0.2675,10-12,2023,2288.0
34.3425,0.2675,0-3,2016,1744.0
34.3425,0.2675,0-3,2019,2224.0
34.3425,0.2675,0-3,2023,2720.0
34.3475,0.2675,0-3,2016,1104.0
34.3475,0.2675,0-3,2019,1696.0
34.3475,0.2675,0-3,2023,2144.0
34.3525,0.2675,0-3,2016,272.0
34.3525,0.2675,0-3,2019,256.0
34.3525,0.2675,0-3,2023,496.0
34.3575,0.2675,4-6,2016,1392.0
34.3575,0.2675,4-6,2019,1776.0
34.3575,0.2675,4-6,2023,1936.0
34.3625,0.2675,0-3,2016,160.0
34.3625,0.2675,0-3,2019,256.0
34.3625,0.2675,0-3,2023,512.0
34.3675,0.2675,0-3,2016,1136.0
34.3675,0.2675,0-3,2019,1216.0
34.3675,0.2675,0-3,2023,1424.0
34.3725,0.2675,7-9,2016,1616.0
34.3725,0.2675,7-9,2019,2016.0
34.3725,0.2675,7-9,2023,2016.0
34.3775,0.2675,7-9,2016,864.0
34.3775,0.2675,7-9,2019,1232.0
34.3775,0.2675,7-9,2023,1120.0
34.3825,0.2675,13-,2016,672.0
34.3825,0.2675,13-,2019,688.0
34.3825,0.2675,13-,2023,976.0
34.3875,0.2675,7-9,2016,2448.0
34.3875,0.2675,7-9,2019,3408.0
34.3875,0.2675,7-9,2023,3888.0
34.3925,0.2675,0-3,2016,848.0
34.3925,0.2675,0-3,2019,1504.0
34.3925,0.2675,0-3,2023,2384.0
34.1525,0.2725,7-9,2016,896.0
34.1525,0.2725,7-9,2019,1424.0
34.1525,0.2725,7-9,2023,1520.0
34.1575,0.2725,10-12,2016,2144.0
34.1575,0.2725,10-12,2019,3616.0
34.1575,0.2725,10-12,2023,4432.0
34.1625,0.2725,4-6,2016,2320.0
34.1625,0.2725,4-6,2019,2992.0
34.1625,0.2725,4-6,2023,3280.0
34.1675,0.2725,0-3,2016,864.0
34.1675,0.2725,0-3,2019,1200.0
34.1675,0.2725,0-3,2023,1728.0
34.1725,0.2725,0-3,2016,2624.0
34.1725,0.2725,0-3,2019,3376.0
34.1725,0.2725,0-3,2023,3136.0
34.1775,0.2725,0-3,2016,1632.0
34.1775,0.2725,0-3,2019,2464.0
34.1775,0.2725,0-3,2023,2672.0
34.1825,0.2725,0-3,2016,2128.0
34.1825,0.2725,0-3,2019,2768.0
34.1825,0.2725,0-3,2023,3616.0
34.1875,0.2725,0-3,2016,976.0
34.1875,0.2725,0-3,2019,1040.0
34.1875,0.2725,0-3,2023,1920.0
34.2075,0.2725,13-,2016,1744.0
34.2075,0.2725,13-,2019,2368.0
34.2075,0.2725,13-,2023,2624.0
34.2125,0.2725,13-,2016,2672.0
34.2125,0.2725,13-,2019,3200.0
34.2125,0.2725,13-,2023,3296.0
34.2175,0.2725,4-6,2016,1152.0
34.2175,0.2725,4-6,2019,1456.0
34.2175,0.2725,4-6,2023,1760.0
34.2225,0.2725,7-9,2016,4704.0
34.2225,0.2725,7-9,2019,5856.0
34.2225,0.2725,7-9,2023,7808.0
34.2275,0.2725,0-3,2016,3888.0
34.2275,0.2725,0-3,2019,4976.0
34.2275,0.2725,0-3,2023,6528.0
34.2325,0.2725,0-3,2016,416.0
34.2325,0.2725,0-3,2019,560.0
34.2325,0.2725,0-3,2023,656.0
34.2375,0.2725,13-,2016,2544.0
34.2375,0.2725,13-,2019,3280.0
34.2375,0.2725,13-,2023,4016.0
34.2425,0.2725,10-12,2016,5984.0
34.2425,0.2725,10-12,2019,8304.0
34.2425,0.2725,10-12,2023,10208.0
34.2475,0.2725,0-3,2016,3456.0
34.2475,0.2725,0-3,2019,5072.0
34.2475,0.2725,0-3,2023,6080.0
34.2525,0.2725,0-3,2016,1376.0
34.2525,0.2725,0-3,2019,2640.0
34.2525,0.2725,0-3,2023,3312.0
34.2575,0.2725,0-3,2016,2624.0
34.2575,0.2725,0-3,2019,4384.0
34.2575,0.2725,0-3,2023,4640.0
34.2625,0.2725,10-12,2016,1920.0
34.2625,0.2725,10-12,2019,2880.0
34.2625,0.2725,10-12,2023,3568.0
34.2675,0.2725,7-9,2016,1408.0
34.2675,0.2725,7-9,2019,1920.0
34.2675,0.2725,7-9,2023,2784.0
34.2725,0.2725,10-12,2016,1264.0
34.2725,0.2725,10-12,2019,1552.0
34.2725,0.2725,10-12,2023,1776.0
34.2775,0.2725,10-12,2016,1040.0
34.2775,0.2725,10-12,2019,1376.0
34.2775,0.2725,10-12,2023,1440.0
34.2825,0.2725,0-3,2016,80.0
34.2825,0.2725,0-3,2019,176.0
34.2825,0.2725,0-3,2023,192.0
34.2875,0.2725,0-3,2016,1424.0
34.2875,0.2725,0-3,2019,1760.0
34.2875,0.2725,0-3,2023,1760.0
34.2925,0.2725,0-3,2016,2208.0
34.2925,0.2725,0-3,2019,4160.0
34.2925,0.2725,0-3,2023,5824.0
34.2975,0.2725,10-12,2016,2624.0
34.2975,0.2725,10-12,2019,3184.0
34.2975,0.2725,10-12,2023,3904.0
34.3025,0.2725,13-,2016,1840.0
34.3025,0.2725,13-,2019,2096.0
34.3025,0.2725,13-,2023,2512.0
34.3075,0.2725,0-3,2016,512.0
34.3075,0.2725,0-3,2019,592.0
34.3075,0.2725,0-3,2023,688.0
34.3125,0.2725,0-3,2016,832.0
34.3125,0.2725,0-3,2019,880.0
34.3125,0.2725,0-3,2023,1296.0
34.3175,0.2725,0-3,2016,368.0
34.3175,0.2725,0-3,2019,288.0
34.3175,0.2725,0-3,2023,224.0
34.3225,0.2725,4-6,2016,416.0
34.3225,0.2725,4-6,2019,752.0
34.3225,0.2725,4-6,2023,864.0
34.3275,0.2725,0-3,2016,1472.0
34.3275,0.2725,0-3,2019,2016.0
34.3275,0.2725,0-3,2023,2816.0
34.3325,0.2725,0-3,2016,2640.0
34.3325,0.2725,0-3,2019,3264.0
34.3325,0.2725,0-3,2023,3744.0
34.3375,0.2725,0-3,2016,784.0
34.3375,0.2725,0-3,2019,1264.0
34.3375,0.2725,0-3,2023,1376.0
34.3425,0.2725,0-3,2016,1184.0
34.3425,0.2725,0-3,2019,1760.0
34.3425,0.2725,0-3,2023,2048.0
34.3475,0.2725,0-3,2016,192.0
34.3475,0.2725,0-3,2019,336.0
34.3475,0.2725,0-3,2023,480.0
34.3525,0.2725,0-3,2016,96.0
34.3525,0.2725,0-3,2019,48.0
34.3525,0.2725,0-3,2023,208.0
34.3575,0.2725,4-6,2016,720.0
34.3575,0.2725,4-6,2019,896.0
34.3575,0.2725,4-6,2023,1264.0
34.3625,0.2725,7-9,2016,544.0
34.3625,0.2725,7-9,2019,800.0
34.3625,0.2725,7-9,2023,704.0
34.3675,0.2725,7-9,2016,528.0
34.3675,0.2725,7-9,2019,576.0
34.3675,0.2725,7-9,2023,592.0
34.3775,0.2725,10-12,2016,560.0
34.3775,0.2725,10-12,2019,544.0
34.3775,0.2725,10-12,2023,240.0
34.3875,0.2725,4-6,2016,432.0
34.3875,0.2725,4-6,2019,368.0
34.3875,0.2725,4-6,2023,336.0
34.1525,0.2775,0-3,2016,2128.0
34.1525,0.2775,0-3,2019,2672.0
34.1525,0.2775,0-3,2023,3392.0
34.1575,0.2775,10-12,2016,3088.0
34.1575,0.2775,10-12,2019,3920.0
34.1575,0.2775,10-12,2023,4560.0
34.1625,0.2775,13-,2016,1136.0
34.1625,0.2775,13-,2019,1856.0
34.1625,0.2775,13-,2023,2240.0
34.1675,0.2775,0-3,2016,336.0
34.1675,0.2775,0-3,2019,464.0
34.1675,0.2775,0-3,2023,880.0
34.1725,0.2775,0-3,2016,3872.0
34.1725,0.2775,0-3,2019,4880.0
34.1725,0.2775,0-3,2023,5936.0
34.1775,0.2775,0-3,2016,3296.0
34.1775,0.2775,0-3,2019,3824.0
34.1775,0.2775,0-3,2023,4240.0
34.1825,0.2775,0-3,2016,1232.0
34.1825,0.2775,0-3,2019,2624.0
34.1825,0.2775,0-3,2023,3072.0
34.2075,0.2775,13-,2016,2512.0
34.2075,0.2775,13-,2019,3120.0
34.2075,0.2775,13-,2023,3200.0
34.2125,0.2775,13-,2016,2512.0
34.2125,0.2775,13-,2019,3584.0
34.2125,0.2775,13-,2023,6160.0
34.2175,0.2775,7-9,2016,2208.0
34.2175,0.2775,7-9,2019,2480.0
34.2175,0.2775,7-9,2023,3056.0
34.2225,0.2775,0-3,2016,4336.0
34.2225,0.2775,0-3,2019,6080.0
34.2225,0.2775,0-3,2023,7712.0
34.2275,0.2775,0-3,2016,3312.0
34.2275,0.2775,0-3,2019,5024.0
34.2275,0.2775,0-3,2023,6928.0
34.2325,0.2775,0-3,2016,640.0
34.2325,0.2775,0-3,2019,976.0
34.2325,0.2775,0-3,2023,1312.0
34.2375,0.2775,0-3,2016,1520.0
34.2375,0.2775,0-3,2019,2624.0
34.2375,0.2775,0-3,2023,3280.0
34.2425,0.2775,7-9,2016,1840.0
34.2425,0.2775,7-9,2019,2800.0
34.2425,0.2775,7-9,2023,3120.0
34.2475,0.2775,0-3,2016,1328.0
34.2475,0.2775,0-3,2019,2176.0
34.2475,0.2775,0-3,2023,2720.0
34.2525,0.2775,0-3,2016,2080.0
34.2525,0.2775,0-3,2019,2576.0
34.2525,0.2775,0-3,2023,2720.0
34.2575,0.2775,0-3,2016,2784.0
34.2575,0.2775,0-3,2019,4192.0
34.2575,0.2775,0-3,2023,4704.0
34.2625,0.2775,7-9,2016,5456.0
34.2625,0.2775,7-9,2019,7056.0
34.2625,0.2775,7-9,2023,8016.0
34.2675,0.2775,7-9,2016,1584.0
34.2675,0.2775,7-9,2019,2064.0
34.2675,0.2775,7-9,2023,2048.0
34.2725,0.2775,10-12,2016,1296.0
34.2725,0.2775,10-12,2019,2016.0
34.2725,0.2775,10-12,2023,2544.0
34.2825,0.2775,0-3,2016,976.0
34.2825,0.2775,0-3,2019,1200.0
34.2825,0.2775,0-3,2023,1248.0
34.2875,0.2775,0-3,2016,3792.0
34.2875,0.2775,0-3,2019,4272.0
34.2875,0.2775,0-3,2023,4960.0
34.2925,0.2775,0-3,2016,2064.0
34.2925,0.2775,0-3,2019,3216.0
34.2925,0.2775,0-3,2023,3536.0
34.2975,0.2775,0-3,2016,1504.0
34.2975,0.2775,0-3,2019,2144.0
34.2975,0.2775,0-3,2023,2496.0
34.3075,0.2775,0-3,2016,1824.0
34.3075,0.2775,0-3,2019,2192.0
34.3075,0.2775,0-3,2023,2064.0
34.3125,0.2775,0-3,2016,800.0
34.3125,0.2775,0-3,2019,1216.0
34.3125,0.2775,0-3,2023,1440.0
34.3175,0.2775,0-3,2016,1744.0
34.3175,0.2775,0-3,2019,2352.0
34.3175,0.2775,0-3,2023,2736.0
34.3225,0.2775,0-3,2016,864.0
34.3225,0.2775,0-3,2019,1824.0
34.3225,0.2775,0-3,2023,2560.0
34.3275,0.2775,0-3,2016,240.0
34.3275,0.2775,0-3,2019,288.0
34.3275,0.2775,0-3,2023,336.0
34.3375,0.2775,0-3,2016,1744.0
34.3375,0.2775,0-3,2019,2240.0
34.3375,0.2775,0-3,2023,2960.0
34.3425,0.2775,0-3,2016,1056.0
34.3425,0.2775,0-3,2019,1216.0
34.3425,0.2775,0-3,2023,1760.0
34.3475,0.2775,0-3,2016,1040.0
34.3475,0.2775,0-3,2019,1616.0
34.3475,0.2775,0-3,2023,1520.0
34.3575,0.2775,13-,2016,2144.0
34.3575,0.2775,13-,2019,3040.0
34.3575,0.2775,13-,2023,3536.0
34.3625,0.2775,4-6,2016,784.0
34.3625,0.2775,4-6,2019,1152.0
34.3625,0.2775,4-6,2023,912.0
34.3675,0.2775,4-6,2016,992.0
34.3675,0.2775,4-6,2019,1200.0
34.3675,0.2775,4-6,2023,1328.0
34.3725,0.2775,7-9,2016,944.0
34.3725,0.2775,7-9,2019,896.0
34.3725,0.2775,7-9,2023,1072.0
34.3775,0.2775,10-12,2016,864.0
34.3775,0.2775,10-12,2019,1088.0
34.3775,0.2775,10-12,2023,1360.0
34.3825,0.2775,13-,2016,1088.0
34.3825,0.2775,13-,2019,1856.0
34.3825,0.2775,13-,2023,1856.0
34.3875,0.2775,13-,2016,1360.0
34.3875,0.2775,13-,2019,1776.0
34.3875,0.2775,13-,2023,1904.0
34.3925,0.2775,4-6,2016,896.0
34.3925,0.2775,4-6,2019,1088.0
34.3925,0.2775,4-6,2023,1008.0
34.1575,0.2825,10-12,2016,1664.0
34.1575,0.2825,10-12,2019,2544.0
34.1575,0.2825,10-12,2023,2496.0
34.1625,0.2825,10-12,2016,2256.0
34.1625,0.2825,10-12,2019,3360.0
34.1625,0.2825,10-12,2023,3920.0
34.1675,0.2825,13-,2016,2400.0
34.1675,0.2825,13-,2019,3328.0
34.1675,0.2825,13-,2023,4304.0
34.1725,0.2825,4-6,2016,3168.0
34.1725,0.2825,4-6,2019,4304.0
34.1725,0.2825,4-6,2023,4304.0
34.1775,0.2825,0-3,2016,2880.0
34.1775,0.2825,0-3,2019,3504.0
34.1775,0.2825,0-3,2023,4080.0
34.1825,0.2825,0-3,2016,1376.0
34.1825,0.2825,0-3,2019,2400.0
34.1825,0.2825,0-3,2023,2400.0
34.2075,0.2825,4-6,2016,1280.0
34.2075,0.2825,4-6,2019,2016.0
34.2075,0.2825,4-6,2023,2288.0
34.2125,0.2825,13-,2016,2016.0
34.2125,0.2825,13-,2019,2768.0
34.2125,0.2825,13-,2023,4448.0
34.2175,0.2825,7-9,2016,4384.0
34.2175,0.2825,7-9,2019,5904.0
34.2175,0.2825,7-9,2023,7696.0
34.2225,0.2825,0-3,2016,3344.0
34.2225,0.2825,0-3,2019,4016.0
34.2225,0.2825,0-3,2023,5248.0
34.2275,0.2825,0-3,2016,2208.0
34.2275,0.2825,0-3,2019,2656.0
34.2275,0.2825,0-3,2023,3424.0
34.2325,0.2825,0-3,2016,768.0
34.2325,0.2825,0-3,2019,1248.0
34.2325,0.2825,0-3,2023,1696.0
34.2375,0.2825,0-3,2016,64.0
34.2375,0.2825,0-3,2019,32.0
34.2375,0.2825,0-3,2023,816.0
34.2425,0.2825,0-3,2016,1264.0
34.2425,0.2825,0-3,2019,2208.0
34.2425,0.2825,0-3,2023,2352.0
34.2475,0.2825,0-3,2016,1056.0
34.2475,0.2825,0-3,2019,1504.0
34.2475,0.2825,0-3,2023,2128.0
34.2525,0.2825,0-3,2016,1184.0
34.2525,0.2825,0-3,2019,1552.0
34.2525,0.2825,0-3,2023,1824.0
34.2575,0.2825,0-3,2016,1568.0
34.2575,0.2825,0-3,2019,2352.0
34.2575,0.2825,0-3,2023,2576.0
34.2625,0.2825,0-3,2016,3680.0
34.2625,0.2825,0-3,2019,4672.0
34.2625,0.2825,0-3,2023,5856.0
34.2675,0.2825,0-3,2016,2256.0
34.2675,0.2825,0-3,2019,3040.0
34.2675,0.2825,0-3,2023,4416.0
34.2725,0.2825,0-3,2016,592.0
34.2725,0.2825,0-3,2019,1328.0
34.2725,0.2825,0-3,2023,1632.0
34.2775,0.2825,0-3,2016,416.0
34.2775,0.2825,0-3,2019,640.0
34.2775,0.2825,0-3,2023,864.0
34.2825,0.2825,7-9,2016,2032.0
34.2825,0.2825,7-9,2019,2528.0
34.2825,0.2825,7-9,2023,2640.0
34.2875,0.2825,0-3,2016,976.0
34.2875,0.2825,0-3,2019,1120.0
34.2875,0.2825,0-3,2023,1360.0
34.2925,0.2825,0-3,2016,2864.0
34.2925,0.2825,0-3,2019,4064.0
34.2925,0.2825,0-3,2023,5008.0
34.2975,0.2825,0-3,2016,2016.0
34.2975,0.2825,0-3,2019,2432.0
34.2975,0.2825,0-3,2023,2608.0
34.3025,0.2825,10-12,2016,1984.0
34.3025,0.2825,10-12,2019,2560.0
34.3025,0.2825,10-12,2023,2816.0
34.3075,0.2825,13-,2016,2000.0
34.3075,0.2825,13-,2019,2880.0
34.3075,0.2825,13-,2023,3136.0
34.3125,0.2825,0-3,2016,912.0
34.3125,0.2825,0-3,2019,1344.0
34.3125,0.2825,0-3,2023,1568.0
34.3175,0.2825,0-3,2016,560.0
34.3175,0.2825,0-3,2019,816.0
34.3175,0.2825,0-3,2023,1056.0
34.3225,0.2825,0-3,2016,2016.0
34.3225,0.2825,0-3,2019,2704.0
34.3225,0.2825,0-3,2023,2912.0
34.3275,0.2825,0-3,2016,1664.0
34.3275,0.2825,0-3,2019,1840.0
34.3275,0.2825,0-3,2023,2176.0
34.3325,0.2825,0-3,2016,1952.0
34.3325,0.2825,0-3,2019,2624.0
34.3325,0.2825,0-3,2023,3248.0
34.3375,0.2825,0-3,2016,2448.0
34.3375,0.2825,0-3,2019,2800.0
34.3375,0.2825,0-3,2023,3168.0
34.3425,0.2825,0-3,2016,2544.0
34.3425,0.2825,0-3,2019,3552.0
34.3425,0.2825,0-3,2023,3440.0
34.3475,0.2825,0-3,2016,592.0
34.3475,0.2825,0-3,2019,864.0
34.3475,0.2825,0-3,2023,960.0
34.3575,0.2825,13-,2016,2320.0
34.3575,0.2825,13-,2019,2720.0
34.3575,0.2825,13-,2023,2848.0
34.3625,0.2825,0-3,2016,992.0
34.3625,0.2825,0-3,2019,1696.0
34.3625,0.2825,0-3,2023,1824.0
34.3675,0.2825,4-6,2016,2016.0
34.3675,0.2825,4-6,2019,2304.0
34.3675,0.2825,4-6,2023,2336.0
34.3725,0.2825,13-,2016,1248.0
34.3725,0.2825,13-,2019,1744.0
34.3725,0.2825,13-,2023,2048.0
34.3775,0.2825,10-12,2016,1344.0
34.3775,0.2825,10-12,2019,1472.0
34.3775,0.2825,10-12,2023,1616.0
34.3825,0.2825,4-6,2016,1728.0
34.3825,0.2825,4-6,2019,2256.0
34.3825,0.2825,4-6,2023,2432.0
34.3875,0.2825,0-3,2016,3408.0
34.3875,0.2825,0-3,2019,4304.0
34.3875,0.2825,0-3,2023,5616.0
34.3925,0.2825,0-3,2016,2544.0
34.3925,0.2825,0-3,2019,3312.0
34.3925,0.2825,0-3,2023,4192.0
34.1625,0.2875,7-9,2016,1984.0
34.1625,0.2875,7-9,2019,2960.0
34.1625,0.2875,7-9,2023,4192.0
34.1675,0.2875,10-12,2016,1968.0
34.1675,0.2875,10-12,2019,3392.0
34.1675,0.2875,10-12,2023,4000.0
34.1725,0.2875,10-12,2016,6512.0
34.1725,0.2875,10-12,2019,7360.0
34.1725,0.2875,10-12,2023,7648.0
34.1775,0.2875,0-3,2016,1504.0
34.1775,0.2875,0-3,2019,2416.0
34.1775,0.2875,0-3,2023,3056.0
34.2175,0.2875,0-3,2016,2272.0
34.2175,0.2875,0-3,2019,3504.0
34.2175,0.2875,0-3,2023,3936.0
34.2225,0.2875,0-3,2016,2448.0
34.2225,0.2875,0-3,2019,3920.0
34.2225,0.2875,0-3,2023,4576.0
34.2275,0.2875,4-6,2016,1952.0
34.2275,0.2875,4-6,2019,3136.0
34.2275,0.2875,4-6,2023,3408.0
34.2325,0.2875,0-3,2016,2592.0
34.2325,0.2875,0-3,2019,3600.0
34.2325,0.2875,0-3,2023,4464.0
34.2375,0.2875,0-3,2016,608.0
34.2375,0.2875,0-3,2019,1024.0
34.2375,0.2875,0-3,2023,1376.0
34.2425,0.2875,0-3,2016,1856.0
34.2425,0.2875,0-3,2019,3280.0
34.2425,0.2875,0-3,2023,3248.0
34.2475,0.2875,0-3,2016,4048.0
34.2475,0.2875,0-3,2019,5168.0
34.2475,0.2875,0-3,2023,6752.0
34.2525,0.2875,4-6,2016,3424.0
34.2525,0.2875,4-6,2019,4752.0
34.2525,0.2875,4-6,2023,5632.0
34.2575,0.2875,0-3,2016,4736.0
34.2575,0.2875,0-3,2019,6096.0
34.2575,0.2875,0-3,2023,7696.0
34.2625,0.2875,0-3,2016,12736.0
34.2625,0.2875,0-3,2019,16128.0
34.2625,0.2875,0-3,2023,18128.0
34.2675,0.2875,0-3,2016,1856.0
34.2675,0.2875,0-3,2019,2880.0
34.2675,0.2875,0-3,2023,3056.0
34.2775,0.2875,0-3,2016,1760.0
34.2775,0.2875,0-3,2019,2080.0
34.2775,0.2875,0-3,2023,2656.0
34.2825,0.2875,10-12,2016,944.0
34.2825,0.2875,10-12,2019,1200.0
34.2825,0.2875,10-12,2023,1664.0
34.2875,0.2875,4-6,2016,2272.0
34.2875,0.2875,4-6,2019,2544.0
34.2875,0.2875,4-6,2023,3168.0
34.2925,0.2875,0-3,2016,3392.0
34.2925,0.2875,0-3,2019,4416.0
34.2925,0.2875,0-3,2023,4528.0
34.2975,0.2875,7-9,2016,3632.0
34.2975,0.2875,7-9,2019,4256.0
34.2975,0.2875,7-9,2023,5168.0
34.3025,0.2875,7-9,2016,1744.0
34.3025,0.2875,7-9,2019,2416.0
34.3025,0.2875,7-9,2023,3472.0
34.3075,0.2875,4-6,2016,1520.0
34.3075,0.2875,4-6,2019,2080.0
34.3075,0.2875,4-6,2023,2208.0
34.3125,0.2875,0-3,2016,1824.0
34.3125,0.2875,0-3,2019,2528.0
34.3125,0.2875,0-3,2023,2992.0
34.3175,0.2875,7-9,2016,2272.0
34.3175,0.2875,7-9,2019,2528.0
34.3175,0.2875,7-9,2023,2992.0
34.3225,0.2875,13-,2016,2224.0
34.3225,0.2875,13-,2019,2464.0
34.3225,0.2875,13-,2023,3280.0
34.3275,0.2875,0-3,2016,640.0
34.3275,0.2875,0-3,2019,784.0
34.3275,0.2875,0-3,2023,880.0
34.3325,0.2875,0-3,2016,1200.0
34.3325,0.2875,0-3,2019,1120.0
34.3325,0.2875,0-3,2023,2048.0
34.3375,0.2875,0-3,2016,656.0
34.3375,0.2875,0-3,2019,1472.0
34.3375,0.2875,0-3,2023,2928.0
34.3425,0.2875,0-3,2016,1792.0
34.3425,0.2875,0-3,2019,2512.0
34.3425,0.2875,0-3,2023,2800.0
34.3475,0.2875,4-6,2016,1984.0
34.3475,0.2875,4-6,2019,2656.0
34.3475,0.2875,4-6,2023,3264.0
34.3525,0.2875,0-3,2016,208.0
34.3525,0.2875,0-3,2019,336.0
34.3525,0.2875,0-3,2023,608.0
34.3575,0.2875,7-9,2016,3120.0
34.3575,0.2875,7-9,2019,3712.0
34.3575,0.2875,7-9,2023,4144.0
34.3625,0.2875,0-3,2016,1712.0
34.3625,0.2875,0-3,2019,1952.0
34.3625,0.2875,0-3,2023,2816.0
34.3675,0.2875,4-6,2016,3312.0
34.3675,0.2875,4-6,2019,4096.0
34.3675,0.2875,4-6,2023,4448.0
34.3725,0.2875,10-12,2016,3856.0
34.3725,0.2875,10-12,2019,4320.0
34.3725,0.2875,10-12,2023,4288.0
34.3775,0.2875,13-,2016,1104.0
34.3775,0.2875,13-,2019,1296.0
34.3775,0.2875,13-,2023,1472.0
34.3825,0.2875,4-6,2016,496.0
34.3825,0.2875,4-6,2019,464.0
34.3825,0.2875,4-6,2023,288.0
34.3875,0.2875,0-3,2016,2672.0
34.3875,0.2875,0-3,2019,3296.0
34.3875,0.2875,0-3,2023,3392.0
34.3925,0.2875,0-3,2016,2944.0
34.3925,0.2875,0-3,2019,3472.0
34.3925,0.2875,0-3,2023,3936.0
34.1625,0.2925,0-3,2016,1328.0
34.1625,0.2925,0-3,2019,1824.0
34.1625,0.2925,0-3,2023,2160.0
34.1675,0.2925,7-9,2016,3008.0
34.1675,0.2925,7-9,2019,4256.0
34.1675,0.2925,7-9,2023,4128.0
34.1725,0.2925,0-3,2016,3824.0
34.1725,0.2925,0-3,2019,5280.0
34.1725,0.2925,0-3,2023,6192.0
34.2425,0.2925,4-6,2016,1024.0
34.2425,0.2925,4-6,2019,1520.0
34.2425,0.2925,4-6,2023,1456.0
34.2475,0.2925,10-12,2016,3024.0
34.2475,0.2925,10-12,2019,4240.0
34.2475,0.2925,10-12,2023,4048.0
34.2525,0.2925,4-6,2016,1840.0
34.2525,0.2925,4-6,2019,2432.0
34.2525,0.2925,4-6,2023,2912.0
34.2575,0.2925,0-3,2016,2096.0
34.2575,0.2925,0-3,2019,3088.0
34.2575,0.2925,0-3,2023,3296.0
34.2625,0.2925,0-3,2016,1424.0
34.2625,0.2925,0-3,2019,1856.0
34.2625,0.2925,0-3,2023,2304.0
34.2675,0.2925,0-3,2016,2752.0
34.2675,0.2925,0-3,2019,4240.0
34.2675,0.2925,0-3,2023,4640.0
34.2725,0.2925,0-3,2016,464.0
34.2725,0.2925,0-3,2019,1072.0
34.2725,0.2925,0-3,2023,992.0
34.2775,0.2925,0-3,2016,1600.0
34.2775,0.2925,0-3,2019,2368.0
34.2775,0.2925,0-3,2023,3296.0
34.2825,0.2925,0-3,2016,1232.0
34.2825,0.2925,0-3,2019,1888.0
34.2825,0.2925,0-3,2023,1952.0
34.2875,0.2925,0-3,2016,848.0
34.2875,0.2925,0-3,2019,1632.0
34.2875,0.2925,0-3,2023,2112.0
34.2925,0.2925,0-3,2016,5184.0
34.2925,0.2925,0-3,2019,7392.0
34.2925,0.2925,0-3,2023,8816.0
34.2975,0.2925,0-3,2016,2832.0
34.2975,0.2925,0-3,2019,3744.0
34.2975,0.2925,0-3,2023,4464.0
34.3025,0.2925,0-3,2016,352.0
34.3025,0.2925,0-3,2019,560.0
34.3025,0.2925,0-3,2023,592.0
34.3075,0.2925,0-3,2016,1696.0
34.3075,0.2925,0-3,2019,2160.0
34.3075,0.2925,0-3,2023,2368.0
34.3125,0.2925,0-3,2016,544.0
34.3125,0.2925,0-3,2019,768.0
34.3125,0.2925,0-3,2023,912.0
34.3175,0.2925,0-3,2016,592.0
34.3175,0.2925,0-3,2019,944.0
34.3175,0.2925,0-3,2023,1200.0
34.3225,0.2925,13-,2016,2496.0
34.3225,0.2925,13-,2019,3120.0
34.3225,0.2925,13-,2023,2688.0
34.3275,0.2925,7-9,2016,1392.0
34.3275,0.2925,7-9,2019,1792.0
34.3275,0.2925,7-9,2023,2240.0
34.3325,0.2925,0-3,2016,400.0
34.3325,0.2925,0-3,2019,400.0
34.3325,0.2925,0-3,2023,816.0
34.3375,0.2925,0-3,2016,1040.0
34.3375,0.2925,0-3,2019,1200.0
34.3375,0.2925,0-3,2023,1600.0
34.3425,0.2925,0-3,2016,1072.0
34.3425,0.2925,0-3,2019,1696.0
34.3425,0.2925,0-3,2023,2544.0
34.3475,0.2925,13-,2016,2416.0
34.3475,0.2925,13-,2019,3088.0
34.3475,0.2925,13-,2023,3344.0
34.3525,0.2925,7-9,2016,944.0
34.3525,0.2925,7-9,2019,1488.0
34.3525,0.2925,7-9,2023,1440.0
34.3575,0.2925,0-3,2016,208.0
34.3575,0.2925,0-3,2019,416.0
34.3575,0.2925,0-3,2023,400.0
34.3625,0.2925,4-6,2016,800.0
34.3625,0.2925,4-6,2019,720.0
34.3625,0.2925,4-6,2023,1072.0
34.3675,0.2925,7-9,2016,2608.0
34.3675,0.2925,7-9,2019,2672.0
34.3675,0.2925,7-9,2023,3280.0
34.3725,0.2925,0-3,2016,1168.0
34.3725,0.2925,0-3,2019,1296.0
34.3725,0.2925,0-3,2023,1440.0
34.3775,0.2925,10-12,2016,1232.0
34.3775,0.2925,10-12,2019,1248.0
34.3775,0.2925,10-12,2023,1344.0
34.3825,0.2925,13-,2016,1120.0
34.3825,0.2925,13-,2019,1120.0
34.3825,0.2925,13-,2023,1360.0
34.3875,0.2925,0-3,2016,1216.0
34.3875,0.2925,0-3,2019,1456.0
34.3875,0.2925,0-3,2023,1984.0
34.3925,0.2925,0-3,2016,2080.0
34.3925,0.2925,0-3,2019,2480.0
34.3925,0.2925,0-3,2023,2688.0
34.1675,0.2975,0-3,2016,1088.0
34.1675,0.2975,0-3,2019,2032.0
34.1675,0.2975,0-3,2023,2640.0
34.2525,0.2975,7-9,2016,1488.0
34.2525,0.2975,7-9,2019,2400.0
34.2525,0.2975,7-9,2023,3312.0
34.2575,0.2975,4-6,2016,3648.0
34.2575,0.2975,4-6,2019,5680.0
34.2575,0.2975,4-6,2023,6720.0
34.2625,0.2975,0-3,2016,2928.0
34.2625,0.2975,0-3,2019,4000.0
34.2625,0.2975,0-3,2023,5008.0
34.2675,0.2975,0-3,2016,4224.0
34.2675,0.2975,0-3,2019,5760.0
34.2675,0.2975,0-3,2023,7120.0
34.2725,0.2975,0-3,2016,2928.0
34.2725,0.2975,0-3,2019,4032.0
34.2725,0.2975,0-3,2023,3840.0
34.2775,0.2975,0-3,2016,1328.0
34.2775,0.2975,0-3,2019,2128.0
34.2775,0.2975,0-3,2023,2896.0
34.2825,0.2975,0-3,2016,3632.0
34.2825,0.2975,0-3,2019,4976.0
34.2825,0.2975,0-3,2023,6432.0
34.2875,0.2975,0-3,2016,2352.0
34.2875,0.2975,0-3,2019,3424.0
34.2875,0.2975,0-3,2023,3424.0
34.2925,0.2975,0-3,2016,2720.0
34.2925,0.2975,0-3,2019,3328.0
34.2925,0.2975,0-3,2023,3312.0
34.2975,0.2975,0-3,2016,256.0
34.2975,0.2975,0-3,2019,352.0
34.2975,0.2975,0-3,2023,384.0
34.3025,0.2975,0-3,2016,432.0
34.3025,0.2975,0-3,2019,848.0
34.3025,0.2975,0-3,2023,1456.0
34.3075,0.2975,0-3,2016,288.0
34.3075,0.2975,0-3,2019,480.0
34.3075,0.2975,0-3,2023,448.0
34.3125,0.2975,0-3,2016,2096.0
34.3125,0.2975,0-3,2019,2544.0
34.3125,0.2975,0-3,2023,2848.0
34.3175,0.2975,0-3,2016,1568.0
34.3175,0.2975,0-3,2019,2000.0
34.3175,0.2975,0-3,2023,2624.0
34.3225,0.2975,4-6,2016,1008.0
34.3225,0.2975,4-6,2019,944.0
34.3225,0.2975,4-6,2023,1072.0
34.3275,0.2975,13-,2016,2320.0
34.3275,0.2975,13-,2019,2960.0
34.3275,0.2975,13-,2023,3408.0
34.3325,0.2975,4-6,2016,1776.0
34.3325,0.2975,4-6,2019,2928.0
34.3325,0.2975,4-6,2023,3392.0
34.3375,0.2975,13-,2016,2480.0
34.3375,0.2975,13-,2019,2960.0
34.3375,0.2975,13-,2023,3232.0
34.3425,0.2975,0-3,2016,848.0
34.3425,0.2975,0-3,2019,960.0
34.3425,0.2975,0-3,2023,1168.0
34.3475,0.2975,0-3,2016,5968.0
34.3475,0.2975,0-3,2019,7248.0
34.3475,0.2975,0-3,2023,8048.0
34.3525,0.2975,0-3,2016,1872.0
34.3525,0.2975,0-3,2019,2320.0
34.3525,0.2975,0-3,2023,3120.0
34.3575,0.2975,0-3,2016,1040.0
34.3575,0.2975,0-3,2019,1952.0
34.3575,0.2975,0-3,2023,2288.0
34.3625,0.2975,0-3,2016,1728.0
34.3625,0.2975,0-3,2019,2032.0
34.3625,0.2975,0-3,2023,2912.0
34.3675,0.2975,7-9,2016,1536.0
34.3675,0.2975,7-9,2019,1856.0
34.3675,0.2975,7-9,2023,1984.0
34.3725,0.2975,7-9,2016,1536.0
34.3725,0.2975,7-9,2019,1984.0
34.3725,0.2975,7-9,2023,2752.0
34.3775,0.2975,13-,2016,2000.0
34.3775,0.2975,13-,2019,2544.0
34.3775,0.2975,13-,2023,2992.0
34.3825,0.2975,13-,2016,2240.0
34.3825,0.2975,13-,2019,2560.0
34.3825,0.2975,13-,2023,2448.0
34.2475,0.3025,0-3,2016,448.0
34.2475,0.3025,0-3,2019,704.0
34.2475,0.3025,0-3,2023,720.0
34.2525,0.3025,13-,2016,2112.0
34.2525,0.3025,13-,2019,2368.0
34.2525,0.3025,13-,2023,2944.0
34.2575,0.3025,4-6,2016,4032.0
34.2575,0.3025,4-6,2019,5440.0
34.2575,0.3025,4-6,2023,7024.0
34.2625,0.3025,0-3,2016,3136.0
34.2625,0.3025,0-3,2019,4352.0
34.2625,0.3025,0-3,2023,5296.0
34.2675,0.3025,13-,2016,3008.0
34.2675,0.3025,13-,2019,4128.0
34.2675,0.3025,13-,2023,5232.0
34.2725,0.3025,0-3,2016,1856.0
34.2725,0.3025,0-3,2019,2608.0
34.2725,0.3025,0-3,2023,2704.0
34.2775,0.3025,0-3,2016,1536.0
34.2775,0.3025,0-3,2019,1792.0
34.2775,0.3025,0-3,2023,2272.0
34.2825,0.3025,0-3,2016,6432.0
34.2825,0.3025,0-3,2019,8256.0
34.2825,0.3025,0-3,2023,8608.0
34.2875,0.3025,13-,2016,9696.0
34.2875,0.3025,13-,2019,11952.0
34.2875,0.3025,13-,2023,12048.0
34.2925,0.3025,4-6,2016,1536.0
34.2925,0.3025,4-6,2019,2416.0
34.2925,0.3025,4-6,2023,2928.0
34.2975,0.3025,0-3,2016,1040.0
34.2975,0.3025,0-3,2019,1296.0
34.2975,0.3025,0-3,2023,1744.0
34.3025,0.3025,0-3,2016,1216.0
34.3025,0.3025,0-3,2019,2192.0
34.3025,0.3025,0-3,2023,2096.0
34.3075,0.3025,0-3,2016,2208.0
34.3075,0.3025,0-3,2019,3104.0
34.3075,0.3025,0-3,2023,2928.0
34.3125,0.3025,0-3,2016,2512.0
34.3125,0.3025,0-3,2019,3424.0
34.3125,0.3025,0-3,2023,4128.0
34.3175,0.3025,0-3,2016,2224.0
34.3175,0.3025,0-3,2019,3120.0
34.3175,0.3025,0-3,2023,4176.0
34.3225,0.3025,4-6,2016,624.0
34.3225,0.3025,4-6,2019,640.0
34.3225,0.3025,4-6,2023,512.0
34.3275,0.3025,13-,2016,2128.0
34.3275,0.3025,13-,2019,2816.0
34.3275,0.3025,13-,2023,3008.0
34.3325,0.3025,13-,2016,3184.0
34.3325,0.3025,13-,2019,4032.0
34.3325,0.3025,13-,2023,4384.0
34.3375,0.3025,13-,2016,3040.0
34.3375,0.3025,13-,2019,3888.0
34.3375,0.3025,13-,2023,4160.0
34.3425,0.3025,0-3,2016,128.0
34.3425,0.3025,0-3,2019,320.0
34.3425,0.3025,0-3,2023,416.0
34.3475,0.3025,0-3,2016,8144.0
34.3475,0.3025,0-3,2019,9120.0
34.3475,0.3025,0-3,2023,10912.0
34.3525,0.3025,0-3,2016,2992.0
34.3525,0.3025,0-3,2019,3584.0
34.3525,0.3025,0-3,2023,4320.0
34.3575,0.3025,0-3,2016,1200.0
34.3575,0.3025,0-3,2019,1968.0
34.3575,0.3025,0-3,2023,2272.0
34.3625,0.3025,0-3,2016,1248.0
34.3625,0.3025,0-3,2019,1552.0
34.3625,0.3025,0-3,2023,1968.0
34.3675,0.3025,0-3,2016,624.0
34.3675,0.3025,0-3,2019,1104.0
34.3675,0.3025,0-3,2023,1328.0
34.3725,0.3025,13-,2016,1360.0
34.3725,0.3025,13-,2019,1600.0
34.3725,0.3025,13-,2023,2048.0
34.3775,0.3025,13-,2016,1648.0
34.3775,0.3025,13-,2019,2400.0
34.3775,0.3025,13-,2023,2976.0
34.3825,0.3025,0-3,2016,2896.0
34.3825,0.3025,0-3,2019,3664.0
34.3825,0.3025,0-3,2023,4464.0
34.2525,0.3075,13-,2016,3408.0
34.2525,0.3075,13-,2019,4256.0
34.2525,0.3075,13-,2023,5072.0
34.2575,0.3075,7-9,2016,2816.0
34.2575,0.3075,7-9,2019,3648.0
34.2575,0.3075,7-9,2023,3760.0
34.2625,0.3075,0-3,2016,800.0
34.2625,0.3075,0-3,2019,928.0
34.2625,0.3075,0-3,2023,1152.0
34.2675,0.3075,0-3,2016,176.0
34.2675,0.3075,0-3,2019,640.0
34.2675,0.3075,0-3,2023,592.0
34.2725,0.3075,0-3,2016,48.0
34.2725,0.3075,0-3,2019,176.0
34.2725,0.3075,0-3,2023,400.0
34.2775,0.3075,0-3,2016,1024.0
34.2775,0.3075,0-3,2019,1680.0
34.2775,0.3075,0-3,2023,1712.0
34.2825,0.3075,0-3,2016,3280.0
34.2825,0.3075,0-3,2019,4464.0
34.2825,0.3075,0-3,2023,5152.0
34.2925,0.3075,4-6,2016,3920.0
34.2925,0.3075,4-6,2019,4432.0
34.2925,0.3075,4-6,2023,5360.0
34.2975,0.3075,0-3,2016,4544.0
34.2975,0.3075,0-3,2019,4976.0
34.2975,0.3075,0-3,2023,4880.0
34.3025,0.3075,0-3,2016,2224.0
34.3025,0.3075,0-3,2019,3168.0
34.3025,0.3075,0-3,2023,3424.0
34.3075,0.3075,0-3,2016,2896.0
34.3075,0.3075,0-3,2019,3856.0
34.3075,0.3075,0-3,2023,5200.0
34.3125,0.3075,0-3,2016,2496.0
34.3125,0.3075,0-3,2019,3104.0
34.3125,0.3075,0-3,2023,3792.0
34.3175,0.3075,0-3,2016,1408.0
34.3175,0.3075,0-3,2019,2192.0
34.3175,0.3075,0-3,2023,2384.0
34.3275,0.3075,13-,2016,2768.0
34.3275,0.3075,13-,2019,3968.0
34.3275,0.3075,13-,2023,4288.0
34.3325,0.3075,13-,2016,2400.0
34.3325,0.3075,13-,2019,2864.0
34.3325,0.3075,13-,2023,3264.0
34.3375,0.3075,10-12,2016,5984.0
34.3375,0.3075,10-12,2019,7184.0
34.3375,0.3075,10-12,2023,9344.0
34.3425,0.3075,0-3,2016,1584.0
34.3425,0.3075,0-3,2019,1904.0
34.3425,0.3075,0-3,2023,1616.0
