lon,lat,treatment_intensity,year,volume_m3,built_area_m2,externality_index,externality_mean,n_neighbours,own_value
34.2575,-0.0475,0-3,2016,3837.625,832.0,3.0,1.5,2,1.5
34.2575,-0.0475,0-3,2019,6470.125,1440.0,3.0,1.5,2,1.5
34.2575,-0.0475,0-3,2023,8240.5,1952.0,3.0,1.5,2,1.5
34.2575,-0.0425,0-3,2016,7716.5,1904.0,4.5,1.5,3,1.5
34.2575,-0.0425,0-3,2019,11077.5,2624.0,4.5,1.5,3,1.5
34.2575,-0.0425,0-3,2023,14537.75,3280.0,4.5,1.5,3,1.5
34.2625,-0.0425,0-3,2016,4993.875,1200.0,11.0,2.2,5,1.5
34.2625,-0.0425,0-3,2019,9004.0,2000.0,11.0,2.2,5,1.5
34.2625,-0.0425,0-3,2023,10418.75,2432.0,11.0,2.2,5,1.5
34.2675,-0.0425,4-6,2016,8481.25,2096.0,12.5,3.125,4,5.0
34.2675,-0.0425,4-6,2019,11711.625,2912.0,12.5,3.125,4,5.0
34.2675,-0.0425,4-6,2023,13752.5,3424.0,12.5,3.125,4,5.0
34.2625,-0.0375,0-3,2016,3389.625,960.0,12.5,2.0833333333333335,6,1.5
34.2625,-0.0375,0-3,2019,4607.75,1312.0,12.5,2.0833333333333335,6,1.5
34.2625,-0.0375,0-3,2023,7879.375,2032.0,12.5,2.0833333333333335,6,1.5
34.2675,-0.0375,0-3,2016,3240.625,880.0,20.5,2.9285714285714284,7,1.5
34.2675,-0.0375,0-3,2019,4069.25,1136.0,20.5,2.9285714285714284,7,1.5
34.2675,-0.0375,0-3,2023,5321.5,1392.0,20.5,2.9285714285714284,7,1.5
34.2725,-0.0375,7-9,2016,4215.5,1200.0,9.5,2.375,4,8.0
34.2725,-0.0375,7-9,2019,7173.625,1952.0,9.5,2.375,4,8.0
34.2725,-0.0375,7-9,2023,9577.875,2560.0,9.5,2.375,4,8.0
34.2925,-0.0375,4-6,2016,2391.0,640.0,23.5,7.833333333333333,3,5.0
34.2925,-0.0375,4-6,2019,3120.25,816.0,23.5,7.833333333333333,3,5.0
34.2925,-0.0375,4-6,2023,3352.75,928.0,23.5,7.833333333333333,3,5.0
34.2975,-0.0375,10-12,2016,3138.375,928.0,30.5,6.1,5,11.0
34.2975,-0.0375,10-12,2019,4850.0,1280.0,30.5,6.1,5,11.0
34.2975,-0.0375,10-12,2023,5837.5,1616.0,30.5,6.1,5,11.0
34.3025,-0.0375,7-9,2016,6097.625,1424.0,27.0,9.0,3,8.0
34.3025,-0.0375,7-9,2019,8200.5,1952.0,27.0,9.0,3,8.0
34.3025,-0.0375,7-9,2023,7764.75,1856.0,27.0,9.0,3,8.0
34.3125,-0.0375,0-3,2016,821.75,224.0,6.5,3.25,2,1.5
34.3125,-0.0375,0-3,2019,844.875,208.0,6.5,3.25,2,1.5
34.3125,-0.0375,0-3,2023,1330.75,336.0,6.5,3.25,2,1.5
34.2625,-0.0325,0-3,2016,1778.375,496.0,9.0,1.5,6,1.5
34.2625,-0.0325,0-3,2019,2427.625,720.0,9.0,1.5,6,1.5
34.2625,-0.0325,0-3,2023,2782.375,768.0,9.0,1.5,6,1.5
34.2675,-0.0325,0-3,2016,1592.125,464.0,18.5,2.3125,8,1.5
34.2675,-0.0325,0-3,2019,3212.75,880.0,18.5,2.3125,8,1.5
34.2675,-0.0325,0-3,2023,3276.625,848.0,18.5,2.3125,8,1.5
34.2725,-0.0325,0-3,2016,6320.125,1584.0,15.5,2.5833333333333335,6,1.5
34.2725,-0.0325,0-3,2019,10887.125,2704.0,15.5,2.5833333333333335,6,1.5
34.2725,-0.0325,0-3,2023,11697.125,3040.0,15.5,2.5833333333333335,6,1.5
34.2925,-0.0325,0-3,2016,5470.5,1488.0,40.0,8.0,5,1.5
34.2925,-0.0325,0-3,2019,7072.125,1952.0,40.0,8.0,5,1.5
34.2925,-0.0325,0-3,2023,10181.75,2832.0,40.0,8.0,5,1.5
34.2975,-0.0325,10-12,2016,3956.25,1056.0,35.5,5.916666666666667,6,11.0
34.2975,-0.0325,10-12,2019,6368.75,1648.0,35.5,5.916666666666667,6,11.0
34.2975,-0.0325,10-12,2023,8065.125,2208.0,35.5,5.916666666666667,6,11.0
34.3025,-0.0325,4-6,2016,9132.75,2288.0,31.5,7.875,4,5.0
34.3025,-0.0325,4-6,2019,14332.375,3520.0,31.5,7.875,4,5.0
34.3025,-0.0325,4-6,2023,17785.375,4272.0,31.5,7.875,4,5.0
34.3125,-0.0325,0-3,2016,3833.625,1104.0,17.5,3.5,5,1.5
34.3125,-0.0325,0-3,2019,4278.75,1248.0,17.5,3.5,5,1.5
34.3125,-0.0325,0-3,2023,7272.75,1856.0,17.5,3.5,5,1.5
34.3175,-0.0325,4-6,2016,3958.375,1040.0,43.5,7.25,6,5.0
34.3175,-0.0325,4-6,2019,5858.5,1584.0,43.5,7.25,6,5.0
34.3175,-0.0325,4-6,2023,5288.625,1312.0,43.5,7.25,6,5.0
34.3225,-0.0325,13-,2016,5260.25,1360.0,24.0,8.0,3,20.0
34.3225,-0.0325,13-,2019,6625.0,1856.0,24.0,8.0,3,20.0
34.3225,-0.0325,13-,2023,8217.75,2288.0,24.0,8.0,3,20.0
34.3375,-0.0325,0-3,2016,1061.5,320.0,3.0,1.5,2,1.5
34.3375,-0.0325,0-3,2019,2119.75,608.0,3.0,1.5,2,1.5
34.3375,-0.0325,0-3,2023,2689.5,752.0,3.0,1.5,2,1.5
34.2575,-0.0275,0-3,2016,3336.625,912.0,26.0,5.2,5,1.5
34.2575,-0.0275,0-3,2019,4981.625,1264.0,26.0,5.2,5,1.5
34.2575,-0.0275,0-3,2023,5720.875,1440.0,26.0,5.2,5,1.5
34.2625,-0.0275,0-3,2016,857.125,208.0,27.5,4.583333333333333,6,1.5
34.2625,-0.0275,0-3,2019,1479.75,352.0,27.5,4.583333333333333,6,1.5
34.2625,-0.0275,0-3,2023,1251.625,272.0,27.5,4.583333333333333,6,1.5
34.2675,-0.0275,0-3,2016,2258.75,640.0,10.5,1.5,7,1.5
34.2675,-0.0275,0-3,2019,3500.0,928.0,10.5,1.5,7,1.5
34.2675,-0.0275,0-3,2023,4780.125,1216.0,10.5,1.5,7,1.5
34.2725,-0.0275,0-3,2016,4867.5,1328.0,7.5,1.5,5,1.5
34.2725,-0.0275,0-3,2019,7277.75,1872.0,7.5,1.5,5,1.5
34.2725,-0.0275,0-3,2023,9444.75,2448.0,7.5,1.5,5,1.5
34.2775,-0.0275,0-3,2016,12901.375,2704.0,15.5,3.875,4,1.5
34.2775,-0.0275,0-3,2019,16717.0,3376.0,15.5,3.875,4,1.5
34.2775,-0.0275,0-3,2023,16864.625,3728.0,15.5,3.875,4,1.5
34.2875,-0.0275,7-9,2016,4400.5,1136.0,42.5,8.5,5,8.0
34.2875,-0.0275,7-9,2019,5828.75,1504.0,42.5,8.5,5,8.0
34.2875,-0.0275,7-9,2023,7198.75,1808.0,42.5,8.5,5,8.0
34.2925,-0.0275,4-6,2016,4946.375,1360.0,65.5,10.916666666666666,6,5.0
34.2925,-0.0275,4-6,2019,6980.25,1936.0,65.5,10.916666666666666,6,5.0
34.2925,-0.0275,4-6,2023,7735.0,2080.0,65.5,10.916666666666666,6,5.0
34.3075,-0.0275,0-3,2016,4211.125,1152.0,9.5,2.375,4,1.5
34.3075,-0.0275,0-3,2019,6770.25,1728.0,9.5,2.375,4,1.5
34.3075,-0.0275,0-3,2023,9427.75,2288.0,9.5,2.375,4,1.5
34.3125,-0.0275,0-3,2016,15064.375,3888.0,37.5,6.25,6,1.5
34.3125,-0.0275,0-3,2019,19262.125,4880.0,37.5,6.25,6,1.5
34.3125,-0.0275,0-3,2023,19328.375,4880.0,37.5,6.25,6,1.5
34.3175,-0.0275,7-9,2016,7414.75,1792.0,68.5,8.5625,8,8.0
34.3175,-0.0275,7-9,2019,12491.75,2928.0,68.5,8.5625,8,8.0
34.3175,-0.0275,7-9,2023,13186.0,3536.0,68.5,8.5625,8,8.0
34.3225,-0.0275,10-12,2016,7637.25,2096.0,61.0,12.2,5,11.0
34.3225,-0.0275,10-12,2019,9748.5,2768.0,61.0,12.2,5,11.0
34.3225,-0.0275,10-12,2023,12675.625,3392.0,61.0,12.2,5,11.0
34.3375,-0.0275,0-3,2016,6701.125,1872.0,7.5,1.5,5,1.5
34.3375,-0.0275,0-3,2019,9236.125,2448.0,7.5,1.5,5,1.5
34.3375,-0.0275,0-3,2023,14524.25,3504.0,7.5,1.5,5,1.5
34.3425,-0.0275,0-3,2016,2107.75,640.0,6.0,1.5,4,1.5
34.3425,-0.0275,0-3,2019,3537.25,976.0,6.0,1.5,4,1.5
34.3425,-0.0275,0-3,2023,3406.125,848.0,6.0,1.5,4,1.5
34.3575,-0.0275,0-3,2016,117.625,32.0,4.5,1.5,3,1.5
34.3575,-0.0275,0-3,2019,310.875,96.0,4.5,1.5,3,1.5
34.3575,-0.0275,0-3,2023,370.375,96.0,4.5,1.5,3,1.5
34.2525,-0.0225,0-3,2016,9392.0,2320.0,34.0,8.5,4,1.5
34.2525,-0.0225,0-3,2019,13996.125,3280.0,34.0,8.5,4,1.5
34.2525,-0.0225,0-3,2023,16691.875,3776.0,34.0,8.5,4,1.5
34.2575,-0.0225,13-,2016,9220.0,2224.0,22.0,3.6666666666666665,6,20.0
34.2575,-0.0225,13-,2019,11082.875,2720.0,22.0,3.6666666666666665,6,20.0
34.2575,-0.0225,13-,2023,13860.125,3392.0,22.0,3.6666666666666665,6,20.0
34.2625,-0.0225,0-3,2016,6005.875,1392.0,40.5,6.75,6,1.5
34.2625,-0.0225,0-3,2019,6754.0,1584.0,40.5,6.75,6,1.5
34.2625,-0.0225,0-3,2023,10330.375,2256.0,40.5,6.75,6,1.5
34.2725,-0.0225,0-3,2016,2719.875,768.0,4.5,1.5,3,1.5
34.2725,-0.0225,0-3,2019,3480.375,1008.0,4.5,1.5,3,1.5
34.2725,-0.0225,0-3,2023,5567.375,1456.0,4.5,1.5,3,1.5
34.2825,-0.0225,10-12,2016,32024.25,7120.0,45.5,9.1,5,11.0
34.2825,-0.0225,10-12,2019,35053.5,8032.0,45.5,9.1,5,11.0
34.2825,-0.0225,10-12,2023,37807.125,9296.0,45.5,9.1,5,11.0
34.2875,-0.0225,13-,2016,7829.75,1984.0,53.0,7.571428571428571,7,20.0
34.2875,-0.0225,13-,2019,10880.125,2688.0,53.0,7.571428571428571,7,20.0
34.2875,-0.0225,13-,2023,13534.75,3536.0,53.0,7.571428571428571,7,20.0
34.2925,-0.0225,4-6,2016,4017.5,992.0,80.0,11.428571428571429,7,5.0
34.2925,-0.0225,4-6,2019,3543.625,896.0,80.0,11.428571428571429,7,5.0
34.2925,-0.0225,4-6,2023,6380.0,1552.0,80.0,11.428571428571429,7,5.0
34.2975,-0.0225,13-,2016,4863.375,1392.0,30.5,6.1,5,20.0
34.2975,-0.0225,13-,2019,6763.375,1968.0,30.5,6.1,5,20.0
34.2975,-0.0225,13-,2023,7677.125,2208.0,30.5,6.1,5,20.0
34.3125,-0.0225,0-3,2016,5180.75,1456.0,37.5,6.25,6,1.5
34.3125,-0.0225,0-3,2019,7005.75,1984.0,37.5,6.25,6,1.5
34.3125,-0.0225,0-3,2023,8926.125,2640.0,37.5,6.25,6,1.5
34.3175,-0.0225,13-,2016,5634.0,1504.0,38.0,4.75,8,20.0
34.3175,-0.0225,13-,2019,7161.125,1872.0,38.0,4.75,8,20.0
34.3175,-0.0225,13-,2023,8004.375,2048.0,38.0,4.75,8,20.0
34.3225,-0.0225,7-9,2016,11095.625,2752.0,45.5,9.1,5,8.0
34.3225,-0.0225,7-9,2019,15476.25,3840.0,45.5,9.1,5,8.0
34.3225,-0.0225,7-9,2023,17148.25,4224.0,45.5,9.1,5,8.0
34.3325,-0.0225,0-3,2016,2285.375,656.0,6.0,1.5,4,1.5
34.3325,-0.0225,0-3,2019,4723.125,1312.0,6.0,1.5,4,1.5
34.3325,-0.0225,0-3,2023,5725.625,1632.0,6.0,1.5,4,1.5
34.3375,-0.0225,0-3,2016,6019.875,1648.0,10.5,1.5,7,1.5
34.3375,-0.0225,0-3,2019,7263.5,1984.0,10.5,1.5,7,1.5
34.3375,-0.0225,0-3,2023,8502.375,2256.0,10.5,1.5,7,1.5
34.3425,-0.0225,0-3,2016,3941.375,1152.0,9.0,1.5,6,1.5
34.3425,-0.0225,0-3,2019,5919.625,1696.0,9.0,1.5,6,1.5
34.3425,-0.0225,0-3,2023,7377.5,1952.0,9.0,1.5,6,1.5
34.3525,-0.0225,0-3,2016,10415.25,2400.0,7.5,1.5,5,1.5
34.3525,-0.0225,0-3,2019,11883.25,2864.0,7.5,1.5,5,1.5
34.3525,-0.0225,0-3,2023,12277.375,2896.0,7.5,1.5,5,1.5
34.3575,-0.0225,0-3,2016,2561.5,704.0,7.5,1.5,5,1.5
34.3575,-0.0225,0-3,2019,3111.75,944.0,7.5,1.5,5,1.5
34.3575,-0.0225,0-3,2023,5358.625,1472.0,7.5,1.5,5,1.5
34.3625,-0.0225,0-3,2016,51.5,16.0,4.5,1.5,3,1.5
34.3625,-0.0225,0-3,2023,1014.0,240.0,4.5,1.5,3,1.5
34.2425,-0.0175,0-3,2016,5045.625,1328.0,19.0,4.75,4,1.5
34.2425,-0.0175,0-3,2019,6093.875,1568.0,19.0,4.75,4,1.5
34.2425,-0.0175,0-3,2023,10406.75,2336.0,19.0,4.75,4,1.5
34.2475,-0.0175,0-3,2016,3232.125,880.0,20.5,4.1,5,1.5
34.2475,-0.0175,0-3,2019,4074.75,1072.0,20.5,4.1,5,1.5
34.2475,-0.0175,0-3,2023,6263.625,1568.0,20.5,4.1,5,1.5
34.2575,-0.0175,10-12,2016,4229.875,1216.0,29.5,5.9,5,11.0
34.2575,-0.0175,10-12,2019,5822.125,1680.0,29.5,5.9,5,11.0
34.2575,-0.0175,10-12,2023,7964.25,2192.0,29.5,5.9,5,11.0
34.2625,-0.0175,4-6,2016,7210.625,1792.0,32.5,10.833333333333334,3,5.0
34.2625,-0.0175,4-6,2019,10182.125,2560.0,32.5,10.833333333333334,3,5.0
34.2625,-0.0175,4-6,2023,11380.375,2832.0,32.5,10.833333333333334,3,5.0
34.2825,-0.0175,7-9,2016,2926.375,848.0,40.5,10.125,4,8.0
34.2825,-0.0175,7-9,2019,3182.625,912.0,40.5,10.125,4,8.0
34.2825,-0.0175,7-9,2023,4818.25,1344.0,40.5,10.125,4,8.0
34.2875,-0.0175,7-9,2016,8146.875,2192.0,53.5,8.916666666666666,6,8.0
34.2875,-0.0175,7-9,2019,9160.125,2432.0,53.5,8.916666666666666,6,8.0
34.2875,-0.0175,7-9,2023,9217.0,2640.0,53.5,8.916666666666666,6,8.0
34.2925,-0.0175,7-9,2016,3956.625,1200.0,64.0,12.8,5,8.0
34.2925,-0.0175,7-9,2019,5485.25,1648.0,64.0,12.8,5,8.0
34.2925,-0.0175,7-9,2023,6591.75,1968.0,64.0,12.8,5,8.0
34.2975,-0.0175,10-12,2016,1508.375,448.0,34.5,8.625,4,11.0
34.2975,-0.0175,10-12,2019,1776.375,496.0,34.5,8.625,4,11.0
34.2975,-0.0175,10-12,2023,2500.5,704.0,34.5,8.625,4,11.0
34.3025,-0.0175,0-3,2016,2534.625,736.0,31.0,15.5,2,1.5
34.3025,-0.0175,0-3,2019,4354.875,1248.0,31.0,15.5,2,1.5
34.3025,-0.0175,0-3,2023,4311.625,1232.0,31.0,15.5,2,1.5
34.3125,-0.0175,0-3,2016,2529.25,752.0,26.5,8.833333333333334,3,1.5
34.3125,-0.0175,0-3,2019,3111.5,912.0,26.5,8.833333333333334,3,1.5
34.3125,-0.0175,0-3,2023,3827.75,1184.0,26.5,8.833333333333334,3,1.5
34.3175,-0.0175,4-6,2016,3498.375,944.0,32.5,6.5,5,5.0
34.3175,-0.0175,4-6,2019,3962.0,1152.0,32.5,6.5,5,5.0
34.3175,-0.0175,4-6,2023,4870.5,1424.0,32.5,6.5,5,5.0
34.3225,-0.0175,0-3,2016,6801.375,1664.0,33.0,11.0,3,1.5
34.3225,-0.0175,0-3,2019,8847.5,2112.0,33.0,11.0,3,1.5
34.3225,-0.0175,0-3,2023,10649.75,2576.0,33.0,11.0,3,1.5
34.3325,-0.0175,0-3,2016,3414.125,928.0,7.5,1.5,5,1.5
34.3325,-0.0175,0-3,2019,6695.5,1824.0,7.5,1.5,5,1.5
34.3325,-0.0175,0-3,2023,8142.5,2176.0,7.5,1.5,5,1.5
34.3375,-0.0175,0-3,2016,5667.875,1632.0,12.0,1.5,8,1.5
34.3375,-0.0175,0-3,2019,7438.125,2112.0,12.0,1.5,8,1.5
34.3375,-0.0175,0-3,2023,9645.5,2608.0,12.0,1.5,8,1.5
34.3425,-0.0175,0-3,2016,9622.875,2320.0,10.5,1.5,7,1.5
34.3425,-0.0175,0-3,2019,12767.125,3120.0,10.5,1.5,7,1.5
34.3425,-0.0175,0-3,2023,11836.0,2960.0,10.5,1.5,7,1.5
34.3475,-0.0175,0-3,2016,8850.125,2016.0,9.0,1.5,6,1.5
34.3475,-0.0175,0-3,2019,29973.5,4720.0,9.0,1.5,6,1.5
34.3475,-0.0175,0-3,2023,28386.875,5056.0,9.0,1.5,6,1.5
34.3525,-0.0175,0-3,2016,8207.625,2096.0,7.5,1.5,5,1.5
34.3525,-0.0175,0-3,2019,15406.875,3712.0,7.5,1.5,5,1.5
34.3525,-0.0175,0-3,2023,16493.5,3856.0,7.5,1.5,5,1.5
34.3575,-0.0175,0-3,2016,4671.0,1232.0,6.0,1.5,4,1.5
34.3575,-0.0175,0-3,2019,6388.375,1616.0,6.0,1.5,4,1.5
34.3575,-0.0175,0-3,2023,7780.75,1888.0,6.0,1.5,4,1.5
34.2375,-0.0125,0-3,2016,12357.75,2528.0,27.5,5.5,5,1.5
34.2375,-0.0125,0-3,2019,14691.0,2848.0,27.5,5.5,5,1.5
34.2375,-0.0125,0-3,2023,17309.5,3568.0,27.5,5.5,5,1.5
34.2425,-0.0125,7-9,2016,4321.875,1136.0,27.0,3.857142857142857,7,8.0
34.2425,-0.0125,7-9,2019,4850.375,1216.0,27.0,3.857142857142857,7,8.0
34.2425,-0.0125,7-9,2023,6293.375,1568.0,27.0,3.857142857142857,7,8.0
34.2475,-0.0125,7-9,2016,2059.75,560.0,19.0,3.1666666666666665,6,8.0
34.2475,-0.0125,7-9,2019,3672.25,912.0,19.0,3.1666666666666665,6,8.0
34.2475,-0.0125,7-9,2023,5194.0,1312.0,19.0,3.1666666666666665,6,8.0
34.2525,-0.0125,0-3,2016,3135.75,864.0,22.0,5.5,4,1.5
34.2525,-0.0125,0-3,2019,4371.0,1280.0,22.0,5.5,4,1.5
34.2525,-0.0125,0-3,2023,5917.375,1632.0,22.0,5.5,4,1.5
34.2825,-0.0125,0-3,2016,3702.5,992.0,17.5,5.833333333333333,3,1.5
34.2825,-0.0125,0-3,2019,4677.5,1280.0,17.5,5.833333333333333,3,1.5
34.2825,-0.0125,0-3,2023,5285.5,1424.0,17.5,5.833333333333333,3,1.5
34.3325,-0.0125,0-3,2016,7137.125,2160.0,7.5,1.5,5,1.5
34.3325,-0.0125,0-3,2019,8379.125,2352.0,7.5,1.5,5,1.5
34.3325,-0.0125,0-3,2023,8124.875,2336.0,7.5,1.5,5,1.5
34.3375,-0.0125,0-3,2016,6090.25,1712.0,10.5,1.5,7,1.5
34.3375,-0.0125,0-3,2019,8567.625,2352.0,10.5,1.5,7,1.5
34.3375,-0.0125,0-3,2023,9990.375,2608.0,10.5,1.5,7,1.5
34.3425,-0.0125,0-3,2016,6256.125,1696.0,9.0,1.5,6,1.5
34.3425,-0.0125,0-3,2019,11240.75,2608.0,9.0,1.5,6,1.5
34.3425,-0.0125,0-3,2023,17660.75,4016.0,9.0,1.5,6,1.5
34.3475,-0.0125,0-3,2016,30979.25,7504.0,14.0,2.8,5,1.5
34.3475,-0.0125,0-3,2019,43758.375,10112.0,14.0,2.8,5,1.5
34.3475,-0.0125,0-3,2023,50945.125,11664.0,14.0,2.8,5,1.5
34.3675,-0.0125,0-3,2016,4763.5,1376.0,6.5,3.25,2,1.5
34.3675,-0.0125,0-3,2019,5519.625,1536.0,6.5,3.25,2,1.5
34.3675,-0.0125,0-3,2023,7949.625,2064.0,6.5,3.25,2,1.5
34.1975,-0.0075,0-3,2016,2088.0,592.0,6.0,1.5,4,1.5
34.1975,-0.0075,0-3,2019,2223.375,672.0,6.0,1.5,4,1.5
34.1975,-0.0075,0-3,2023,2572.25,768.0,6.0,1.5,4,1.5
34.2025,-0.0075,0-3,2016,211.625,64.0,6.0,1.5,4,1.5
34.2025,-0.0075,0-3,2019,224.875,64.0,6.0,1.5,4,1.5
34.2025,-0.0075,0-3,2023,157.0,48.0,6.0,1.5,4,1.5
34.2325,-0.0075,4-6,2016,3388.125,896.0,11.0,3.6666666666666665,3,5.0
34.2325,-0.0075,4-6,2019,4623.75,1216.0,11.0,3.6666666666666665,3,5.0
34.2325,-0.0075,4-6,2023,4794.625,1216.0,11.0,3.6666666666666665,3,5.0
34.2375,-0.0075,7-9,2016,4872.5,1360.0,22.5,3.75,6,8.0
34.2375,-0.0075,7-9,2019,6870.875,1872.0,22.5,3.75,6,8.0
34.2375,-0.0075,7-9,2023,10726.75,2720.0,22.5,3.75,6,8.0
34.2425,-0.0075,4-6,2016,2265.25,656.0,28.5,4.75,6,5.0
34.2425,-0.0075,4-6,2019,4268.875,1088.0,28.5,4.75,6,5.0
34.2425,-0.0075,4-6,2023,5061.375,1216.0,28.5,4.75,6,5.0
34.2475,-0.0075,0-3,2016,3659.0,1008.0,24.0,4.8,5,1.5
34.2475,-0.0075,0-3,2019,5421.5,1456.0,24.0,4.8,5,1.5
34.2475,-0.0075,0-3,2023,7344.375,1872.0,24.0,4.8,5,1.5
34.2875,-0.0075,0-3,2016,1240.125,320.0,32.5,6.5,5,1.5
34.2875,-0.0075,0-3,2019,2032.0,576.0,32.5,6.5,5,1.5
34.2875,-0.0075,0-3,2023,2508.5,640.0,32.5,6.5,5,1.5
34.2925,-0.0075,0-3,2016,2666.5,752.0,14.0,2.8,5,1.5
34.2925,-0.0075,0-3,2019,3277.0,944.0,14.0,2.8,5,1.5
34.2925,-0.0075,0-3,2023,4661.625,1328.0,14.0,2.8,5,1.5
34.2975,-0.0075,0-3,2016,2339.625,640.0,7.5,1.5,5,1.5
34.2975,-0.0075,0-3,2019,2937.5,800.0,7.5,1.5,5,1.5
34.2975,-0.0075,0-3,2023,3580.375,992.0,7.5,1.5,5,1.5
34.3025,-0.0075,0-3,2016,7351.25,1936.0,4.5,1.5,3,1.5
34.3025,-0.0075,0-3,2019,9236.5,2640.0,4.5,1.5,3,1.5
34.3025,-0.0075,0-3,2023,12810.5,3520.0,4.5,1.5,3,1.5
34.3325,-0.0075,0-3,2016,4973.25,1440.0,7.5,1.5,5,1.5
34.3325,-0.0075,0-3,2019,7321.75,2000.0,7.5,1.5,5,1.5
34.3325,-0.0075,0-3,2023,9139.75,2416.0,7.5,1.5,5,1.5
34.3375,-0.0075,0-3,2016,12239.75,3440.0,7.5,1.5,5,1.5
34.3375,-0.0075,0-3,2019,15586.75,4128.0,7.5,1.5,5,1.5
34.3375,-0.0075,0-3,2023,23419.5,5824.0,7.5,1.5,5,1.5
34.3525,-0.0075,7-9,2016,6323.875,1776.0,60.5,12.1,5,8.0
34.3525,-0.0075,7-9,2019,8249.75,2256.0,60.5,12.1,5,8.0
34.3525,-0.0075,7-9,2023,15228.125,3584.0,60.5,12.1,5,8.0
34.3575,-0.0075,10-12,2016,4000.75,1072.0,45.5,9.1,5,11.0
34.3575,-0.0075,10-12,2019,4662.125,1312.0,45.5,9.1,5,11.0
34.3575,-0.0075,10-12,2023,6819.125,1744.0,45.5,9.1,5,11.0
34.3625,-0.0075,0-3,2016,625.75,176.0,65.5,10.916666666666666,6,1.5
34.3625,-0.0075,0-3,2019,1857.5,448.0,65.5,10.916666666666666,6,1.5
34.3625,-0.0075,0-3,2023,2132.75,528.0,65.5,10.916666666666666,6,1.5
34.3675,-0.0075,4-6,2016,5683.625,1408.0,39.0,7.8,5,5.0
34.3675,-0.0075,4-6,2019,6883.5,1696.0,39.0,7.8,5,5.0
34.3675,-0.0075,4-6,2023,7381.75,1712.0,39.0,7.8,5,5.0
34.1925,-0.0025,0-3,2016,4178.5,1200.0,4.5,1.5,3,1.5
34.1925,-0.0025,0-3,2019,7213.875,2064.0,4.5,1.5,3,1.5
34.1925,-0.0025,0-3,2023,12432.875,2992.0,4.5,1.5,3,1.5
34.1975,-0.0025,0-3,2016,4859.0,1216.0,9.0,1.5,6,1.5
34.1975,-0.0025,0-3,2019,7376.125,1744.0,9.0,1.5,6,1.5
34.1975,-0.0025,0-3,2023,8170.75,2000.0,9.0,1.5,6,1.5
34.2025,-0.0025,0-3,2016,1321.125,384.0,9.0,1.5,6,1.5
34.2025,-0.0025,0-3,2019,1507.5,448.0,9.0,1.5,6,1.5
34.2025,-0.0025,0-3,2023,1875.875,528.0,9.0,1.5,6,1.5
34.2075,-0.0025,0-3,2016,60.5,16.0,6.0,1.5,4,1.5
34.2075,-0.0025,0-3,2019,241.25,64.0,6.0,1.5,4,1.5
34.2325,-0.0025,0-3,2016,351.875,96.0,13.0,6.5,2,1.5
34.2325,-0.0025,0-3,2019,869.125,256.0,13.0,6.5,2,1.5
34.2325,-0.0025,0-3,2023,725.0,208.0,13.0,6.5,2,1.5
34.2425,-0.0025,0-3,2016,1572.0,480.0,14.5,4.833333333333333,3,1.5
34.2425,-0.0025,0-3,2019,2284.5,624.0,14.5,4.833333333333333,3,1.5
34.2425,-0.0025,0-3,2023,3585.875,976.0,14.5,4.833333333333333,3,1.5
34.2825,-0.0025,13-,2016,4922.25,1360.0,22.0,5.5,4,20.0
34.2825,-0.0025,13-,2019,6448.75,1712.0,22.0,5.5,4,20.0
34.2825,-0.0025,13-,2023,8981.875,2352.0,22.0,5.5,4,20.0
34.2875,-0.0025,7-9,2016,4487.0,1312.0,38.5,5.5,7,8.0
34.2875,-0.0025,7-9,2019,6915.875,1824.0,38.5,5.5,7,8.0
34.2875,-0.0025,7-9,2023,7941.125,2160.0,38.5,5.5,7,8.0
34.2925,-0.0025,0-3,2016,8427.875,2208.0,28.0,3.5,8,1.5
34.2925,-0.0025,0-3,2019,10733.5,2832.0,28.0,3.5,8,1.5
34.2925,-0.0025,0-3,2023,12522.5,3168.0,28.0,3.5,8,1.5
34.2975,-0.0025,0-3,2016,5466.375,1504.0,10.5,1.5,7,1.5
34.2975,-0.0025,0-3,2019,7865.25,2096.0,10.5,1.5,7,1.5
34.2975,-0.0025,0-3,2023,10400.25,2592.0,10.5,1.5,7,1.5
34.3025,-0.0025,0-3,2016,4288.875,1216.0,6.0,1.5,4,1.5
34.3025,-0.0025,0-3,2019,5935.875,1664.0,6.0,1.5,4,1.5
34.3025,-0.0025,0-3,2023,8775.5,2320.0,6.0,1.5,4,1.5
34.3275,-0.0025,0-3,2016,10031.875,2672.0,7.5,1.5,5,1.5
34.3275,-0.0025,0-3,2019,12592.25,3408.0,7.5,1.5,5,1.5
34.3275,-0.0025,0-3,2023,16921.625,4464.0,7.5,1.5,5,1.5
34.3325,-0.0025,0-3,2016,5718.5,1488.0,9.0,1.5,6,1.5
34.3325,-0.0025,0-3,2019,6772.75,1728.0,9.0,1.5,6,1.5
34.3325,-0.0025,0-3,2023,9456.5,2240.0,9.0,1.5,6,1.5
34.3475,-0.0025,13-,2016,11523.75,2992.0,36.5,7.3,5,20.0
34.3475,-0.0025,13-,2019,15352.5,3920.0,36.5,7.3,5,20.0
34.3475,-0.0025,13-,2023,21366.125,5040.0,36.5,7.3,5,20.0
34.3525,-0.0025,7-9,2016,6029.125,1520.0,79.5,11.357142857142858,7,8.0
34.3525,-0.0025,7-9,2019,7390.75,1888.0,79.5,11.357142857142858,7,8.0
34.3525,-0.0025,7-9,2023,9071.75,2096.0,79.5,11.357142857142858,7,8.0
34.3575,-0.0025,13-,2016,3316.375,944.0,54.0,6.75,8,20.0
34.3575,-0.0025,13-,2019,4887.625,1264.0,54.0,6.75,8,20.0
34.3575,-0.0025,13-,2023,6008.25,1536.0,54.0,6.75,8,20.0
34.3625,-0.0025,7-9,2016,7067.125,1760.0,64.0,9.142857142857142,7,8.0
34.3625,-0.0025,7-9,2019,6976.875,1776.0,64.0,9.142857142857142,7,8.0
34.3625,-0.0025,7-9,2023,11014.5,2384.0,64.0,9.142857142857142,7,8.0
34.3675,-0.0025,13-,2016,7860.375,1984.0,27.5,5.5,5,20.0
34.3675,-0.0025,13-,2019,7908.875,2176.0,27.5,5.5,5,20.0
34.3675,-0.0025,13-,2023,9801.125,2512.0,27.5,5.5,5,20.0
34.3725,-0.0025,7-9,2016,2069.125,560.0,25.0,12.5,2,8.0
34.3725,-0.0025,7-9,2019,2475.625,672.0,25.0,12.5,2,8.0
34.3725,-0.0025,7-9,2023,2773.375,720.0,25.0,12.5,2,8.0
34.1925,0.0025,0-3,2016,2668.625,768.0,6.0,1.5,4,1.5
34.1925,0.0025,0-3,2019,4876.5,1280.0,6.0,1.5,4,1.5
34.1925,0.0025,0-3,2023,5680.25,1504.0,6.0,1.5,4,1.5
34.2025,0.0025,0-3,2016,2217.375,640.0,10.5,1.5,7,1.5
34.2025,0.0025,0-3,2019,3200.125,896.0,10.5,1.5,7,1.5
34.2025,0.0025,0-3,2023,3089.25,848.0,10.5,1.5,7,1.5
34.2075,0.0025,0-3,2016,734.375,208.0,7.5,1.5,5,1.5
34.2075,0.0025,0-3,2019,641.75,176.0,7.5,1.5,5,1.5
34.2075,0.0025,0-3,2023,643.25,192.0,7.5,1.5,5,1.5
34.2825,0.0025,0-3,2016,751.125,224.0,44.0,11.0,4,1.5
34.2825,0.0025,0-3,2019,1261.0,368.0,44.0,11.0,4,1.5
34.2825,0.0025,0-3,2023,1207.625,368.0,44.0,11.0,4,1.5
34.2875,0.0025,10-12,2016,3577.625,976.0,42.5,6.071428571428571,7,11.0
34.2875,0.0025,10-12,2019,5305.375,1344.0,42.5,6.071428571428571,7,11.0
34.2875,0.0025,10-12,2023,7853.25,2016.0,42.5,6.071428571428571,7,11.0
34.2925,0.0025,0-3,2016,3818.125,960.0,35.0,4.375,8,1.5
34.2925,0.0025,0-3,2019,5334.875,1472.0,35.0,4.375,8,1.5
34.2925,0.0025,0-3,2023,7976.25,2096.0,35.0,4.375,8,1.5
34.2975,0.0025,0-3,2016,8142.625,1936.0,12.5,2.0833333333333335,6,1.5
34.2975,0.0025,0-3,2019,9517.125,2336.0,12.5,2.0833333333333335,6,1.5
34.2975,0.0025,0-3,2023,11275.875,2688.0,12.5,2.0833333333333335,6,1.5
34.3225,0.0025,0-3,2016,4318.25,1264.0,4.5,1.5,3,1.5
34.3225,0.0025,0-3,2019,5924.0,1680.0,4.5,1.5,3,1.5
34.3225,0.0025,0-3,2023,8046.375,2176.0,4.5,1.5,3,1.5
34.3275,0.0025,0-3,2016,6702.75,1936.0,9.0,1.5,6,1.5
34.3275,0.0025,0-3,2019,11252.5,2896.0,9.0,1.5,6,1.5
34.3275,0.0025,0-3,2023,17138.125,4320.0,9.0,1.5,6,1.5
34.3325,0.0025,0-3,2016,5641.75,1648.0,10.5,1.5,7,1.5
34.3325,0.0025,0-3,2019,6939.375,1968.0,10.5,1.5,7,1.5
34.3325,0.0025,0-3,2023,10564.625,2784.0,10.5,1.5,7,1.5
34.3375,0.0025,0-3,2016,5207.0,1472.0,9.0,1.5,6,1.5
34.3375,0.0025,0-3,2019,7194.25,1952.0,9.0,1.5,6,1.5
34.3375,0.0025,0-3,2023,9979.125,2672.0,9.0,1.5,6,1.5
34.3425,0.0025,0-3,2016,2356.375,704.0,34.0,5.666666666666667,6,1.5
34.3425,0.0025,0-3,2019,3880.375,1024.0,34.0,5.666666666666667,6,1.5
34.3425,0.0025,0-3,2023,5102.375,1264.0,34.0,5.666666666666667,6,1.5
34.3475,0.0025,7-9,2016,14202.0,3568.0,45.0,6.428571428571429,7,8.0
34.3475,0.0025,7-9,2019,17547.625,4528.0,45.0,6.428571428571429,7,8.0
34.3475,0.0025,7-9,2023,23722.625,5584.0,45.0,6.428571428571429,7,8.0
34.3525,0.0025,10-12,2016,3491.625,960.0,60.5,8.642857142857142,7,11.0
34.3525,0.0025,10-12,2019,4465.75,1248.0,60.5,8.642857142857142,7,11.0
34.3525,0.0025,10-12,2023,8605.0,2240.0,60.5,8.642857142857142,7,11.0
34.3575,0.0025,0-3,2016,3858.0,1072.0,53.5,8.916666666666666,6,1.5
34.3575,0.0025,0-3,2019,5122.625,1360.0,53.5,8.916666666666666,6,1.5
34.3575,0.0025,0-3,2023,5846.125,1520.0,53.5,8.916666666666666,6,1.5
34.3625,0.0025,4-6,2016,6900.125,1808.0,49.5,12.375,4,5.0
34.3625,0.0025,4-6,2019,9519.0,2368.0,49.5,12.375,4,5.0
34.3625,0.0025,4-6,2023,12740.875,3104.0,49.5,12.375,4,5.0
34.3825,0.0025,0-3,2016,5546.0,1536.0,0.0,,0,1.5
34.3825,0.0025,0-3,2019,6491.875,1792.0,0.0,,0,1.5
34.3825,0.0025,0-3,2023,8356.625,2112.0,0.0,,0,1.5
34.1925,0.0075,0-3,2016,4123.125,1104.0,3.0,1.5,2,1.5
34.1925,0.0075,0-3,2019,5236.0,1328.0,3.0,1.5,2,1.5
34.1925,0.0075,0-3,2023,7148.625,1936.0,3.0,1.5,2,1.5
34.1975,0.0075,0-3,2016,6744.875,1648.0,7.5,1.5,5,1.5
34.1975,0.0075,0-3,2019,10888.125,2624.0,7.5,1.5,5,1.5
34.1975,0.0075,0-3,2023,19330.625,4464.0,7.5,1.5,5,1.5
34.2025,0.0075,0-3,2016,4549.875,1232.0,9.0,1.5,6,1.5
34.2025,0.0075,0-3,2019,6894.875,1712.0,9.0,1.5,6,1.5
34.2025,0.0075,0-3,2023,7107.375,1840.0,9.0,1.5,6,1.5
34.2075,0.0075,0-3,2016,2165.375,608.0,7.5,1.5,5,1.5
34.2075,0.0075,0-3,2019,2517.125,656.0,7.5,1.5,5,1.5
34.2075,0.0075,0-3,2023,3518.375,960.0,7.5,1.5,5,1.5
34.2875,0.0075,4-6,2016,5319.625,1392.0,20.5,4.1,5,5.0
34.2875,0.0075,4-6,2019,6254.0,1712.0,20.5,4.1,5,5.0
34.2875,0.0075,4-6,2023,7464.75,1968.0,20.5,4.1,5,5.0
34.2925,0.0075,4-6,2016,5745.625,1536.0,22.0,3.6666666666666665,6,5.0
34.2925,0.0075,4-6,2019,7634.625,2000.0,22.0,3.6666666666666665,6,5.0
34.2925,0.0075,4-6,2023,7841.75,1952.0,22.0,3.6666666666666665,6,5.0
34.2975,0.0075,0-3,2016,5090.125,1360.0,9.5,2.375,4,1.5
34.2975,0.0075,0-3,2019,7080.75,1808.0,9.5,2.375,4,1.5
34.2975,0.0075,0-3,2023,8400.0,2224.0,9.5,2.375,4,1.5
34.3275,0.0075,0-3,2016,10509.875,2896.0,35.5,5.071428571428571,7,1.5
34.3275,0.0075,0-3,2019,14055.5,3728.0,35.5,5.071428571428571,7,1.5
34.3275,0.0075,0-3,2023,19387.125,4880.0,35.5,5.071428571428571,7,1.5
34.3325,0.0075,0-3,2016,15176.375,3968.0,49.0,6.125,8,1.5
34.3325,0.0075,0-3,2019,18776.875,4976.0,49.0,6.125,8,1.5
34.3325,0.0075,0-3,2023,22622.75,5488.0,49.0,6.125,8,1.5
34.3375,0.0075,0-3,2016,5047.0,1456.0,58.5,7.3125,8,1.5
34.3375,0.0075,0-3,2019,8036.25,2128.0,58.5,7.3125,8,1.5
34.3375,0.0075,0-3,2023,11701.125,2976.0,58.5,7.3125,8,1.5
34.3425,0.0075,0-3,2016,6819.0,1840.0,46.5,5.8125,8,1.5
34.3425,0.0075,0-3,2019,8618.0,2304.0,46.5,5.8125,8,1.5
34.3425,0.0075,0-3,2023,10857.0,2752.0,46.5,5.8125,8,1.5
34.3475,0.0075,0-3,2016,6831.75,1840.0,37.5,4.6875,8,1.5
34.3475,0.0075,0-3,2019,10025.625,2576.0,37.5,4.6875,8,1.5
34.3475,0.0075,0-3,2023,14466.75,3616.0,37.5,4.6875,8,1.5
34.3525,0.0075,0-3,2016,5024.75,1408.0,25.0,4.166666666666667,6,1.5
34.3525,0.0075,0-3,2019,5855.875,1568.0,25.0,4.166666666666667,6,1.5
34.3525,0.0075,0-3,2023,7792.125,2128.0,25.0,4.166666666666667,6,1.5
34.1725,0.0125,7-9,2016,3216.125,928.0,33.0,11.0,3,8.0
34.1725,0.0125,7-9,2019,3925.375,1040.0,33.0,11.0,3,8.0
34.1725,0.0125,7-9,2023,3708.125,992.0,33.0,11.0,3,8.0
34.2025,0.0125,0-3,2016,2268.375,640.0,6.0,1.5,4,1.5
34.2025,0.0125,0-3,2019,2973.875,832.0,6.0,1.5,4,1.5
34.2025,0.0125,0-3,2023,4867.625,1248.0,6.0,1.5,4,1.5
34.2075,0.0125,0-3,2016,3622.75,960.0,6.0,1.5,4,1.5
34.2075,0.0125,0-3,2019,5014.625,1216.0,6.0,1.5,4,1.5
34.2075,0.0125,0-3,2023,7299.0,1808.0,6.0,1.5,4,1.5
34.2925,0.0125,0-3,2016,30173.125,6240.0,24.0,4.8,5,1.5
34.2925,0.0125,0-3,2019,34057.875,6992.0,24.0,4.8,5,1.5
34.2925,0.0125,0-3,2023,41991.5,8496.0,24.0,4.8,5,1.5
34.3175,0.0125,7-9,2016,12312.75,2992.0,21.0,7.0,3,8.0
34.3175,0.0125,7-9,2019,13731.75,3488.0,21.0,7.0,3,8.0
34.3175,0.0125,7-9,2023,19800.5,4736.0,21.0,7.0,3,8.0
34.3225,0.0125,7-9,2016,12408.125,3072.0,24.0,4.8,5,8.0
34.3225,0.0125,7-9,2019,18555.5,4656.0,24.0,4.8,5,8.0
34.3225,0.0125,7-9,2023,21462.625,5088.0,24.0,4.8,5,8.0
34.3275,0.0125,0-3,2016,26185.75,5712.0,44.0,7.333333333333333,6,1.5
34.3275,0.0125,0-3,2019,36350.625,7440.0,44.0,7.333333333333333,6,1.5
34.3275,0.0125,0-3,2023,44129.75,9120.0,44.0,7.333333333333333,6,1.5
34.3325,0.0125,13-,2016,9341.75,2672.0,42.0,6.0,7,20.0
34.3325,0.0125,13-,2019,12258.25,3520.0,42.0,6.0,7,20.0
34.3325,0.0125,13-,2023,15321.375,3952.0,42.0,6.0,7,20.0
34.3375,0.0125,13-,2016,6876.875,1728.0,71.5,8.9375,8,20.0
34.3375,0.0125,13-,2019,8366.75,2064.0,71.5,8.9375,8,20.0
34.3375,0.0125,13-,2023,11494.0,2768.0,71.5,8.9375,8,20.0
34.3425,0.0125,10-12,2016,6283.375,1712.0,77.0,9.625,8,11.0
34.3425,0.0125,10-12,2019,7569.75,1952.0,77.0,9.625,8,11.0
34.3425,0.0125,10-12,2023,9564.0,2432.0,77.0,9.625,8,11.0
34.3475,0.0125,0-3,2016,13702.875,3568.0,65.0,8.125,8,1.5
34.3475,0.0125,0-3,2019,15694.125,4032.0,65.0,8.125,8,1.5
34.3475,0.0125,0-3,2023,20308.75,5136.0,65.0,8.125,8,1.5
34.3525,0.0125,0-3,2016,2773.0,752.0,32.5,6.5,5,1.5
34.3525,0.0125,0-3,2019,4189.5,976.0,32.5,6.5,5,1.5
34.3525,0.0125,0-3,2023,4248.75,1056.0,32.5,6.5,5,1.5
34.1675,0.0175,4-6,2016,4846.25,1152.0,48.0,16.0,3,5.0
34.1675,0.0175,4-6,2019,5705.875,1472.0,48.0,16.0,3,5.0
34.1675,0.0175,4-6,2023,7904.125,1888.0,48.0,16.0,3,5.0
34.1725,0.0175,13-,2016,9259.75,2624.0,46.0,9.2,5,20.0
34.1725,0.0175,13-,2019,12959.375,3360.0,46.0,9.2,5,20.0
34.1725,0.0175,13-,2023,14288.625,3712.0,46.0,9.2,5,20.0
34.1775,0.0175,7-9,2016,3798.375,1152.0,53.0,13.25,4,8.0
34.1775,0.0175,7-9,2019,6335.625,1712.0,53.0,13.25,4,8.0
34.1775,0.0175,7-9,2023,7579.375,2064.0,53.0,13.25,4,8.0
34.2125,0.0175,0-3,2016,19896.75,4416.0,11.0,2.2,5,1.5
34.2125,0.0175,0-3,2019,22636.375,5040.0,11.0,2.2,5,1.5
34.2125,0.0175,0-3,2023,27262.25,6096.0,11.0,2.2,5,1.5
34.2175,0.0175,0-3,2016,2541.375,672.0,6.0,1.5,4,1.5
34.2175,0.0175,0-3,2019,3360.0,864.0,6.0,1.5,4,1.5
34.2175,0.0175,0-3,2023,2620.75,720.0,6.0,1.5,4,1.5
34.2475,0.0175,0-3,2016,722.875,208.0,3.0,1.5,2,1.5
34.2475,0.0175,0-3,2019,1809.5,432.0,3.0,1.5,2,1.5
34.2475,0.0175,0-3,2023,2419.0,640.0,3.0,1.5,2,1.5
34.2525,0.0175,0-3,2016,650.25,192.0,6.0,1.5,4,1.5
34.2525,0.0175,0-3,2019,1367.375,400.0,6.0,1.5,4,1.5
34.2525,0.0175,0-3,2023,1881.125,480.0,6.0,1.5,4,1.5
34.2575,0.0175,0-3,2016,1356.25,400.0,7.5,1.5,5,1.5
34.2575,0.0175,0-3,2019,1550.625,432.0,7.5,1.5,5,1.5
34.2575,0.0175,0-3,2023,1922.75,560.0,7.5,1.5,5,1.5
34.2625,0.0175,0-3,2016,2032.125,576.0,7.5,1.5,5,1.5
34.2625,0.0175,0-3,2019,3116.75,832.0,7.5,1.5,5,1.5
34.2625,0.0175,0-3,2023,5336.375,1360.0,7.5,1.5,5,1.5
34.2675,0.0175,0-3,2016,1832.25,528.0,7.5,1.5,5,1.5
34.2675,0.0175,0-3,2019,2646.625,752.0,7.5,1.5,5,1.5
34.2675,0.0175,0-3,2023,3853.875,1040.0,7.5,1.5,5,1.5
34.2725,0.0175,0-3,2016,17897.125,3936.0,6.0,1.5,4,1.5
34.2725,0.0175,0-3,2019,20651.375,4480.0,6.0,1.5,4,1.5
34.2725,0.0175,0-3,2023,25954.875,5520.0,6.0,1.5,4,1.5
34.2925,0.0175,0-3,2016,25670.5,6000.0,34.0,8.5,4,1.5
34.2925,0.0175,0-3,2019,28786.25,6432.0,34.0,8.5,4,1.5
34.2925,0.0175,0-3,2023,37187.125,8144.0,34.0,8.5,4,1.5
34.2975,0.0175,10-12,2016,6109.5,1696.0,26.0,5.2,5,11.0
34.2975,0.0175,10-12,2019,8698.375,2240.0,26.0,5.2,5,11.0
34.2975,0.0175,10-12,2023,9729.375,2448.0,26.0,5.2,5,11.0
34.3175,0.0175,4-6,2016,6098.125,1664.0,25.5,6.375,4,5.0
34.3175,0.0175,4-6,2019,8705.125,2160.0,25.5,6.375,4,5.0
34.3175,0.0175,4-6,2023,12081.625,2960.0,25.5,6.375,4,5.0
34.3225,0.0175,7-9,2016,29245.25,6640.0,25.5,4.25,6,8.0
34.3225,0.0175,7-9,2019,34650.5,7760.0,25.5,4.25,6,8.0
34.3225,0.0175,7-9,2023,36422.375,8336.0,25.5,4.25,6,8.0
34.3325,0.0175,4-6,2016,5991.5,1680.0,54.0,10.8,5,5.0
34.3325,0.0175,4-6,2019,8270.25,2320.0,54.0,10.8,5,5.0
34.3325,0.0175,4-6,2023,9897.125,2688.0,54.0,10.8,5,5.0
34.3375,0.0175,10-12,2016,2835.5,752.0,84.0,14.0,6,11.0
34.3375,0.0175,10-12,2019,2898.125,848.0,84.0,14.0,6,11.0
34.3375,0.0175,10-12,2023,2887.125,768.0,84.0,14.0,6,11.0
34.3425,0.0175,13-,2016,10119.25,2608.0,73.0,10.428571428571429,7,20.0
34.3425,0.0175,13-,2019,13770.625,3440.0,73.0,10.428571428571429,7,20.0
34.3425,0.0175,13-,2023,19207.5,4480.0,73.0,10.428571428571429,7,20.0
34.3475,0.0175,13-,2016,8439.0,2320.0,53.0,6.625,8,20.0
34.3475,0.0175,13-,2019,10425.875,2864.0,53.0,6.625,8,20.0
34.3475,0.0175,13-,2023,17277.375,4224.0,53.0,6.625,8,20.0
34.3525,0.0175,7-9,2016,11746.125,3184.0,31.0,5.166666666666667,6,8.0
34.3525,0.0175,7-9,2019,14997.875,3952.0,31.0,5.166666666666667,6,8.0
34.3525,0.0175,7-9,2023,18202.375,4496.0,31.0,5.166666666666667,6,8.0
34.1725,0.0225,13-,2016,51755.375,11520.0,69.0,11.5,6,20.0
34.1725,0.0225,13-,2019,48245.5,10864.0,69.0,11.5,6,20.0
34.1725,0.0225,13-,2023,55120.875,12224.0,69.0,11.5,6,20.0
34.1775,0.0225,4-6,2016,14930.125,3680.0,80.5,13.416666666666666,6,5.0
34.1775,0.0225,4-6,2019,17452.75,4304.0,80.5,13.416666666666666,6,5.0
34.1775,0.0225,4-6,2023,19031.5,4768.0,80.5,13.416666666666666,6,5.0
34.1975,0.0225,4-6,2016,12538.125,2576.0,49.5,12.375,4,5.0
34.1975,0.0225,4-6,2019,13562.25,2768.0,49.5,12.375,4,5.0
34.1975,0.0225,4-6,2023,15170.0,3152.0,49.5,12.375,4,5.0
34.2025,0.0225,7-9,2016,5247.5,1408.0,58.0,11.6,5,8.0
34.2025,0.0225,7-9,2019,5560.5,1472.0,58.0,11.6,5,8.0
34.2025,0.0225,7-9,2023,5905.625,1504.0,58.0,11.6,5,8.0
34.2075,0.0225,4-6,2016,2369.625,608.0,44.0,7.333333333333333,6,5.0
34.2075,0.0225,4-6,2019,3206.375,816.0,44.0,7.333333333333333,6,5.0
34.2075,0.0225,4-6,2023,4054.875,1088.0,44.0,7.333333333333333,6,5.0
34.2125,0.0225,0-3,2016,3589.0,1040.0,27.5,3.9285714285714284,7,1.5
34.2125,0.0225,0-3,2019,9208.75,2288.0,27.5,3.9285714285714284,7,1.5
34.2125,0.0225,0-3,2023,12662.25,3216.0,27.5,3.9285714285714284,7,1.5
34.2175,0.0225,0-3,2016,2131.75,640.0,17.5,2.5,7,1.5
34.2175,0.0225,0-3,2019,4214.5,1136.0,17.5,2.5,7,1.5
34.2175,0.0225,0-3,2023,5503.375,1504.0,17.5,2.5,7,1.5
34.2225,0.0225,0-3,2016,2146.375,624.0,12.5,2.0833333333333335,6,1.5
34.2225,0.0225,0-3,2019,3725.375,1024.0,12.5,2.0833333333333335,6,1.5
34.2225,0.0225,0-3,2023,6503.0,1760.0,12.5,2.0833333333333335,6,1.5
34.2275,0.0225,0-3,2016,4910.5,1232.0,6.0,1.5,4,1.5
34.2275,0.0225,0-3,2019,7353.875,1888.0,6.0,1.5,4,1.5
34.2275,0.0225,0-3,2023,9519.875,2368.0,6.0,1.5,4,1.5
34.2525,0.0225,0-3,2016,3334.0,832.0,7.5,1.5,5,1.5
34.2525,0.0225,0-3,2019,5783.875,1312.0,7.5,1.5,5,1.5
34.2525,0.0225,0-3,2023,6696.0,1504.0,7.5,1.5,5,1.5
34.2575,0.0225,0-3,2016,1906.5,560.0,10.5,1.5,7,1.5
34.2575,0.0225,0-3,2019,4624.25,1184.0,10.5,1.5,7,1.5
34.2575,0.0225,0-3,2023,6254.0,1616.0,10.5,1.5,7,1.5
34.2625,0.0225,0-3,2016,2313.75,640.0,12.0,1.5,8,1.5
34.2625,0.0225,0-3,2019,4341.75,1104.0,12.0,1.5,8,1.5
34.2625,0.0225,0-3,2023,6023.5,1504.0,12.0,1.5,8,1.5
34.2675,0.0225,0-3,2016,7075.125,1344.0,12.0,1.5,8,1.5
34.2675,0.0225,0-3,2019,13489.25,2752.0,12.0,1.5,8,1.5
34.2675,0.0225,0-3,2023,17377.5,3776.0,12.0,1.5,8,1.5
34.2725,0.0225,0-3,2016,9194.625,2352.0,9.0,1.5,6,1.5
34.2725,0.0225,0-3,2019,14386.75,3536.0,9.0,1.5,6,1.5
34.2725,0.0225,0-3,2023,18712.875,4288.0,9.0,1.5,6,1.5
34.2775,0.0225,0-3,2016,9243.375,2384.0,4.5,1.5,3,1.5
34.2775,0.0225,0-3,2019,13691.75,3392.0,4.5,1.5,3,1.5
34.2775,0.0225,0-3,2023,18507.875,4272.0,4.5,1.5,3,1.5
34.2925,0.0225,0-3,2016,6218.0,1632.0,34.0,8.5,4,1.5
34.2925,0.0225,0-3,2019,6891.375,1856.0,34.0,8.5,4,1.5
34.2925,0.0225,0-3,2023,10049.75,2528.0,34.0,8.5,4,1.5
34.2975,0.0225,13-,2016,13082.25,2992.0,17.0,3.4,5,20.0
34.2975,0.0225,13-,2019,16265.875,3728.0,17.0,3.4,5,20.0
34.2975,0.0225,13-,2023,20933.375,4624.0,17.0,3.4,5,20.0
34.3025,0.0225,0-3,2016,2068.625,544.0,32.5,10.833333333333334,3,1.5
34.3025,0.0225,0-3,2019,2375.5,624.0,32.5,10.833333333333334,3,1.5
34.3025,0.0225,0-3,2023,3144.375,800.0,32.5,10.833333333333334,3,1.5
34.3225,0.0225,0-3,2016,12356.125,3024.0,17.5,3.5,5,1.5
34.3225,0.0225,0-3,2019,15994.625,3984.0,17.5,3.5,5,1.5
34.3225,0.0225,0-3,2023,20030.0,4752.0,17.5,3.5,5,1.5
34.3275,0.0225,0-3,2016,4490.0,1200.0,19.0,3.1666666666666665,6,1.5
34.3275,0.0225,0-3,2019,7400.5,1920.0,19.0,3.1666666666666665,6,1.5
34.3275,0.0225,0-3,2023,8330.75,2192.0,19.0,3.1666666666666665,6,1.5
34.3425,0.0225,7-9,2016,5373.25,1200.0,55.5,9.25,6,8.0
34.3425,0.0225,7-9,2019,6612.0,1440.0,55.5,9.25,6,8.0
34.3425,0.0225,7-9,2023,11318.375,2368.0,55.5,9.25,6,8.0
34.3475,0.0225,0-3,2016,23893.125,5600.0,60.5,8.642857142857142,7,1.5
34.3475,0.0225,0-3,2019,32038.0,7360.0,60.5,8.642857142857142,7,1.5
34.3475,0.0225,0-3,2023,38381.5,8448.0,60.5,8.642857142857142,7,1.5
34.3525,0.0225,0-3,2016,16303.25,4064.0,56.0,9.333333333333334,6,1.5
34.3525,0.0225,0-3,2019,20722.125,4928.0,56.0,9.333333333333334,6,1.5
34.3525,0.0225,0-3,2023,22988.125,5376.0,56.0,9.333333333333334,6,1.5
34.3575,0.0225,4-6,2016,10555.375,2848.0,51.0,10.2,5,5.0
34.3575,0.0225,4-6,2019,14640.75,3744.0,51.0,10.2,5,5.0
34.3575,0.0225,4-6,2023,18331.375,4496.0,51.0,10.2,5,5.0
34.3675,0.0225,0-3,2016,7561.875,2144.0,31.0,7.75,4,1.5
34.3675,0.0225,0-3,2019,10989.75,2992.0,31.0,7.75,4,1.5
34.3675,0.0225,0-3,2023,16212.0,3968.0,31.0,7.75,4,1.5
34.3725,0.0225,0-3,2016,7424.0,1856.0,12.5,3.125,4,1.5
34.3725,0.0225,0-3,2019,8733.25,2112.0,12.5,3.125,4,1.5
34.3725,0.0225,0-3,2023,10833.625,2432.0,12.5,3.125,4,1.5
34.1725,0.0275,10-12,2016,13739.625,3344.0,45.0,15.0,3,11.0
34.1725,0.0275,10-12,2019,15815.875,3728.0,45.0,15.0,3,11.0
34.1725,0.0275,10-12,2023,17993.0,4224.0,45.0,15.0,3,11.0
34.1775,0.0275,13-,2016,7391.125,2048.0,37.5,9.375,4,20.0
34.1775,0.0275,13-,2019,7156.125,1872.0,37.5,9.375,4,20.0
34.1775,0.0275,13-,2023,8668.25,2272.0,37.5,9.375,4,20.0
34.1825,0.0275,0-3,2016,1066.375,320.0,25.0,12.5,2,1.5
34.1825,0.0275,0-3,2019,1445.75,400.0,25.0,12.5,2,1.5
34.1825,0.0275,0-3,2023,1977.25,496.0,25.0,12.5,2,1.5
34.1925,0.0275,0-3,2016,23239.75,5472.0,30.0,10.0,3,1.5
34.1925,0.0275,0-3,2019,24816.875,6080.0,30.0,10.0,3,1.5
34.1925,0.0275,0-3,2023,28522.375,6832.0,30.0,10.0,3,1.5
34.1975,0.0275,13-,2016,10094.0,2544.0,41.0,6.833333333333333,6,20.0
34.1975,0.0275,13-,2019,10587.375,2752.0,41.0,6.833333333333333,6,20.0
34.1975,0.0275,13-,2023,12787.125,3216.0,41.0,6.833333333333333,6,20.0
34.2025,0.0275,13-,2016,5715.625,1616.0,54.0,6.75,8,20.0
34.2025,0.0275,13-,2019,9359.875,2400.0,54.0,6.75,8,20.0
34.2025,0.0275,13-,2023,11439.5,2928.0,54.0,6.75,8,20.0
34.2075,0.0275,7-9,2016,2142.5,624.0,44.0,5.5,8,8.0
34.2075,0.0275,7-9,2019,2606.0,736.0,44.0,5.5,8,8.0
34.2075,0.0275,7-9,2023,3898.125,1024.0,44.0,5.5,8,8.0
34.2125,0.0275,4-6,2016,2854.0,848.0,32.0,4.0,8,5.0
34.2125,0.0275,4-6,2019,4971.875,1280.0,32.0,4.0,8,5.0
34.2125,0.0275,4-6,2023,7286.0,1904.0,32.0,4.0,8,5.0
34.2175,0.0275,4-6,2016,2286.0,672.0,22.0,2.75,8,5.0
34.2175,0.0275,4-6,2019,4228.375,1184.0,22.0,2.75,8,5.0
34.2175,0.0275,4-6,2023,6367.875,1680.0,22.0,2.75,8,5.0
34.2225,0.0275,0-3,2016,1430.875,432.0,22.0,2.75,8,1.5
34.2225,0.0275,0-3,2019,2302.375,608.0,22.0,2.75,8,1.5
34.2225,0.0275,0-3,2023,4185.25,1040.0,22.0,2.75,8,1.5
34.2275,0.0275,0-3,2016,1917.375,480.0,10.5,1.5,7,1.5
34.2275,0.0275,0-3,2019,2363.625,560.0,10.5,1.5,7,1.5
34.2275,0.0275,0-3,2023,5052.75,1152.0,10.5,1.5,7,1.5
34.2325,0.0275,0-3,2016,9394.75,2208.0,6.0,1.5,4,1.5
34.2325,0.0275,0-3,2019,11679.625,2608.0,6.0,1.5,4,1.5
34.2325,0.0275,0-3,2023,19325.0,4240.0,6.0,1.5,4,1.5
34.2575,0.0275,0-3,2016,658.625,176.0,6.0,1.5,4,1.5
34.2575,0.0275,0-3,2019,805.875,256.0,6.0,1.5,4,1.5
34.2575,0.0275,0-3,2023,1387.0,368.0,6.0,1.5,4,1.5
34.2625,0.0275,0-3,2016,4302.0,1008.0,7.5,1.5,5,1.5
34.2625,0.0275,0-3,2019,3700.125,912.0,7.5,1.5,5,1.5
34.2625,0.0275,0-3,2023,5386.75,1296.0,7.5,1.5,5,1.5
34.2675,0.0275,0-3,2016,9873.875,2016.0,7.5,1.5,5,1.5
34.2675,0.0275,0-3,2019,12007.375,2432.0,7.5,1.5,5,1.5
34.2675,0.0275,0-3,2023,13397.75,2816.0,7.5,1.5,5,1.5
34.2725,0.0275,0-3,2016,6187.0,1520.0,6.0,1.5,4,1.5
34.2725,0.0275,0-3,2019,11112.5,2480.0,6.0,1.5,4,1.5
34.2725,0.0275,0-3,2023,12760.875,2864.0,6.0,1.5,4,1.5
34.2975,0.0275,0-3,2016,5820.75,1616.0,23.0,7.666666666666667,3,1.5
34.2975,0.0275,0-3,2019,10335.25,2560.0,23.0,7.666666666666667,3,1.5
34.2975,0.0275,0-3,2023,18258.0,4240.0,23.0,7.666666666666667,3,1.5
34.3225,0.0275,0-3,2016,6834.375,1888.0,9.0,1.5,6,1.5
34.3225,0.0275,0-3,2019,8419.125,2256.0,9.0,1.5,6,1.5
34.3225,0.0275,0-3,2023,13368.75,3360.0,9.0,1.5,6,1.5
34.3275,0.0275,0-3,2016,5691.0,1472.0,10.5,1.5,7,1.5
34.3275,0.0275,0-3,2019,7783.75,2048.0,10.5,1.5,7,1.5
34.3275,0.0275,0-3,2023,11200.625,2768.0,10.5,1.5,7,1.5
34.3325,0.0275,0-3,2016,3384.25,976.0,12.5,2.0833333333333335,6,1.5
34.3325,0.0275,0-3,2019,5237.0,1488.0,12.5,2.0833333333333335,6,1.5
34.3325,0.0275,0-3,2023,9081.5,2352.0,12.5,2.0833333333333335,6,1.5
34.3375,0.0275,0-3,2016,7302.625,1872.0,19.0,3.1666666666666665,6,1.5
34.3375,0.0275,0-3,2019,7845.0,2016.0,19.0,3.1666666666666665,6,1.5
34.3375,0.0275,0-3,2023,9599.5,2672.0,19.0,3.1666666666666665,6,1.5
34.3425,0.0275,0-3,2016,3116.5,864.0,19.0,3.1666666666666665,6,1.5
34.3425,0.0275,0-3,2019,4855.75,1328.0,19.0,3.1666666666666665,6,1.5
34.3425,0.0275,0-3,2023,6582.375,1728.0,19.0,3.1666666666666665,6,1.5
34.3525,0.0275,0-3,2016,6222.875,1616.0,36.0,5.142857142857143,7,1.5
34.3525,0.0275,0-3,2019,9750.375,2608.0,36.0,5.142857142857143,7,1.5
34.3525,0.0275,0-3,2023,12058.125,2960.0,36.0,5.142857142857143,7,1.5
34.3575,0.0275,13-,2016,9449.125,2608.0,54.5,7.785714285714286,7,20.0
34.3575,0.0275,13-,2019,11648.375,3104.0,54.5,7.785714285714286,7,20.0
34.3575,0.0275,13-,2023,15824.875,3744.0,54.5,7.785714285714286,7,20.0
34.3625,0.0275,13-,2016,8305.5,2160.0,79.5,11.357142857142858,7,20.0
34.3625,0.0275,13-,2019,11355.0,2928.0,79.5,11.357142857142858,7,20.0
34.3625,0.0275,13-,2023,17448.0,4144.0,79.5,11.357142857142858,7,20.0
34.3675,0.0275,7-9,2016,5755.25,1504.0,84.5,12.071428571428571,7,8.0
34.3675,0.0275,7-9,2019,7159.25,1872.0,84.5,12.071428571428571,7,8.0
34.3675,0.0275,7-9,2023,9451.875,2400.0,84.5,12.071428571428571,7,8.0
34.3725,0.0275,0-3,2016,5387.625,1504.0,52.5,8.75,6,1.5
34.3725,0.0275,0-3,2019,9379.875,2432.0,52.5,8.75,6,1.5
34.3725,0.0275,0-3,2023,12750.25,3040.0,52.5,8.75,6,1.5
34.3775,0.0275,0-3,2016,7666.625,1888.0,23.0,7.666666666666667,3,1.5
34.3775,0.0275,0-3,2019,10339.625,2480.0,23.0,7.666666666666667,3,1.5
34.3775,0.0275,0-3,2023,12167.5,2880.0,23.0,7.666666666666667,3,1.5
34.1525,0.0325,0-3,2016,46044.5,5680.0,4.5,1.5,3,1.5
34.1525,0.0325,0-3,2019,50326.125,6816.0,4.5,1.5,3,1.5
34.1525,0.0325,0-3,2023,53969.625,7168.0,4.5,1.5,3,1.5
34.1575,0.0325,0-3,2016,3595.875,1040.0,7.5,1.5,5,1.5
34.1575,0.0325,0-3,2019,5210.625,1376.0,7.5,1.5,5,1.5
34.1575,0.0325,0-3,2023,6098.25,1744.0,7.5,1.5,5,1.5
34.1625,0.0325,0-3,2016,14268.625,3344.0,4.5,1.5,3,1.5
34.1625,0.0325,0-3,2019,16118.625,4032.0,4.5,1.5,3,1.5
34.1625,0.0325,0-3,2023,23790.375,5440.0,4.5,1.5,3,1.5
34.1975,0.0325,4-6,2016,701.0,208.0,47.5,6.785714285714286,7,5.0
34.1975,0.0325,4-6,2019,605.75,160.0,47.5,6.785714285714286,7,5.0
34.1975,0.0325,4-6,2023,1015.75,256.0,47.5,6.785714285714286,7,5.0
34.2025,0.0325,0-3,2016,2212.25,576.0,59.0,7.375,8,1.5
34.2025,0.0325,0-3,2019,3424.25,896.0,59.0,7.375,8,1.5
34.2025,0.0325,0-3,2023,4506.125,1184.0,59.0,7.375,8,1.5
34.2075,0.0325,0-3,2016,3876.5,960.0,40.5,5.0625,8,1.5
34.2075,0.0325,0-3,2019,5856.0,1392.0,40.5,5.0625,8,1.5
34.2075,0.0325,0-3,2023,6851.5,1648.0,40.5,5.0625,8,1.5
34.2125,0.0325,0-3,2016,1940.375,544.0,32.0,4.0,8,1.5
34.2125,0.0325,0-3,2019,2511.875,704.0,32.0,4.0,8,1.5
34.2125,0.0325,0-3,2023,2163.25,640.0,32.0,4.0,8,1.5
34.2175,0.0325,7-9,2016,4801.375,1168.0,19.0,2.375,8,8.0
34.2175,0.0325,7-9,2019,6838.5,1680.0,19.0,2.375,8,8.0
34.2175,0.0325,7-9,2023,12137.625,2784.0,19.0,2.375,8,8.0
34.2225,0.0325,0-3,2016,2262.0,656.0,22.0,2.75,8,1.5
34.2225,0.0325,0-3,2019,3638.375,960.0,22.0,2.75,8,1.5
34.2225,0.0325,0-3,2023,5944.125,1504.0,22.0,2.75,8,1.5
34.2275,0.0325,0-3,2016,2494.375,672.0,12.0,1.5,8,1.5
34.2275,0.0325,0-3,2019,4193.0,1184.0,12.0,1.5,8,1.5
34.2275,0.0325,0-3,2023,5454.0,1472.0,12.0,1.5,8,1.5
34.2325,0.0325,0-3,2016,3751.375,1056.0,7.5,1.5,5,1.5
34.2325,0.0325,0-3,2019,5758.625,1536.0,7.5,1.5,5,1.5
34.2325,0.0325,0-3,2023,7588.125,1936.0,7.5,1.5,5,1.5
34.3125,0.0325,0-3,2016,29074.5,6752.0,4.5,1.5,3,1.5
34.3125,0.0325,0-3,2019,36333.375,8128.0,4.5,1.5,3,1.5
34.3125,0.0325,0-3,2023,39851.0,8912.0,4.5,1.5,3,1.5
34.3175,0.0325,0-3,2016,7932.25,2160.0,9.0,1.5,6,1.5
34.3175,0.0325,0-3,2019,13295.25,3504.0,9.0,1.5,6,1.5
34.3175,0.0325,0-3,2023,18501.0,4576.0,9.0,1.5,6,1.5
34.3225,0.0325,0-3,2016,6601.375,1760.0,10.5,1.5,7,1.5
34.3225,0.0325,0-3,2019,8066.125,2096.0,10.5,1.5,7,1.5
34.3225,0.0325,0-3,2023,11894.25,2960.0,10.5,1.5,7,1.5
34.3275,0.0325,0-3,2016,3537.25,944.0,12.0,1.5,8,1.5
34.3275,0.0325,0-3,2019,6547.375,1632.0,12.0,1.5,8,1.5
34.3275,0.0325,0-3,2023,6359.75,1584.0,12.0,1.5,8,1.5
34.3325,0.0325,0-3,2016,9756.0,2368.0,34.0,4.25,8,1.5
34.3325,0.0325,0-3,2019,12653.25,3024.0,34.0,4.25,8,1.5
34.3325,0.0325,0-3,2023,13130.25,3152.0,34.0,4.25,8,1.5
34.3375,0.0325,4-6,2016,9512.875,2336.0,37.0,4.625,8,5.0
34.3375,0.0325,4-6,2019,12241.375,3072.0,37.0,4.625,8,5.0
34.3375,0.0325,4-6,2023,16612.875,3952.0,37.0,4.625,8,5.0
34.3425,0.0325,0-3,2016,3758.875,1056.0,39.0,5.571428571428571,7,1.5
34.3425,0.0325,0-3,2019,7823.5,2096.0,39.0,5.571428571428571,7,1.5
34.3425,0.0325,0-3,2023,11911.875,3008.0,39.0,5.571428571428571,7,1.5
34.3475,0.0325,0-3,2016,4705.625,1280.0,17.0,2.4285714285714284,7,1.5
34.3475,0.0325,0-3,2019,6035.125,1664.0,17.0,2.4285714285714284,7,1.5
34.3475,0.0325,0-3,2023,7586.375,1936.0,17.0,2.4285714285714284,7,1.5
34.3525,0.0325,0-3,2016,6875.125,1712.0,32.5,4.642857142857143,7,1.5
34.3525,0.0325,0-3,2019,10962.0,2736.0,32.5,4.642857142857143,7,1.5
34.3525,0.0325,0-3,2023,12118.0,2976.0,32.5,4.642857142857143,7,1.5
34.3575,0.0325,4-6,2016,11722.875,2896.0,71.0,8.875,8,5.0
34.3575,0.0325,4-6,2019,17060.375,3936.0,71.0,8.875,8,5.0
34.3575,0.0325,4-6,2023,20757.375,4768.0,71.0,8.875,8,5.0
34.3625,0.0325,13-,2016,13737.875,3312.0,90.5,11.3125,8,20.0
34.3625,0.0325,13-,2019,27088.25,5792.0,90.5,11.3125,8,20.0
34.3625,0.0325,13-,2023,33507.875,7056.0,90.5,11.3125,8,20.0
34.3675,0.0325,13-,2016,11794.625,2832.0,93.5,11.6875,8,20.0
34.3675,0.0325,13-,2019,18512.25,4080.0,93.5,11.6875,8,20.0
34.3675,0.0325,13-,2023,17907.625,3984.0,93.5,11.6875,8,20.0
34.3725,0.0325,13-,2016,5533.875,1584.0,51.5,7.357142857142857,7,20.0
34.3725,0.0325,13-,2019,7984.875,2160.0,51.5,7.357142857142857,7,20.0
34.3725,0.0325,13-,2023,10799.625,2720.0,51.5,7.357142857142857,7,20.0
34.1525,0.0375,0-3,2016,3588.75,960.0,4.5,1.5,3,1.5
34.1525,0.0375,0-3,2019,5263.25,1312.0,4.5,1.5,3,1.5
34.1525,0.0375,0-3,2023,6104.875,1632.0,4.5,1.5,3,1.5
34.1575,0.0375,0-3,2016,4837.125,1408.0,7.5,1.5,5,1.5
34.1575,0.0375,0-3,2019,7929.75,2240.0,7.5,1.5,5,1.5
34.1575,0.0375,0-3,2023,8684.5,2544.0,7.5,1.5,5,1.5
34.1625,0.0375,0-3,2016,943.25,272.0,4.5,1.5,3,1.5
34.1625,0.0375,0-3,2019,1819.875,496.0,4.5,1.5,3,1.5
34.1625,0.0375,0-3,2023,1797.25,496.0,4.5,1.5,3,1.5
34.1925,0.0375,0-3,2016,2511.625,720.0,9.5,2.375,4,1.5
34.1925,0.0375,0-3,2019,3498.375,992.0,9.5,2.375,4,1.5
34.1925,0.0375,0-3,2023,4866.875,1408.0,9.5,2.375,4,1.5
34.1975,0.0375,0-3,2016,1384.75,416.0,12.5,2.0833333333333335,6,1.5
34.1975,0.0375,0-3,2019,2399.5,624.0,12.5,2.0833333333333335,6,1.5
34.1975,0.0375,0-3,2023,1864.75,496.0,12.5,2.0833333333333335,6,1.5
34.2025,0.0375,0-3,2016,2692.125,800.0,14.0,2.0,7,1.5
34.2025,0.0375,0-3,2019,4318.75,1184.0,14.0,2.0,7,1.5
34.2025,0.0375,0-3,2023,5267.625,1360.0,14.0,2.0,7,1.5
34.2075,0.0375,0-3,2016,3574.375,1024.0,10.5,1.5,7,1.5
34.2075,0.0375,0-3,2019,5463.75,1536.0,10.5,1.5,7,1.5
34.2075,0.0375,0-3,2023,8177.25,2128.0,10.5,1.5,7,1.5
34.2125,0.0375,0-3,2016,4849.875,1296.0,18.5,2.3125,8,1.5
34.2125,0.0375,0-3,2019,7942.5,2032.0,18.5,2.3125,8,1.5
34.2125,0.0375,0-3,2023,9736.25,2416.0,18.5,2.3125,8,1.5
34.2175,0.0375,0-3,2016,16273.0,3968.0,18.5,2.3125,8,1.5
34.2175,0.0375,0-3,2019,20821.125,5056.0,18.5,2.3125,8,1.5
34.2175,0.0375,0-3,2023,26099.875,6368.0,18.5,2.3125,8,1.5
34.2225,0.0375,0-3,2016,22444.25,4656.0,17.0,2.4285714285714284,7,1.5
34.2225,0.0375,0-3,2019,26547.75,5520.0,17.0,2.4285714285714284,7,1.5
34.2225,0.0375,0-3,2023,36814.5,7248.0,17.0,2.4285714285714284,7,1.5
34.2275,0.0375,0-3,2016,2984.0,816.0,9.0,1.5,6,1.5
34.2275,0.0375,0-3,2019,5268.5,1328.0,9.0,1.5,6,1.5
34.2275,0.0375,0-3,2023,5717.25,1440.0,9.0,1.5,6,1.5
34.2325,0.0375,0-3,2016,3591.0,1040.0,4.5,1.5,3,1.5
34.2325,0.0375,0-3,2019,5501.75,1408.0,4.5,1.5,3,1.5
34.2325,0.0375,0-3,2023,7392.75,1776.0,4.5,1.5,3,1.5
34.3125,0.0375,0-3,2016,14805.375,3632.0,7.5,1.5,5,1.5
34.3125,0.0375,0-3,2019,22849.25,5120.0,7.5,1.5,5,1.5
34.3125,0.0375,0-3,2023,26697.875,5744.0,7.5,1.5,5,1.5
34.3175,0.0375,0-3,2016,7432.625,1968.0,18.5,2.3125,8,1.5
34.3175,0.0375,0-3,2019,13704.75,3344.0,18.5,2.3125,8,1.5
34.3175,0.0375,0-3,2023,17662.75,4112.0,18.5,2.3125,8,1.5
34.3225,0.0375,0-3,2016,20633.125,4880.0,37.0,4.625,8,1.5
34.3225,0.0375,0-3,2019,26944.5,6192.0,37.0,4.625,8,1.5
34.3225,0.0375,0-3,2023,33343.25,7408.0,37.0,4.625,8,1.5
34.3275,0.0375,0-3,2016,14470.75,3456.0,40.5,5.0625,8,1.5
34.3275,0.0375,0-3,2019,22898.5,5232.0,40.5,5.0625,8,1.5
34.3275,0.0375,0-3,2023,31620.125,6816.0,40.5,5.0625,8,1.5
34.3325,0.0375,0-3,2016,33243.875,6816.0,56.0,7.0,8,1.5
34.3325,0.0375,0-3,2019,39476.875,8160.0,56.0,7.0,8,1.5
34.3325,0.0375,0-3,2023,49088.5,9952.0,56.0,7.0,8,1.5
34.3375,0.0375,13-,2016,19864.0,4464.0,35.0,4.375,8,20.0
34.3375,0.0375,13-,2019,25560.75,5856.0,35.0,4.375,8,20.0
34.3375,0.0375,13-,2023,28330.875,6496.0,35.0,4.375,8,20.0
34.3425,0.0375,7-9,2016,17194.375,4080.0,53.0,6.625,8,8.0
34.3425,0.0375,7-9,2019,24441.75,5456.0,53.0,6.625,8,8.0
34.3425,0.0375,7-9,2023,27128.875,6080.0,53.0,6.625,8,8.0
34.3475,0.0375,0-3,2016,8073.25,2240.0,37.5,4.6875,8,1.5
34.3475,0.0375,0-3,2019,11692.5,3296.0,37.5,4.6875,8,1.5
34.3475,0.0375,0-3,2023,14647.375,3648.0,37.5,4.6875,8,1.5
34.3525,0.0375,0-3,2016,7974.0,1920.0,25.0,3.125,8,1.5
34.3525,0.0375,0-3,2019,12413.0,2992.0,25.0,3.125,8,1.5
34.3525,0.0375,0-3,2023,22284.75,4912.0,25.0,3.125,8,1.5
34.3575,0.0375,0-3,2016,8529.5,2176.0,47.0,5.875,8,1.5
34.3575,0.0375,0-3,2019,11558.0,2896.0,47.0,5.875,8,1.5
34.3575,0.0375,0-3,2023,14384.875,3408.0,47.0,5.875,8,1.5
34.3625,0.0375,4-6,2016,7254.875,1824.0,75.0,9.375,8,5.0
34.3625,0.0375,4-6,2019,8329.5,2176.0,75.0,9.375,8,5.0
34.3625,0.0375,4-6,2023,12506.25,2944.0,75.0,9.375,8,5.0
34.3675,0.0375,10-12,2016,13484.0,3488.0,94.0,11.75,8,11.0
34.3675,0.0375,10-12,2019,17637.5,4416.0,94.0,11.75,8,11.0
34.3675,0.0375,10-12,2023,18808.0,4384.0,94.0,11.75,8,11.0
34.3725,0.0375,7-9,2016,52456.375,11248.0,64.0,9.142857142857142,7,8.0
34.3725,0.0375,7-9,2019,59842.875,11952.0,64.0,9.142857142857142,7,8.0
34.3725,0.0375,7-9,2023,65349.75,12800.0,64.0,9.142857142857142,7,8.0
34.3775,0.0375,0-3,2016,36823.5,8816.0,34.5,8.625,4,1.5
34.3775,0.0375,0-3,2019,52394.125,11728.0,34.5,8.625,4,1.5
34.3775,0.0375,0-3,2023,64905.375,14192.0,34.5,8.625,4,1.5
34.1925,0.0425,0-3,2016,8220.375,2112.0,7.5,1.5,5,1.5
34.1925,0.0425,0-3,2019,9875.125,2592.0,7.5,1.5,5,1.5
34.1925,0.0425,0-3,2023,10602.125,2736.0,7.5,1.5,5,1.5
34.1975,0.0425,0-3,2016,3393.125,896.0,9.0,1.5,6,1.5
34.1975,0.0425,0-3,2019,4399.375,1088.0,9.0,1.5,6,1.5
34.1975,0.0425,0-3,2023,5240.5,1376.0,9.0,1.5,6,1.5
34.2075,0.0425,0-3,2016,89.25,32.0,7.5,1.5,5,1.5
34.2075,0.0425,0-3,2019,237.875,64.0,7.5,1.5,5,1.5
34.2075,0.0425,0-3,2023,123.75,32.0,7.5,1.5,5,1.5
34.2125,0.0425,0-3,2016,4582.375,1264.0,9.0,1.5,6,1.5
34.2125,0.0425,0-3,2019,5546.5,1488.0,9.0,1.5,6,1.5
34.2125,0.0425,0-3,2023,5802.375,1520.0,9.0,1.5,6,1.5
34.2175,0.0425,0-3,2016,8540.125,2416.0,9.0,1.5,6,1.5
34.2175,0.0425,0-3,2019,10413.125,2768.0,9.0,1.5,6,1.5
34.2175,0.0425,0-3,2023,12009.25,3136.0,9.0,1.5,6,1.5
34.2225,0.0425,0-3,2016,10741.125,2480.0,6.0,1.5,4,1.5
34.2225,0.0425,0-3,2019,14116.625,3248.0,6.0,1.5,4,1.5
34.2225,0.0425,0-3,2023,17139.75,3920.0,6.0,1.5,4,1.5
34.3125,0.0425,0-3,2016,14362.375,3472.0,4.5,1.5,3,1.5
34.3125,0.0425,0-3,2019,18455.625,4336.0,4.5,1.5,3,1.5
34.3125,0.0425,0-3,2023,23474.125,5392.0,4.5,1.5,3,1.5
34.3175,0.0425,0-3,2016,24711.25,4544.0,15.5,2.5833333333333335,6,1.5
34.3175,0.0425,0-3,2019,28971.5,5872.0,15.5,2.5833333333333335,6,1.5
34.3175,0.0425,0-3,2023,37091.5,7504.0,15.5,2.5833333333333335,6,1.5
34.3225,0.0425,7-9,2016,12011.5,2768.0,27.5,4.583333333333333,6,8.0
34.3225,0.0425,7-9,2019,19232.0,4384.0,27.5,4.583333333333333,6,8.0
34.3225,0.0425,7-9,2023,25085.5,5520.0,27.5,4.583333333333333,6,8.0
34.3275,0.0425,13-,2016,21962.5,5264.0,19.0,3.1666666666666665,6,20.0
34.3275,0.0425,13-,2019,25856.0,6096.0,19.0,3.1666666666666665,6,20.0
34.3275,0.0425,13-,2023,39482.625,7920.0,19.0,3.1666666666666665,6,20.0
34.3325,0.0425,4-6,2016,35808.0,8128.0,44.5,8.9,5,5.0
34.3325,0.0425,4-6,2019,54396.875,11520.0,44.5,8.9,5,5.0
34.3325,0.0425,4-6,2023,73373.375,15072.0,44.5,8.9,5,5.0
34.3375,0.0425,0-3,2016,23102.625,5312.0,47.0,7.833333333333333,6,1.5
34.3375,0.0425,0-3,2019,31433.75,6864.0,47.0,7.833333333333333,6,1.5
34.3375,0.0425,0-3,2023,39230.5,8272.0,47.0,7.833333333333333,6,1.5
34.3425,0.0425,10-12,2016,21680.125,5008.0,45.0,6.428571428571429,7,11.0
34.3425,0.0425,10-12,2019,21001.0,4848.0,45.0,6.428571428571429,7,11.0
34.3425,0.0425,10-12,2023,26411.5,5984.0,45.0,6.428571428571429,7,11.0
34.3475,0.0425,10-12,2016,13450.5,3600.0,34.5,4.3125,8,11.0
34.3475,0.0425,10-12,2019,16701.25,4624.0,34.5,4.3125,8,11.0
34.3475,0.0425,10-12,2023,24001.0,5920.0,34.5,4.3125,8,11.0
34.3525,0.0425,0-3,2016,22580.0,4944.0,34.5,4.3125,8,1.5
34.3525,0.0425,0-3,2019,29218.25,6288.0,34.5,4.3125,8,1.5
34.3525,0.0425,0-3,2023,33713.625,7360.0,34.5,4.3125,8,1.5
34.3575,0.0425,0-3,2016,26525.25,5376.0,41.5,5.1875,8,1.5
34.3575,0.0425,0-3,2019,32655.25,7040.0,41.5,5.1875,8,1.5
34.3575,0.0425,0-3,2023,40821.5,8448.0,41.5,5.1875,8,1.5
34.3625,0.0425,10-12,2016,32021.75,6768.0,38.5,4.8125,8,11.0
34.3625,0.0425,10-12,2019,34213.0,6912.0,38.5,4.8125,8,11.0
34.3625,0.0425,10-12,2023,38358.25,8080.0,38.5,4.8125,8,11.0
34.3675,0.0425,4-6,2016,19814.0,4688.0,66.5,8.3125,8,5.0
34.3675,0.0425,4-6,2019,24065.625,5744.0,66.5,8.3125,8,5.0
34.3675,0.0425,4-6,2023,30532.5,6752.0,66.5,8.3125,8,5.0
34.3725,0.0425,4-6,2016,130284.875,25104.0,50.0,6.25,8,5.0
34.3725,0.0425,4-6,2019,145227.5,26928.0,50.0,6.25,8,5.0
34.3725,0.0425,4-6,2023,163249.375,30352.0,50.0,6.25,8,5.0
34.3775,0.0425,0-3,2016,91330.0,19792.0,36.0,7.2,5,1.5
34.3775,0.0425,0-3,2019,109161.0,22752.0,36.0,7.2,5,1.5
34.3775,0.0425,0-3,2023,119712.625,25184.0,36.0,7.2,5,1.5
34.1925,0.0475,0-3,2016,13140.75,3152.0,6.0,1.5,4,1.5
34.1925,0.0475,0-3,2019,14633.25,3328.0,6.0,1.5,4,1.5
34.1925,0.0475,0-3,2023,17557.5,4032.0,6.0,1.5,4,1.5
34.1975,0.0475,0-3,2016,417.625,128.0,4.5,1.5,3,1.5
34.1975,0.0475,0-3,2019,391.5,112.0,4.5,1.5,3,1.5
34.1975,0.0475,0-3,2023,865.125,240.0,4.5,1.5,3,1.5
34.2125,0.0475,0-3,2016,1909.75,496.0,4.5,1.5,3,1.5
34.2125,0.0475,0-3,2019,1354.875,368.0,4.5,1.5,3,1.5
34.2125,0.0475,0-3,2023,1173.0,304.0,4.5,1.5,3,1.5
34.3225,0.0475,0-3,2016,6046.75,1616.0,29.5,9.833333333333334,3,1.5
34.3225,0.0475,0-3,2019,8371.125,2320.0,29.5,9.833333333333334,3,1.5
34.3225,0.0475,0-3,2023,13988.625,3200.0,29.5,9.833333333333334,3,1.5
34.3425,0.0475,0-3,2016,2943.625,720.0,31.5,5.25,6,1.5
34.3425,0.0475,0-3,2019,4358.875,1168.0,31.5,5.25,6,1.5
34.3425,0.0475,0-3,2023,4685.875,1216.0,31.5,5.25,6,1.5
34.3475,0.0475,0-3,2016,3060.5,848.0,50.5,6.3125,8,1.5
34.3475,0.0475,0-3,2019,5286.875,1376.0,50.5,6.3125,8,1.5
34.3475,0.0475,0-3,2023,7979.25,1968.0,50.5,6.3125,8,1.5
34.3525,0.0475,7-9,2016,3652.0,1024.0,59.5,7.4375,8,8.0
34.3525,0.0475,7-9,2019,5555.75,1424.0,59.5,7.4375,8,8.0
34.3525,0.0475,7-9,2023,7757.5,1936.0,59.5,7.4375,8,8.0
34.3575,0.0475,7-9,2016,8122.625,2192.0,69.0,8.625,8,8.0
34.3575,0.0475,7-9,2019,10131.375,2704.0,69.0,8.625,8,8.0
34.3575,0.0475,7-9,2023,13516.125,3280.0,69.0,8.625,8,8.0
34.3625,0.0475,4-6,2016,12484.375,3104.0,69.0,8.625,8,5.0
34.3625,0.0475,4-6,2019,17180.625,4272.0,69.0,8.625,8,5.0
34.3625,0.0475,4-6,2023,20969.5,5136.0,69.0,8.625,8,5.0
34.3675,0.0475,0-3,2016,27259.625,6432.0,79.0,9.875,8,1.5
34.3675,0.0475,0-3,2019,33283.625,7584.0,79.0,9.875,8,1.5
34.3675,0.0475,0-3,2023,50546.0,10704.0,79.0,9.875,8,1.5
34.3725,0.0475,13-,2016,35762.625,8784.0,36.5,5.214285714285714,7,20.0
34.3725,0.0475,13-,2019,44800.375,10624.0,36.5,5.214285714285714,7,20.0
34.3725,0.0475,13-,2023,48970.625,11104.0,36.5,5.214285714285714,7,20.0
34.3775,0.0475,0-3,2016,10415.375,2528.0,37.5,9.375,4,1.5
34.3775,0.0475,0-3,2019,12901.875,3168.0,37.5,9.375,4,1.5
34.3775,0.0475,0-3,2023,20486.75,4656.0,37.5,9.375,4,1.5
34.1825,0.0525,0-3,2016,3507.5,1008.0,4.5,1.5,3,1.5
34.1825,0.0525,0-3,2019,5594.875,1488.0,4.5,1.5,3,1.5
34.1825,0.0525,0-3,2023,7811.5,2016.0,4.5,1.5,3,1.5
34.1875,0.0525,0-3,2016,3639.75,1024.0,7.5,1.5,5,1.5
34.1875,0.0525,0-3,2019,5028.25,1440.0,7.5,1.5,5,1.5
34.1875,0.0525,0-3,2023,6094.125,1712.0,7.5,1.5,5,1.5
34.3325,0.0525,0-3,2016,3201.0,928.0,3.0,1.5,2,1.5
34.3325,0.0525,0-3,2019,4581.875,1344.0,3.0,1.5,2,1.5
34.3325,0.0525,0-3,2023,7175.875,1872.0,3.0,1.5,2,1.5
34.3425,0.0525,0-3,2016,6081.125,1680.0,12.5,2.0833333333333335,6,1.5
34.3425,0.0525,0-3,2019,8475.75,2288.0,12.5,2.0833333333333335,6,1.5
34.3425,0.0525,0-3,2023,10600.25,2752.0,12.5,2.0833333333333335,6,1.5
34.3475,0.0525,4-6,2016,5716.0,1584.0,34.5,4.3125,8,5.0
34.3475,0.0525,4-6,2019,8117.0,2144.0,34.5,4.3125,8,5.0
34.3475,0.0525,4-6,2023,10859.5,2800.0,34.5,4.3125,8,5.0
34.3525,0.0525,10-12,2016,13713.375,3184.0,60.0,7.5,8,11.0
34.3525,0.0525,10-12,2019,18063.5,4352.0,60.0,7.5,8,11.0
34.3525,0.0525,10-12,2023,26964.875,6192.0,60.0,7.5,8,11.0
34.3575,0.0525,13-,2016,27087.875,6048.0,67.0,8.375,8,20.0
34.3575,0.0525,13-,2019,31380.0,6864.0,67.0,8.375,8,20.0
34.3575,0.0525,13-,2023,37721.625,7952.0,67.0,8.375,8,20.0
34.3625,0.0525,10-12,2016,10706.625,2816.0,69.5,8.6875,8,11.0
34.3625,0.0525,10-12,2019,14936.25,3680.0,69.5,8.6875,8,11.0
34.3625,0.0525,10-12,2023,18839.5,4368.0,69.5,8.6875,8,11.0
34.3675,0.0525,10-12,2016,21930.0,5344.0,72.5,9.0625,8,11.0
34.3675,0.0525,10-12,2019,25293.75,6048.0,72.5,9.0625,8,11.0
34.3675,0.0525,10-12,2023,27890.625,6288.0,72.5,9.0625,8,11.0
34.3725,0.0525,10-12,2016,22223.5,5584.0,50.0,8.333333333333334,6,11.0
34.3725,0.0525,10-12,2019,27980.0,6848.0,50.0,8.333333333333334,6,11.0
34.3725,0.0525,10-12,2023,31412.625,7296.0,50.0,8.333333333333334,6,11.0
34.1825,0.0575,0-3,2016,6198.5,1344.0,7.5,1.5,5,1.5
34.1825,0.0575,0-3,2019,8691.625,1888.0,7.5,1.5,5,1.5
34.1825,0.0575,0-3,2023,8113.125,1792.0,7.5,1.5,5,1.5
34.1875,0.0575,0-3,2016,3284.75,960.0,10.5,1.5,7,1.5
34.1875,0.0575,0-3,2019,5341.375,1456.0,10.5,1.5,7,1.5
34.1875,0.0575,0-3,2023,5244.75,1456.0,10.5,1.5,7,1.5
34.1925,0.0575,0-3,2016,390.25,128.0,7.5,1.5,5,1.5
34.1925,0.0575,0-3,2019,642.25,192.0,7.5,1.5,5,1.5
34.1925,0.0575,0-3,2023,1144.0,352.0,7.5,1.5,5,1.5
34.3325,0.0575,0-3,2016,9544.875,2336.0,4.5,1.5,3,1.5
34.3325,0.0575,0-3,2019,12048.75,3008.0,4.5,1.5,3,1.5
34.3325,0.0575,0-3,2023,13925.0,3312.0,4.5,1.5,3,1.5
34.3375,0.0575,0-3,2016,12506.875,2880.0,9.0,1.5,6,1.5
34.3375,0.0575,0-3,2019,19655.375,4256.0,9.0,1.5,6,1.5
34.3375,0.0575,0-3,2023,22456.25,5104.0,9.0,1.5,6,1.5
34.3425,0.0575,0-3,2016,6294.0,1824.0,11.0,2.2,5,1.5
34.3425,0.0575,0-3,2019,8895.75,2512.0,11.0,2.2,5,1.5
34.3425,0.0575,0-3,2023,13669.875,3536.0,11.0,2.2,5,1.5
34.3475,0.0575,0-3,2016,6159.0,1744.0,30.0,4.285714285714286,7,1.5
34.3475,0.0575,0-3,2019,8133.0,2240.0,30.0,4.285714285714286,7,1.5
34.3475,0.0575,0-3,2023,13041.75,3360.0,30.0,4.285714285714286,7,1.5
34.3525,0.0575,7-9,2016,5067.875,1488.0,48.5,6.928571428571429,7,8.0
34.3525,0.0575,7-9,2019,6832.0,1872.0,48.5,6.928571428571429,7,8.0
34.3525,0.0575,7-9,2023,11261.375,2848.0,48.5,6.928571428571429,7,8.0
34.3575,0.0575,7-9,2016,10932.375,2608.0,61.0,8.714285714285714,7,8.0
34.3575,0.0575,7-9,2019,12110.375,2912.0,61.0,8.714285714285714,7,8.0
34.3575,0.0575,7-9,2023,20054.875,4544.0,61.0,8.714285714285714,7,8.0
34.3625,0.0575,7-9,2016,15449.75,3936.0,59.5,9.916666666666666,6,8.0
34.3625,0.0575,7-9,2019,16001.375,4048.0,59.5,9.916666666666666,6,8.0
34.3625,0.0575,7-9,2023,17930.25,4320.0,59.5,9.916666666666666,6,8.0
34.3675,0.0575,7-9,2016,12767.75,3568.0,50.5,8.416666666666666,6,8.0
34.3675,0.0575,7-9,2019,15250.375,3920.0,50.5,8.416666666666666,6,8.0
34.3675,0.0575,7-9,2023,18061.875,4592.0,50.5,8.416666666666666,6,8.0
34.3725,0.0575,7-9,2016,8535.5,2320.0,31.5,7.875,4,8.0
34.3725,0.0575,7-9,2019,11785.875,3008.0,31.5,7.875,4,8.0
34.3725,0.0575,7-9,2023,13167.25,3216.0,31.5,7.875,4,8.0
34.1425,0.0625,0-3,2016,1684.875,464.0,4.5,1.5,3,1.5
34.1425,0.0625,0-3,2019,3647.5,912.0,4.5,1.5,3,1.5
34.1425,0.0625,0-3,2023,4814.875,1200.0,4.5,1.5,3,1.5
34.1475,0.0625,0-3,2016,7400.125,2016.0,4.5,1.5,3,1.5
34.1475,0.0625,0-3,2019,11332.875,2880.0,4.5,1.5,3,1.5
34.1475,0.0625,0-3,2023,14241.625,3440.0,4.5,1.5,3,1.5
34.1825,0.0625,0-3,2016,2607.5,672.0,24.5,6.125,4,1.5
34.1825,0.0625,0-3,2019,4214.125,960.0,24.5,6.125,4,1.5
34.1825,0.0625,0-3,2023,4573.375,1088.0,24.5,6.125,4,1.5
34.1875,0.0625,0-3,2016,6571.125,1584.0,29.0,4.142857142857143,7,1.5
34.1875,0.0625,0-3,2019,7214.875,1728.0,29.0,4.142857142857143,7,1.5
34.1875,0.0625,0-3,2023,9676.625,2272.0,29.0,4.142857142857143,7,1.5
34.1925,0.0625,0-3,2016,5441.875,1440.0,9.0,1.5,6,1.5
34.1925,0.0625,0-3,2019,5966.5,1600.0,9.0,1.5,6,1.5
34.1925,0.0625,0-3,2023,9358.0,2224.0,9.0,1.5,6,1.5
34.1975,0.0625,0-3,2016,583.25,176.0,7.5,1.5,5,1.5
34.1975,0.0625,0-3,2019,2314.0,560.0,7.5,1.5,5,1.5
34.1975,0.0625,0-3,2023,2441.375,624.0,7.5,1.5,5,1.5
34.3325,0.0625,0-3,2016,4926.25,1408.0,3.0,1.5,2,1.5
34.3325,0.0625,0-3,2019,6091.75,1760.0,3.0,1.5,2,1.5
34.3325,0.0625,0-3,2023,8402.75,2320.0,3.0,1.5,2,1.5
34.3425,0.0625,0-3,2016,2985.5,832.0,4.5,1.5,3,1.5
34.3425,0.0625,0-3,2019,3643.75,1008.0,4.5,1.5,3,1.5
34.3425,0.0625,0-3,2023,3884.375,1072.0,4.5,1.5,3,1.5
34.3525,0.0625,0-3,2016,5527.75,1568.0,20.5,4.1,5,1.5
34.3525,0.0625,0-3,2019,6224.875,1712.0,20.5,4.1,5,1.5
34.3525,0.0625,0-3,2023,9364.0,2368.0,20.5,4.1,5,1.5
34.3575,0.0625,0-3,2016,3525.75,1024.0,27.0,5.4,5,1.5
34.3575,0.0625,0-3,2019,4388.75,1232.0,27.0,5.4,5,1.5
34.3575,0.0625,0-3,2023,8200.75,1984.0,27.0,5.4,5,1.5
34.3725,0.0625,0-3,2016,5109.625,1408.0,16.0,8.0,2,1.5
34.3725,0.0625,0-3,2019,5659.125,1568.0,16.0,8.0,2,1.5
34.3725,0.0625,0-3,2023,7949.125,1968.0,16.0,8.0,2,1.5
34.1425,0.0675,0-3,2016,12181.25,3200.0,7.5,1.5,5,1.5
34.1425,0.0675,0-3,2019,17838.125,4480.0,7.5,1.5,5,1.5
34.1425,0.0675,0-3,2023,24165.375,6112.0,7.5,1.5,5,1.5
34.1475,0.0675,0-3,2016,1266.875,336.0,7.5,1.5,5,1.5
34.1475,0.0675,0-3,2019,1851.625,528.0,7.5,1.5,5,1.5
34.1475,0.0675,0-3,2023,2498.5,704.0,7.5,1.5,5,1.5
34.1825,0.0675,13-,2016,2018.625,560.0,44.5,8.9,5,20.0
34.1825,0.0675,13-,2019,1711.375,464.0,44.5,8.9,5,20.0
34.1825,0.0675,13-,2023,1688.0,416.0,44.5,8.9,5,20.0
34.1925,0.0675,0-3,2016,852.875,256.0,27.5,4.583333333333333,6,1.5
34.1925,0.0675,0-3,2019,1376.125,384.0,27.5,4.583333333333333,6,1.5
34.1925,0.0675,0-3,2023,1258.5,320.0,27.5,4.583333333333333,6,1.5
34.1975,0.0675,0-3,2016,5059.25,1344.0,27.5,4.583333333333333,6,1.5
34.1975,0.0675,0-3,2019,7147.625,1904.0,27.5,4.583333333333333,6,1.5
34.1975,0.0675,0-3,2023,7203.375,1872.0,27.5,4.583333333333333,6,1.5
34.2025,0.0675,0-3,2016,1137.125,368.0,24.5,6.125,4,1.5
34.2025,0.0675,0-3,2019,1638.25,496.0,24.5,6.125,4,1.5
34.2025,0.0675,0-3,2023,2589.0,656.0,24.5,6.125,4,1.5
34.2925,0.0675,0-3,2016,49738.125,11056.0,14.5,4.833333333333333,3,1.5
34.2925,0.0675,0-3,2019,61557.875,13200.0,14.5,4.833333333333333,3,1.5
34.2925,0.0675,0-3,2023,75644.0,16000.0,14.5,4.833333333333333,3,1.5
34.2975,0.0675,0-3,2016,27149.875,6608.0,14.5,4.833333333333333,3,1.5
34.2975,0.0675,0-3,2019,29800.875,7088.0,14.5,4.833333333333333,3,1.5
34.2975,0.0675,0-3,2023,46469.25,10304.0,14.5,4.833333333333333,3,1.5
34.3575,0.0675,0-3,2016,10878.0,2800.0,26.0,5.2,5,1.5
34.3575,0.0675,0-3,2019,16544.125,4048.0,26.0,5.2,5,1.5
34.3575,0.0675,0-3,2023,19697.0,4880.0,26.0,5.2,5,1.5
34.0825,0.0725,0-3,2016,175.625,48.0,61.5,15.375,4,1.5
34.0825,0.0725,0-3,2019,401.875,112.0,61.5,15.375,4,1.5
34.0825,0.0725,0-3,2023,412.875,112.0,61.5,15.375,4,1.5
34.0875,0.0725,0-3,2016,4036.0,720.0,48.0,9.6,5,1.5
34.0875,0.0725,0-3,2019,4720.375,976.0,48.0,9.6,5,1.5
34.0875,0.0725,0-3,2023,7152.75,1392.0,48.0,9.6,5,1.5
34.0925,0.0725,0-3,2016,467.5,128.0,26.5,8.833333333333334,3,1.5
34.0925,0.0725,0-3,2019,599.75,160.0,26.5,8.833333333333334,3,1.5
34.0925,0.0725,0-3,2023,771.625,208.0,26.5,8.833333333333334,3,1.5
34.1375,0.0725,0-3,2016,18370.5,4688.0,4.5,1.5,3,1.5
34.1375,0.0725,0-3,2019,22736.375,5888.0,4.5,1.5,3,1.5
34.1375,0.0725,0-3,2023,26415.5,6752.0,4.5,1.5,3,1.5
34.1425,0.0725,0-3,2016,8205.25,1936.0,6.0,1.5,4,1.5
34.1425,0.0725,0-3,2019,13437.0,3168.0,6.0,1.5,4,1.5
34.1425,0.0725,0-3,2023,17981.125,4080.0,6.0,1.5,4,1.5
34.1525,0.0725,0-3,2016,1277.375,336.0,6.0,1.5,4,1.5
34.1525,0.0725,0-3,2019,1543.5,432.0,6.0,1.5,4,1.5
34.1525,0.0725,0-3,2023,2631.625,592.0,6.0,1.5,4,1.5
34.1725,0.0725,0-3,2016,4576.125,1136.0,9.5,2.375,4,1.5
34.1725,0.0725,0-3,2019,7538.125,1824.0,9.5,2.375,4,1.5
34.1725,0.0725,0-3,2023,9704.0,2192.0,9.5,2.375,4,1.5
34.1775,0.0725,0-3,2016,278.125,80.0,49.5,8.25,6,1.5
34.1775,0.0725,0-3,2019,1079.625,288.0,49.5,8.25,6,1.5
34.1775,0.0725,0-3,2023,1669.125,416.0,49.5,8.25,6,1.5
34.1825,0.0725,13-,2016,5745.625,1568.0,52.5,8.75,6,20.0
34.1825,0.0725,13-,2019,6624.5,1904.0,52.5,8.75,6,20.0
34.1825,0.0725,13-,2023,7053.25,1840.0,52.5,8.75,6,20.0
34.1875,0.0725,13-,2016,7425.875,2064.0,51.0,10.2,5,20.0
34.1875,0.0725,13-,2019,10823.125,2960.0,51.0,10.2,5,20.0
34.1875,0.0725,13-,2023,13447.25,3456.0,51.0,10.2,5,20.0
34.1975,0.0725,0-3,2016,8782.25,2304.0,49.5,8.25,6,1.5
34.1975,0.0725,0-3,2019,13021.0,3424.0,49.5,8.25,6,1.5
34.1975,0.0725,0-3,2023,14920.125,3744.0,49.5,8.25,6,1.5
34.2025,0.0725,13-,2016,10542.0,2816.0,49.5,8.25,6,20.0
34.2025,0.0725,13-,2019,15886.875,4320.0,49.5,8.25,6,20.0
34.2025,0.0725,13-,2023,17839.25,4480.0,49.5,8.25,6,20.0
34.2775,0.0725,0-3,2016,12646.125,2720.0,16.0,4.0,4,1.5
34.2775,0.0725,0-3,2019,18708.375,4032.0,16.0,4.0,4,1.5
34.2775,0.0725,0-3,2023,22935.125,4912.0,16.0,4.0,4,1.5
34.2825,0.0725,0-3,2016,38505.875,7856.0,8.0,2.6666666666666665,3,1.5
34.2825,0.0725,0-3,2019,46639.875,9216.0,8.0,2.6666666666666665,3,1.5
34.2825,0.0725,0-3,2023,57971.625,11248.0,8.0,2.6666666666666665,3,1.5
34.2925,0.0725,7-9,2016,41446.0,8912.0,9.5,2.375,4,8.0
34.2925,0.0725,7-9,2019,54006.75,11632.0,9.5,2.375,4,8.0
34.2925,0.0725,7-9,2023,74855.0,15568.0,9.5,2.375,4,8.0
34.2975,0.0725,4-6,2016,3527.75,832.0,12.5,3.125,4,5.0
34.2975,0.0725,4-6,2019,5838.25,1616.0,12.5,3.125,4,5.0
34.2975,0.0725,4-6,2023,14938.875,3184.0,12.5,3.125,4,5.0
34.3175,0.0725,0-3,2016,10982.0,2896.0,24.5,6.125,4,1.5
34.3175,0.0725,0-3,2019,16041.25,4048.0,24.5,6.125,4,1.5
34.3175,0.0725,0-3,2023,21172.0,5120.0,24.5,6.125,4,1.5
34.3225,0.0725,0-3,2016,12638.375,2608.0,48.0,9.6,5,1.5
34.3225,0.0725,0-3,2019,18500.25,4112.0,48.0,9.6,5,1.5
34.3225,0.0725,0-3,2023,23568.375,5136.0,48.0,9.6,5,1.5
34.3275,0.0725,4-6,2016,5547.0,1472.0,46.5,11.625,4,5.0
34.3275,0.0725,4-6,2019,8190.375,2112.0,46.5,11.625,4,5.0
34.3275,0.0725,4-6,2023,12536.5,3200.0,46.5,11.625,4,5.0
34.3525,0.0725,0-3,2016,26122.125,5824.0,32.5,10.833333333333334,3,1.5
34.3525,0.0725,0-3,2019,35315.625,7552.0,32.5,10.833333333333334,3,1.5
34.3525,0.0725,0-3,2023,42909.625,8864.0,32.5,10.833333333333334,3,1.5
34.3575,0.0725,13-,2016,11206.0,2864.0,17.0,3.4,5,20.0
34.3575,0.0725,13-,2019,12284.625,3168.0,17.0,3.4,5,20.0
34.3575,0.0725,13-,2023,17477.0,4144.0,17.0,3.4,5,20.0
34.3625,0.0725,0-3,2016,6651.125,1920.0,35.5,7.1,5,1.5
34.3625,0.0725,0-3,2019,12138.125,3296.0,35.5,7.1,5,1.5
34.3625,0.0725,0-3,2023,14186.25,3584.0,35.5,7.1,5,1.5
34.0725,0.0775,0-3,2016,306.5,80.0,39.0,13.0,3,1.5
34.0725,0.0775,0-3,2019,265.25,80.0,39.0,13.0,3,1.5
34.0725,0.0775,0-3,2023,442.0,112.0,39.0,13.0,3,1.5
34.0775,0.0775,13-,2016,4531.625,1264.0,53.0,8.833333333333334,6,20.0
34.0775,0.0775,13-,2019,7001.125,1824.0,53.0,8.833333333333334,6,20.0
34.0775,0.0775,13-,2023,6860.5,1744.0,53.0,8.833333333333334,6,20.0
34.0825,0.0775,13-,2016,13281.875,3616.0,85.0,12.142857142857142,7,20.0
34.0825,0.0775,13-,2019,15167.5,4224.0,85.0,12.142857142857142,7,20.0
34.0825,0.0775,13-,2023,19300.375,5040.0,85.0,12.142857142857142,7,20.0
34.0875,0.0775,13-,2016,13275.25,3616.0,80.5,10.0625,8,20.0
34.0875,0.0775,13-,2019,17716.125,4800.0,80.5,10.0625,8,20.0
34.0875,0.0775,13-,2023,19769.5,5200.0,80.5,10.0625,8,20.0
34.0925,0.0775,4-6,2016,6139.75,1616.0,63.0,12.6,5,5.0
34.0925,0.0775,4-6,2019,8391.5,2304.0,63.0,12.6,5,5.0
34.0925,0.0775,4-6,2023,12755.875,3200.0,63.0,12.6,5,5.0
34.1175,0.0775,0-3,2016,5836.25,1536.0,25.0,12.5,2,1.5
34.1175,0.0775,0-3,2019,8975.125,2352.0,25.0,12.5,2,1.5
34.1175,0.0775,0-3,2023,12009.375,3072.0,25.0,12.5,2,1.5
34.1325,0.0775,0-3,2016,4232.25,1136.0,4.5,1.5,3,1.5
34.1325,0.0775,0-3,2019,5037.625,1360.0,4.5,1.5,3,1.5
34.1325,0.0775,0-3,2023,7207.125,1840.0,4.5,1.5,3,1.5
34.1475,0.0775,0-3,2016,10670.375,2848.0,6.0,1.5,4,1.5
34.1475,0.0775,0-3,2019,13368.25,3920.0,6.0,1.5,4,1.5
34.1475,0.0775,0-3,2023,25049.0,6064.0,6.0,1.5,4,1.5
34.1525,0.0775,0-3,2016,33831.0,7472.0,7.5,1.5,5,1.5
34.1525,0.0775,0-3,2019,38887.5,8992.0,7.5,1.5,5,1.5
34.1525,0.0775,0-3,2023,46608.5,9840.0,7.5,1.5,5,1.5
34.1575,0.0775,0-3,2016,3780.125,928.0,14.0,2.8,5,1.5
34.1575,0.0775,0-3,2019,6210.875,1616.0,14.0,2.8,5,1.5
34.1575,0.0775,0-3,2023,7227.5,1696.0,14.0,2.8,5,1.5
34.1675,0.0775,0-3,2016,10457.0,2768.0,27.0,5.4,5,1.5
34.1675,0.0775,0-3,2019,12976.875,3472.0,27.0,5.4,5,1.5
34.1675,0.0775,0-3,2023,16111.0,3952.0,27.0,5.4,5,1.5
34.1725,0.0775,4-6,2016,12483.25,3248.0,26.5,3.7857142857142856,7,5.0
34.1725,0.0775,4-6,2019,14078.75,3440.0,26.5,3.7857142857142856,7,5.0
34.1725,0.0775,4-6,2023,17663.875,4272.0,26.5,3.7857142857142856,7,5.0
34.1775,0.0775,0-3,2016,6489.0,1792.0,50.0,6.25,8,1.5
34.1775,0.0775,0-3,2019,8942.25,2448.0,50.0,6.25,8,1.5
34.1775,0.0775,0-3,2023,10995.375,2736.0,50.0,6.25,8,1.5
34.1825,0.0775,0-3,2016,7412.25,2000.0,65.5,8.1875,8,1.5
34.1825,0.0775,0-3,2019,13110.25,3344.0,65.5,8.1875,8,1.5
34.1825,0.0775,0-3,2023,17576.375,4240.0,65.5,8.1875,8,1.5
34.1875,0.0775,7-9,2016,14187.5,3600.0,48.0,9.6,5,8.0
34.1875,0.0775,7-9,2019,20928.5,5264.0,48.0,9.6,5,8.0
34.1875,0.0775,7-9,2023,23758.5,5536.0,48.0,9.6,5,8.0
34.1975,0.0775,4-6,2016,10032.375,2688.0,43.0,10.75,4,5.0
34.1975,0.0775,4-6,2019,12150.625,3264.0,43.0,10.75,4,5.0
34.1975,0.0775,4-6,2023,16182.25,3952.0,43.0,10.75,4,5.0
34.2025,0.0775,13-,2016,6116.875,1584.0,68.0,11.333333333333334,6,20.0
34.2025,0.0775,13-,2019,8532.375,2192.0,68.0,11.333333333333334,6,20.0
34.2025,0.0775,13-,2023,9204.5,2304.0,68.0,11.333333333333334,6,20.0
34.2075,0.0775,13-,2016,8717.625,2160.0,61.5,15.375,4,20.0
34.2075,0.0775,13-,2019,10212.75,2448.0,61.5,15.375,4,20.0
34.2075,0.0775,13-,2023,11190.875,2784.0,61.5,15.375,4,20.0
34.2425,0.0775,0-3,2016,11345.5,3072.0,6.0,1.5,4,1.5
34.2425,0.0775,0-3,2019,14291.75,3776.0,6.0,1.5,4,1.5
34.2425,0.0775,0-3,2023,17401.375,4448.0,6.0,1.5,4,1.5
34.2475,0.0775,0-3,2016,3212.625,944.0,20.5,4.1,5,1.5
34.2475,0.0775,0-3,2019,3954.625,1088.0,20.5,4.1,5,1.5
34.2475,0.0775,0-3,2023,5478.0,1392.0,20.5,4.1,5,1.5
34.2525,0.0775,10-12,2016,11406.625,2928.0,11.0,2.2,5,11.0
34.2525,0.0775,10-12,2019,14492.625,3632.0,11.0,2.2,5,11.0
34.2525,0.0775,10-12,2023,16492.0,3984.0,11.0,2.2,5,11.0
34.2575,0.0775,0-3,2016,6379.625,1696.0,24.0,4.8,5,1.5
34.2575,0.0775,0-3,2019,7629.375,2096.0,24.0,4.8,5,1.5
34.2575,0.0775,0-3,2023,8247.375,2064.0,24.0,4.8,5,1.5
34.2625,0.0775,0-3,2016,13167.75,3232.0,36.0,7.2,5,1.5
34.2625,0.0775,0-3,2019,19776.125,4432.0,36.0,7.2,5,1.5
34.2625,0.0775,0-3,2023,23057.75,5040.0,36.0,7.2,5,1.5
34.2675,0.0775,7-9,2016,5765.375,1488.0,36.0,7.2,5,8.0
34.2675,0.0775,7-9,2019,9710.625,2352.0,36.0,7.2,5,8.0
34.2675,0.0775,7-9,2023,12182.25,2864.0,36.0,7.2,5,8.0
34.2725,0.0775,7-9,2016,5789.5,1376.0,56.0,9.333333333333334,6,8.0
34.2725,0.0775,7-9,2019,7647.875,1664.0,56.0,9.333333333333334,6,8.0
34.2725,0.0775,7-9,2023,8067.25,1776.0,56.0,9.333333333333334,6,8.0
34.2775,0.0775,4-6,2016,59101.125,11744.0,34.0,5.666666666666667,6,5.0
34.2775,0.0775,4-6,2019,78628.25,14336.0,34.0,5.666666666666667,6,5.0
34.2775,0.0775,4-6,2023,88930.0,15776.0,34.0,5.666666666666667,6,5.0
34.2825,0.0775,0-3,2016,45943.625,9888.0,28.0,7.0,4,1.5
34.2825,0.0775,0-3,2019,56055.75,11920.0,28.0,7.0,4,1.5
34.2825,0.0775,0-3,2023,70354.5,14192.0,28.0,7.0,4,1.5
34.2925,0.0775,0-3,2016,33496.0,7616.0,13.0,6.5,2,1.5
34.2925,0.0775,0-3,2019,53432.25,11504.0,13.0,6.5,2,1.5
34.2925,0.0775,0-3,2023,85072.5,16640.0,13.0,6.5,2,1.5
34.3125,0.0775,0-3,2016,5149.5,1440.0,4.5,1.5,3,1.5
34.3125,0.0775,0-3,2019,5895.875,1680.0,4.5,1.5,3,1.5
34.3125,0.0775,0-3,2023,10826.625,2784.0,4.5,1.5,3,1.5
34.3175,0.0775,0-3,2016,1895.125,560.0,31.0,5.166666666666667,6,1.5
34.3175,0.0775,0-3,2019,2921.875,848.0,31.0,5.166666666666667,6,1.5
34.3175,0.0775,0-3,2023,5098.625,1424.0,31.0,5.166666666666667,6,1.5
34.3225,0.0775,13-,2016,6051.75,1712.0,36.0,5.142857142857143,7,20.0
34.3225,0.0775,13-,2019,5993.125,1744.0,36.0,5.142857142857143,7,20.0
34.3225,0.0775,13-,2023,8290.75,2288.0,36.0,5.142857142857143,7,20.0
34.3275,0.0775,13-,2016,6166.25,1408.0,44.5,7.416666666666667,6,20.0
34.3275,0.0775,13-,2019,8832.875,2176.0,44.5,7.416666666666667,6,20.0
34.3275,0.0775,13-,2023,10367.5,2336.0,44.5,7.416666666666667,6,20.0
34.3325,0.0775,4-6,2016,7242.0,1744.0,39.5,7.9,5,5.0
34.3325,0.0775,4-6,2019,9468.375,2144.0,39.5,7.9,5,5.0
34.3325,0.0775,4-6,2023,12607.375,2800.0,39.5,7.9,5,5.0
34.3375,0.0775,4-6,2016,13651.25,2944.0,14.5,4.833333333333333,3,5.0
34.3375,0.0775,4-6,2019,16273.0,3568.0,14.5,4.833333333333333,3,5.0
34.3375,0.0775,4-6,2023,18075.75,3920.0,14.5,4.833333333333333,3,5.0
34.3575,0.0775,10-12,2016,5380.0,1600.0,24.5,6.125,4,11.0
34.3575,0.0775,10-12,2019,6432.375,1856.0,24.5,6.125,4,11.0
34.3575,0.0775,10-12,2023,9064.5,2448.0,24.5,6.125,4,11.0
34.3625,0.0775,0-3,2016,2540.125,736.0,35.5,7.1,5,1.5
34.3625,0.0775,0-3,2019,4244.375,1136.0,35.5,7.1,5,1.5
34.3625,0.0775,0-3,2023,5321.0,1440.0,35.5,7.1,5,1.5
34.3675,0.0775,0-3,2016,6991.75,1536.0,7.5,1.5,5,1.5
34.3675,0.0775,0-3,2019,10938.5,2256.0,7.5,1.5,5,1.5
34.3675,0.0775,0-3,2023,15495.0,3232.0,7.5,1.5,5,1.5
34.3725,0.0775,0-3,2016,5415.25,1584.0,4.5,1.5,3,1.5
34.3725,0.0775,0-3,2019,8054.125,2144.0,4.5,1.5,3,1.5
34.3725,0.0775,0-3,2023,10802.875,2832.0,4.5,1.5,3,1.5
34.0725,0.0825,7-9,2016,2717.75,752.0,92.5,15.416666666666666,6,8.0
34.0725,0.0825,7-9,2019,3124.875,896.0,92.5,15.416666666666666,6,8.0
34.0725,0.0825,7-9,2023,4495.375,1264.0,92.5,15.416666666666666,6,8.0
34.0775,0.0825,10-12,2016,8957.0,2352.0,100.5,14.357142857142858,7,11.0
34.0775,0.0825,10-12,2019,10270.875,2800.0,100.5,14.357142857142858,7,11.0
34.0775,0.0825,10-12,2023,12811.0,3328.0,100.5,14.357142857142858,7,11.0
34.0825,0.0825,10-12,2016,6083.625,1440.0,131.0,18.714285714285715,7,11.0
34.0825,0.0825,10-12,2019,5444.875,1344.0,131.0,18.714285714285715,7,11.0
34.0825,0.0825,10-12,2023,11997.25,2704.0,131.0,18.714285714285715,7,11.0
34.0875,0.0825,13-,2016,16627.125,4240.0,107.0,15.285714285714286,7,20.0
34.0875,0.0825,13-,2019,19154.875,5056.0,107.0,15.285714285714286,7,20.0
34.0875,0.0825,13-,2023,29843.375,7504.0,107.0,15.285714285714286,7,20.0
34.0925,0.0825,13-,2016,17732.125,4240.0,76.0,15.2,5,20.0
34.0925,0.0825,13-,2019,21904.0,5344.0,76.0,15.2,5,20.0
34.0925,0.0825,13-,2023,30583.375,7280.0,76.0,15.2,5,20.0
34.1025,0.0825,13-,2016,4793.75,1312.0,60.0,20.0,3,20.0
34.1025,0.0825,13-,2019,6825.0,2016.0,60.0,20.0,3,20.0
34.1025,0.0825,13-,2023,10380.0,2464.0,60.0,20.0,3,20.0
34.1075,0.0825,13-,2016,3768.625,992.0,88.0,17.6,5,20.0
34.1075,0.0825,13-,2019,5047.625,1408.0,88.0,17.6,5,20.0
34.1075,0.0825,13-,2023,5948.75,1584.0,88.0,17.6,5,20.0
34.1125,0.0825,13-,2016,10095.125,2160.0,56.0,9.333333333333334,6,20.0
34.1125,0.0825,13-,2019,13624.75,3008.0,56.0,9.333333333333334,6,20.0
34.1125,0.0825,13-,2023,12576.75,2832.0,56.0,9.333333333333334,6,20.0
34.1175,0.0825,4-6,2016,22217.75,5504.0,32.5,6.5,5,5.0
34.1175,0.0825,4-6,2019,26821.25,6688.0,32.5,6.5,5,5.0
34.1175,0.0825,4-6,2023,30378.5,7520.0,32.5,6.5,5,5.0
34.1275,0.0825,0-3,2016,1127.625,320.0,7.5,1.5,5,1.5
34.1275,0.0825,0-3,2019,2038.5,608.0,7.5,1.5,5,1.5
34.1275,0.0825,0-3,2023,4064.75,1104.0,7.5,1.5,5,1.5
34.1325,0.0825,0-3,2016,8302.0,2176.0,6.0,1.5,4,1.5
34.1325,0.0825,0-3,2019,11035.75,3008.0,6.0,1.5,4,1.5
34.1325,0.0825,0-3,2023,12574.875,3280.0,6.0,1.5,4,1.5
34.1525,0.0825,0-3,2016,12418.5,3136.0,10.5,1.5,7,1.5
34.1525,0.0825,0-3,2019,19035.25,4896.0,10.5,1.5,7,1.5
34.1525,0.0825,0-3,2023,23269.5,5632.0,10.5,1.5,7,1.5
34.1575,0.0825,0-3,2016,7620.125,1968.0,17.0,2.4285714285714284,7,1.5
34.1575,0.0825,0-3,2019,14844.125,3904.0,17.0,2.4285714285714284,7,1.5
34.1575,0.0825,0-3,2023,22601.125,5232.0,17.0,2.4285714285714284,7,1.5
34.1625,0.0825,7-9,2016,5110.0,1408.0,9.0,1.5,6,8.0
34.1625,0.0825,7-9,2019,7089.125,1904.0,9.0,1.5,6,8.0
34.1625,0.0825,7-9,2023,10171.125,2544.0,9.0,1.5,6,8.0
34.1675,0.0825,0-3,2016,5752.75,1520.0,32.0,5.333333333333333,6,1.5
34.1675,0.0825,0-3,2019,7051.75,1872.0,32.0,5.333333333333333,6,1.5
34.1675,0.0825,0-3,2023,9452.625,2400.0,32.0,5.333333333333333,6,1.5
34.1725,0.0825,10-12,2016,5869.375,1472.0,24.0,3.4285714285714284,7,11.0
34.1725,0.0825,10-12,2019,7749.875,1920.0,24.0,3.4285714285714284,7,11.0
34.1725,0.0825,10-12,2023,10676.0,2432.0,24.0,3.4285714285714284,7,11.0
34.1775,0.0825,7-9,2016,5905.75,1616.0,35.0,4.375,8,8.0
34.1775,0.0825,7-9,2019,8268.625,2176.0,35.0,4.375,8,8.0
34.1775,0.0825,7-9,2023,8274.25,2064.0,35.0,4.375,8,8.0
34.1825,0.0825,0-3,2016,2992.25,880.0,35.0,4.375,8,1.5
34.1825,0.0825,0-3,2019,5008.875,1376.0,35.0,4.375,8,1.5
34.1825,0.0825,0-3,2023,5230.25,1408.0,35.0,4.375,8,1.5
34.1875,0.0825,4-6,2016,4088.25,1152.0,20.5,4.1,5,5.0
34.1875,0.0825,4-6,2019,5884.375,1632.0,20.5,4.1,5,5.0
34.1875,0.0825,4-6,2023,5861.125,1440.0,20.5,4.1,5,5.0
34.2025,0.0825,0-3,2016,6280.5,1472.0,65.0,16.25,4,1.5
34.2025,0.0825,0-3,2019,8024.375,1920.0,65.0,16.25,4,1.5
34.2025,0.0825,0-3,2023,9230.5,2160.0,65.0,16.25,4,1.5
34.2075,0.0825,13-,2016,7359.375,1968.0,41.5,13.833333333333334,3,20.0
34.2075,0.0825,13-,2019,8776.875,2432.0,41.5,13.833333333333334,3,20.0
34.2075,0.0825,13-,2023,10613.625,2768.0,41.5,13.833333333333334,3,20.0
34.2175,0.0825,0-3,2016,465.875,112.0,11.5,3.8333333333333335,3,1.5
34.2175,0.0825,0-3,2019,1217.125,336.0,11.5,3.8333333333333335,3,1.5
34.2175,0.0825,0-3,2023,2156.25,560.0,11.5,3.8333333333333335,3,1.5
34.2225,0.0825,0-3,2016,52.25,16.0,11.5,3.8333333333333335,3,1.5
34.2225,0.0825,0-3,2019,575.875,128.0,11.5,3.8333333333333335,3,1.5
34.2225,0.0825,0-3,2023,662.25,160.0,11.5,3.8333333333333335,3,1.5
34.2325,0.0825,0-3,2016,12177.625,3120.0,3.0,1.5,2,1.5
34.2325,0.0825,0-3,2019,18398.75,4688.0,3.0,1.5,2,1.5
34.2325,0.0825,0-3,2023,24858.375,5840.0,3.0,1.5,2,1.5
34.2375,0.0825,0-3,2016,22054.375,4880.0,7.5,1.5,5,1.5
34.2375,0.0825,0-3,2019,27045.0,5984.0,7.5,1.5,5,1.5
34.2375,0.0825,0-3,2023,30463.25,6544.0,7.5,1.5,5,1.5
34.2425,0.0825,0-3,2016,25720.75,5520.0,10.5,1.5,7,1.5
34.2425,0.0825,0-3,2019,32283.625,6768.0,10.5,1.5,7,1.5
34.2425,0.0825,0-3,2023,38873.125,8048.0,10.5,1.5,7,1.5
34.2475,0.0825,0-3,2016,12077.375,2816.0,25.0,3.125,8,1.5
34.2475,0.0825,0-3,2019,19454.75,4320.0,25.0,3.125,8,1.5
34.2475,0.0825,0-3,2023,22081.0,4608.0,25.0,3.125,8,1.5
34.2525,0.0825,4-6,2016,10587.875,2592.0,25.0,3.125,8,5.0
34.2525,0.0825,4-6,2019,14965.0,3552.0,25.0,3.125,8,5.0
34.2525,0.0825,4-6,2023,17605.75,4016.0,25.0,3.125,8,5.0
34.2575,0.0825,0-3,2016,10017.25,2368.0,32.0,4.0,8,1.5
34.2575,0.0825,0-3,2019,11746.625,2832.0,32.0,4.0,8,1.5
34.2575,0.0825,0-3,2023,17065.125,4000.0,32.0,4.0,8,1.5
34.2625,0.0825,4-6,2016,7145.0,1760.0,40.5,5.0625,8,5.0
34.2625,0.0825,4-6,2019,11952.25,2976.0,40.5,5.0625,8,5.0
34.2625,0.0825,4-6,2023,17623.375,3952.0,40.5,5.0625,8,5.0
34.2675,0.0825,13-,2016,4022.25,1104.0,35.0,4.375,8,20.0
34.2675,0.0825,13-,2019,6587.125,1728.0,35.0,4.375,8,20.0
34.2675,0.0825,13-,2023,8096.625,2064.0,35.0,4.375,8,20.0
34.2725,0.0825,0-3,2016,9512.75,2288.0,81.5,10.1875,8,1.5
34.2725,0.0825,0-3,2019,12370.125,2848.0,81.5,10.1875,8,1.5
34.2725,0.0825,0-3,2023,13526.625,3056.0,81.5,10.1875,8,1.5
34.2775,0.0825,13-,2016,39583.0,7936.0,35.0,5.833333333333333,6,20.0
34.2775,0.0825,13-,2019,46251.875,9136.0,35.0,5.833333333333333,6,20.0
34.2775,0.0825,13-,2023,58746.5,11472.0,35.0,5.833333333333333,6,20.0
34.3175,0.0825,0-3,2016,3329.25,992.0,32.5,4.642857142857143,7,1.5
34.3175,0.0825,0-3,2019,5518.875,1632.0,32.5,4.642857142857143,7,1.5
34.3175,0.0825,0-3,2023,6117.0,1712.0,32.5,4.642857142857143,7,1.5
34.3225,0.0825,4-6,2016,1166.375,336.0,47.5,6.785714285714286,7,5.0
34.3225,0.0825,4-6,2019,1510.375,448.0,47.5,6.785714285714286,7,5.0
34.3225,0.0825,4-6,2023,2299.875,624.0,47.5,6.785714285714286,7,5.0
34.3325,0.0825,7-9,2016,7837.625,2144.0,34.5,5.75,6,8.0
34.3325,0.0825,7-9,2019,10112.25,2736.0,34.5,5.75,6,8.0
34.3325,0.0825,7-9,2023,12945.375,3408.0,34.5,5.75,6,8.0
34.3375,0.0825,0-3,2016,3087.25,944.0,19.5,4.875,4,1.5
34.3375,0.0825,0-3,2019,4802.375,1408.0,19.5,4.875,4,1.5
34.3375,0.0825,0-3,2023,6868.75,1888.0,19.5,4.875,4,1.5
34.3675,0.0825,0-3,2016,1039.5,336.0,7.5,1.5,5,1.5
34.3675,0.0825,0-3,2019,2102.625,624.0,7.5,1.5,5,1.5
34.3675,0.0825,0-3,2023,4508.5,1200.0,7.5,1.5,5,1.5
34.3725,0.0825,0-3,2016,2905.125,720.0,6.0,1.5,4,1.5
34.3725,0.0825,0-3,2019,3485.75,864.0,6.0,1.5,4,1.5
34.3725,0.0825,0-3,2023,5084.125,1232.0,6.0,1.5,4,1.5
34.0675,0.0875,13-,2016,12833.75,3472.0,28.0,14.0,2,20.0
34.0675,0.0875,13-,2019,16287.875,4352.0,28.0,14.0,2,20.0
34.0675,0.0875,13-,2023,18818.125,4864.0,28.0,14.0,2,20.0
34.0725,0.0875,13-,2016,15172.25,3984.0,59.0,14.75,4,20.0
34.0725,0.0875,13-,2019,16035.25,4320.0,59.0,14.75,4,20.0
34.0725,0.0875,13-,2023,18283.625,4800.0,59.0,14.75,4,20.0
34.0775,0.0875,13-,2016,13728.875,2896.0,50.0,12.5,4,20.0
34.0775,0.0875,13-,2019,13890.875,3088.0,50.0,12.5,4,20.0
34.0775,0.0875,13-,2023,15809.75,3360.0,50.0,12.5,4,20.0
34.0875,0.0875,13-,2016,5741.0,1520.0,87.0,14.5,6,20.0
34.0875,0.0875,13-,2019,8220.125,2240.0,87.0,14.5,6,20.0
34.0875,0.0875,13-,2023,12295.0,3136.0,87.0,14.5,6,20.0
34.0925,0.0875,10-12,2016,31411.625,7472.0,105.0,17.5,6,11.0
34.0925,0.0875,10-12,2019,37520.125,8912.0,105.0,17.5,6,11.0
34.0925,0.0875,10-12,2023,47284.0,10784.0,105.0,17.5,6,11.0
34.1025,0.0875,13-,2016,9798.0,2608.0,92.5,15.416666666666666,6,20.0
34.1025,0.0875,13-,2019,12704.75,3536.0,92.5,15.416666666666666,6,20.0
34.1025,0.0875,13-,2023,19564.25,5072.0,92.5,15.416666666666666,6,20.0
34.1075,0.0875,13-,2016,3798.75,1024.0,102.0,12.75,8,20.0
34.1075,0.0875,13-,2019,4130.375,1136.0,102.0,12.75,8,20.0
34.1075,0.0875,13-,2023,4306.0,1088.0,102.0,12.75,8,20.0
34.1125,0.0875,7-9,2016,867.75,224.0,80.5,10.0625,8,8.0
34.1125,0.0875,7-9,2019,1469.625,400.0,80.5,10.0625,8,8.0
34.1125,0.0875,7-9,2023,1857.375,496.0,80.5,10.0625,8,8.0
34.1175,0.0875,0-3,2016,880.125,224.0,39.0,5.571428571428571,7,1.5
34.1175,0.0875,0-3,2019,689.375,176.0,39.0,5.571428571428571,7,1.5
34.1175,0.0875,0-3,2023,868.75,240.0,39.0,5.571428571428571,7,1.5
34.1225,0.0875,0-3,2016,4134.75,1072.0,14.0,2.0,7,1.5
34.1225,0.0875,0-3,2019,8929.125,2400.0,14.0,2.0,7,1.5
34.1225,0.0875,0-3,2023,9505.875,2448.0,14.0,2.0,7,1.5
34.1275,0.0875,0-3,2016,5343.5,1408.0,10.5,1.5,7,1.5
34.1275,0.0875,0-3,2019,9983.125,2672.0,10.5,1.5,7,1.5
34.1275,0.0875,0-3,2023,11698.125,2912.0,10.5,1.5,7,1.5
34.1325,0.0875,0-3,2016,11848.5,3040.0,9.0,1.5,6,1.5
34.1325,0.0875,0-3,2019,16414.0,4288.0,9.0,1.5,6,1.5
34.1325,0.0875,0-3,2023,20484.5,5200.0,9.0,1.5,6,1.5
34.1425,0.0875,0-3,2016,2581.125,720.0,4.5,1.5,3,1.5
34.1425,0.0875,0-3,2019,5128.625,1312.0,4.5,1.5,3,1.5
34.1425,0.0875,0-3,2023,6339.125,1536.0,4.5,1.5,3,1.5
34.1475,0.0875,0-3,2019,97.875,32.0,6.0,1.5,4,1.5
34.1475,0.0875,0-3,2023,119.125,32.0,6.0,1.5,4,1.5
34.1525,0.0875,0-3,2016,3917.0,928.0,6.0,1.5,4,1.5
34.1525,0.0875,0-3,2019,4885.25,1264.0,6.0,1.5,4,1.5
34.1525,0.0875,0-3,2023,8940.25,2176.0,6.0,1.5,4,1.5
34.1575,0.0875,0-3,2016,20671.125,4608.0,14.0,2.8,5,1.5
34.1575,0.0875,0-3,2019,25228.375,5968.0,14.0,2.8,5,1.5
34.1575,0.0875,0-3,2023,31874.625,7184.0,14.0,2.8,5,1.5
34.1625,0.0875,0-3,2016,14292.125,3424.0,14.0,2.8,5,1.5
34.1625,0.0875,0-3,2019,20121.5,4816.0,14.0,2.8,5,1.5
34.1625,0.0875,0-3,2023,25914.0,5840.0,14.0,2.8,5,1.5
34.1725,0.0875,4-6,2016,15327.25,3520.0,23.5,4.7,5,5.0
34.1725,0.0875,4-6,2019,20161.875,4672.0,23.5,4.7,5,5.0
34.1725,0.0875,4-6,2023,28561.125,6288.0,23.5,4.7,5,5.0
34.1775,0.0875,0-3,2016,11763.625,2832.0,33.5,6.7,5,1.5
34.1775,0.0875,0-3,2019,17298.625,4288.0,33.5,6.7,5,1.5
34.1775,0.0875,0-3,2023,19967.625,4656.0,33.5,6.7,5,1.5
34.1825,0.0875,7-9,2016,4647.5,1312.0,17.5,3.5,5,8.0
34.1825,0.0875,7-9,2019,6607.0,1840.0,17.5,3.5,5,8.0
34.1825,0.0875,7-9,2023,10199.125,2512.0,17.5,3.5,5,8.0
34.1875,0.0875,0-3,2016,6882.125,1792.0,14.5,4.833333333333333,3,1.5
34.1875,0.0875,0-3,2019,10203.625,2592.0,14.5,4.833333333333333,3,1.5
34.1875,0.0875,0-3,2023,9645.5,2368.0,14.5,4.833333333333333,3,1.5
34.2175,0.0875,4-6,2016,2673.375,720.0,22.5,3.75,6,5.0
34.2175,0.0875,4-6,2019,2794.75,736.0,22.5,3.75,6,5.0
34.2175,0.0875,4-6,2023,8121.75,1776.0,22.5,3.75,6,5.0
34.2225,0.0875,4-6,2016,5522.875,1296.0,22.5,3.75,6,5.0
34.2225,0.0875,4-6,2019,6682.875,1568.0,22.5,3.75,6,5.0
34.2225,0.0875,4-6,2023,9218.625,2096.0,22.5,3.75,6,5.0
34.2375,0.0875,0-3,2016,9966.625,2672.0,25.0,4.166666666666667,6,1.5
34.2375,0.0875,0-3,2019,13467.375,3520.0,25.0,4.166666666666667,6,1.5
34.2375,0.0875,0-3,2023,17561.75,4400.0,25.0,4.166666666666667,6,1.5
34.2425,0.0875,0-3,2016,7284.875,1904.0,18.5,3.0833333333333335,6,1.5
34.2425,0.0875,0-3,2019,8144.875,2176.0,18.5,3.0833333333333335,6,1.5
34.2425,0.0875,0-3,2023,14776.375,3600.0,18.5,3.0833333333333335,6,1.5
34.2475,0.0875,0-3,2016,596.5,160.0,12.5,2.0833333333333335,6,1.5
34.2475,0.0875,0-3,2019,934.75,272.0,12.5,2.0833333333333335,6,1.5
34.2475,0.0875,0-3,2023,1028.875,288.0,12.5,2.0833333333333335,6,1.5
34.2525,0.0875,0-3,2016,9798.875,2192.0,36.0,5.142857142857143,7,1.5
34.2525,0.0875,0-3,2019,13064.25,2816.0,36.0,5.142857142857143,7,1.5
34.2525,0.0875,0-3,2023,15715.875,3248.0,36.0,5.142857142857143,7,1.5
34.2575,0.0875,4-6,2016,5862.875,1456.0,44.0,5.5,8,5.0
34.2575,0.0875,4-6,2019,7681.25,1936.0,44.0,5.5,8,5.0
34.2575,0.0875,4-6,2023,10437.125,2464.0,44.0,5.5,8,5.0
34.2625,0.0875,0-3,2016,8854.375,2192.0,81.0,10.125,8,1.5
34.2625,0.0875,0-3,2019,11628.875,2784.0,81.0,10.125,8,1.5
34.2625,0.0875,0-3,2023,15220.75,3424.0,81.0,10.125,8,1.5
34.2675,0.0875,0-3,2016,6565.125,1792.0,72.0,9.0,8,1.5
34.2675,0.0875,0-3,2019,10270.25,2608.0,72.0,9.0,8,1.5
34.2675,0.0875,0-3,2023,10480.375,2608.0,72.0,9.0,8,1.5
34.2725,0.0875,7-9,2016,5966.375,1584.0,93.0,11.625,8,8.0
34.2725,0.0875,7-9,2019,7667.75,2096.0,93.0,11.625,8,8.0
34.2725,0.0875,7-9,2023,9275.25,2304.0,93.0,11.625,8,8.0
34.2775,0.0875,10-12,2016,4658.0,1280.0,48.5,9.7,5,11.0
34.2775,0.0875,10-12,2019,6601.5,1856.0,48.5,9.7,5,11.0
34.2775,0.0875,10-12,2023,7360.0,1920.0,48.5,9.7,5,11.0
34.3075,0.0875,0-3,2016,5147.625,1424.0,34.5,8.625,4,1.5
34.3075,0.0875,0-3,2019,7886.25,1952.0,34.5,8.625,4,1.5
34.3075,0.0875,0-3,2023,10657.375,2624.0,34.5,8.625,4,1.5
34.3125,0.0875,0-3,2016,3478.625,1024.0,34.0,5.666666666666667,6,1.5
34.3125,0.0875,0-3,2019,7549.875,2000.0,34.0,5.666666666666667,6,1.5
34.3125,0.0875,0-3,2023,10492.875,2528.0,34.0,5.666666666666667,6,1.5
34.3175,0.0875,0-3,2016,4793.25,1344.0,20.5,2.9285714285714284,7,1.5
34.3175,0.0875,0-3,2019,7116.75,2048.0,20.5,2.9285714285714284,7,1.5
34.3175,0.0875,0-3,2023,8327.375,2224.0,20.5,2.9285714285714284,7,1.5
34.3225,0.0875,0-3,2016,2310.875,688.0,14.0,2.0,7,1.5
34.3225,0.0875,0-3,2019,2948.625,832.0,14.0,2.0,7,1.5
34.3225,0.0875,0-3,2023,4525.625,1216.0,14.0,2.0,7,1.5
34.3275,0.0875,0-3,2016,6399.5,1760.0,19.0,3.1666666666666665,6,1.5
34.3275,0.0875,0-3,2019,7187.125,1920.0,19.0,3.1666666666666665,6,1.5
34.3275,0.0875,0-3,2023,8823.25,2256.0,19.0,3.1666666666666665,6,1.5
34.3325,0.0875,0-3,2016,7075.625,1936.0,12.5,3.125,4,1.5
34.3325,0.0875,0-3,2019,7762.625,2096.0,12.5,3.125,4,1.5
34.3325,0.0875,0-3,2023,11915.875,2960.0,12.5,3.125,4,1.5
34.3675,0.0875,0-3,2016,1362.5,416.0,3.0,1.5,2,1.5
34.3675,0.0875,0-3,2019,2352.375,624.0,3.0,1.5,2,1.5
34.3675,0.0875,0-3,2023,3288.75,832.0,3.0,1.5,2,1.5
34.0875,0.0925,13-,2016,3054.625,800.0,46.0,9.2,5,20.0
34.0875,0.0925,13-,2019,3586.25,976.0,46.0,9.2,5,20.0
34.0875,0.0925,13-,2023,3968.75,1072.0,46.0,9.2,5,20.0
34.0925,0.0925,4-6,2016,3251.25,832.0,92.0,13.142857142857142,7,5.0
34.0925,0.0925,4-6,2019,3696.75,928.0,92.0,13.142857142857142,7,5.0
34.0925,0.0925,4-6,2023,6653.25,1584.0,92.0,13.142857142857142,7,5.0
34.0975,0.0925,13-,2016,15015.625,3984.0,55.0,7.857142857142857,7,20.0
34.0975,0.0925,13-,2019,21684.875,5600.0,55.0,7.857142857142857,7,20.0
34.0975,0.0925,13-,2023,26170.25,6480.0,55.0,7.857142857142857,7,20.0
34.1025,0.0925,0-3,2016,5453.25,1504.0,85.0,12.142857142857142,7,1.5
34.1025,0.0925,0-3,2019,10943.75,2976.0,85.0,12.142857142857142,7,1.5
34.1025,0.0925,0-3,2023,12745.625,3312.0,85.0,12.142857142857142,7,1.5
34.1075,0.0925,10-12,2016,4305.625,1152.0,55.5,6.9375,8,11.0
34.1075,0.0925,10-12,2019,7156.0,1936.0,55.5,6.9375,8,11.0
34.1075,0.0925,10-12,2023,6585.5,1792.0,55.5,6.9375,8,11.0
34.1125,0.0925,0-3,2016,7095.75,1696.0,46.5,5.8125,8,1.5
34.1125,0.0925,0-3,2019,8233.625,1952.0,46.5,5.8125,8,1.5
34.1125,0.0925,0-3,2023,10196.75,2320.0,46.5,5.8125,8,1.5
34.1175,0.0925,0-3,2016,7625.625,1952.0,17.0,2.4285714285714284,7,1.5
34.1175,0.0925,0-3,2019,16014.0,3952.0,17.0,2.4285714285714284,7,1.5
34.1175,0.0925,0-3,2023,18799.125,4560.0,17.0,2.4285714285714284,7,1.5
34.1225,0.0925,0-3,2016,7712.875,1904.0,9.0,1.5,6,1.5
34.1225,0.0925,0-3,2019,13335.125,3328.0,9.0,1.5,6,1.5
34.1225,0.0925,0-3,2023,19980.5,4656.0,9.0,1.5,6,1.5
34.1275,0.0925,0-3,2016,8805.75,2320.0,9.0,1.5,6,1.5
34.1275,0.0925,0-3,2019,13116.0,3392.0,9.0,1.5,6,1.5
34.1275,0.0925,0-3,2023,15982.0,4224.0,9.0,1.5,6,1.5
34.1325,0.0925,0-3,2016,10907.5,2736.0,15.5,2.5833333333333335,6,1.5
34.1325,0.0925,0-3,2019,16611.5,4288.0,15.5,2.5833333333333335,6,1.5
34.1325,0.0925,0-3,2023,21059.875,5200.0,15.5,2.5833333333333335,6,1.5
34.1375,0.0925,0-3,2016,20940.625,4720.0,15.5,2.5833333333333335,6,1.5
34.1375,0.0925,0-3,2019,31669.125,7040.0,15.5,2.5833333333333335,6,1.5
34.1375,0.0925,0-3,2023,37705.375,8320.0,15.5,2.5833333333333335,6,1.5
34.1425,0.0925,0-3,2016,6920.625,1760.0,12.5,3.125,4,1.5
34.1425,0.0925,0-3,2019,11896.25,2976.0,12.5,3.125,4,1.5
34.1425,0.0925,0-3,2023,14488.375,3424.0,12.5,3.125,4,1.5
34.1675,0.0925,0-3,2016,12992.0,3264.0,9.5,2.375,4,1.5
34.1675,0.0925,0-3,2019,14525.75,3616.0,9.5,2.375,4,1.5
34.1675,0.0925,0-3,2023,17900.0,4272.0,9.5,2.375,4,1.5
34.2125,0.0925,0-3,2016,5986.75,1600.0,24.0,4.8,5,1.5
34.2125,0.0925,0-3,2019,9248.125,2624.0,24.0,4.8,5,1.5
34.2125,0.0925,0-3,2023,11429.0,3072.0,24.0,4.8,5,1.5
34.2175,0.0925,7-9,2016,6576.375,1824.0,34.0,4.857142857142857,7,8.0
34.2175,0.0925,7-9,2019,7003.25,1856.0,34.0,4.857142857142857,7,8.0
34.2175,0.0925,7-9,2023,11150.5,2784.0,34.0,4.857142857142857,7,8.0
34.2225,0.0925,4-6,2016,6364.625,1520.0,43.5,6.214285714285714,7,5.0
34.2225,0.0925,4-6,2019,9422.125,2256.0,43.5,6.214285714285714,7,5.0
34.2225,0.0925,4-6,2023,12260.875,2944.0,43.5,6.214285714285714,7,5.0
34.2275,0.0925,0-3,2016,11467.125,3008.0,34.0,6.8,5,1.5
34.2275,0.0925,0-3,2019,14430.0,3792.0,34.0,6.8,5,1.5
34.2275,0.0925,0-3,2023,21137.875,4816.0,34.0,6.8,5,1.5
34.2325,0.0925,7-9,2016,13324.875,3296.0,23.5,4.7,5,8.0
34.2325,0.0925,7-9,2019,20061.75,4896.0,23.5,4.7,5,8.0
34.2325,0.0925,7-9,2023,31626.375,7184.0,23.5,4.7,5,8.0
34.2375,0.0925,10-12,2016,6516.375,1776.0,12.5,3.125,4,11.0
34.2375,0.0925,10-12,2019,7677.125,2000.0,12.5,3.125,4,11.0
34.2375,0.0925,10-12,2023,10951.625,2640.0,12.5,3.125,4,11.0
34.2525,0.0925,0-3,2016,4650.5,1216.0,32.5,4.642857142857143,7,1.5
34.2525,0.0925,0-3,2019,5799.75,1440.0,32.5,4.642857142857143,7,1.5
34.2525,0.0925,0-3,2023,5466.75,1312.0,32.5,4.642857142857143,7,1.5
34.2575,0.0925,13-,2016,7598.625,1824.0,31.5,3.9375,8,20.0
34.2575,0.0925,13-,2019,8457.625,2096.0,31.5,3.9375,8,20.0
34.2575,0.0925,13-,2023,9146.625,2272.0,31.5,3.9375,8,20.0
34.2625,0.0925,7-9,2016,4969.0,1296.0,65.5,8.1875,8,8.0
34.2625,0.0925,7-9,2019,7518.0,1872.0,65.5,8.1875,8,8.0
34.2625,0.0925,7-9,2023,8107.375,1984.0,65.5,8.1875,8,8.0
34.2675,0.0925,13-,2016,12927.125,3328.0,48.0,6.0,8,20.0
34.2675,0.0925,13-,2019,13902.5,3552.0,48.0,6.0,8,20.0
34.2675,0.0925,13-,2023,22879.5,5424.0,48.0,6.0,8,20.0
34.2725,0.0925,7-9,2016,6797.25,1776.0,81.5,10.1875,8,8.0
34.2725,0.0925,7-9,2019,8777.375,2336.0,81.5,10.1875,8,8.0
34.2725,0.0925,7-9,2023,12049.125,2928.0,81.5,10.1875,8,8.0
34.2775,0.0925,10-12,2016,5206.25,1360.0,52.0,10.4,5,11.0
34.2775,0.0925,10-12,2019,8123.0,2208.0,52.0,10.4,5,11.0
34.2775,0.0925,10-12,2023,9057.0,2160.0,52.0,10.4,5,11.0
34.3025,0.0925,4-6,2016,8784.875,2272.0,52.5,13.125,4,5.0
34.3025,0.0925,4-6,2019,9158.5,2400.0,52.5,13.125,4,5.0
34.3025,0.0925,4-6,2023,11516.0,2944.0,52.5,13.125,4,5.0
34.3075,0.0925,13-,2016,5019.125,1392.0,67.0,9.571428571428571,7,20.0
34.3075,0.0925,13-,2019,6333.0,1760.0,67.0,9.571428571428571,7,20.0
34.3075,0.0925,13-,2023,7187.0,1968.0,67.0,9.571428571428571,7,20.0
34.3125,0.0925,7-9,2016,5542.875,1456.0,67.5,8.4375,8,8.0
34.3125,0.0925,7-9,2019,10404.75,2544.0,67.5,8.4375,8,8.0
34.3125,0.0925,7-9,2023,11463.875,2736.0,67.5,8.4375,8,8.0
34.3175,0.0925,0-3,2016,3352.0,1008.0,37.0,4.625,8,1.5
34.3175,0.0925,0-3,2019,4958.0,1424.0,37.0,4.625,8,1.5
34.3175,0.0925,0-3,2023,6016.75,1616.0,37.0,4.625,8,1.5
34.3225,0.0925,0-3,2016,11589.0,2912.0,12.0,1.5,8,1.5
34.3225,0.0925,0-3,2019,14117.125,3632.0,12.0,1.5,8,1.5
34.3225,0.0925,0-3,2023,21269.25,4848.0,12.0,1.5,8,1.5
34.3275,0.0925,0-3,2016,6702.25,1856.0,10.5,1.5,7,1.5
34.3275,0.0925,0-3,2019,7702.25,2064.0,10.5,1.5,7,1.5
34.3275,0.0925,0-3,2023,13454.125,3248.0,10.5,1.5,7,1.5
34.0875,0.0975,4-6,2016,1000.125,256.0,61.0,12.2,5,5.0
34.0875,0.0975,4-6,2019,2204.25,576.0,61.0,12.2,5,5.0
34.0875,0.0975,4-6,2023,2790.25,736.0,61.0,12.2,5,5.0
34.0925,0.0975,4-6,2016,4176.625,1088.0,100.0,12.5,8,5.0
34.0925,0.0975,4-6,2019,5786.125,1504.0,100.0,12.5,8,5.0
34.0925,0.0975,4-6,2023,11459.375,2880.0,100.0,12.5,8,5.0
34.0975,0.0975,10-12,2016,7521.0,2000.0,63.0,7.875,8,11.0
34.0975,0.0975,10-12,2019,12007.5,3216.0,63.0,7.875,8,11.0
34.0975,0.0975,10-12,2023,19851.625,4832.0,63.0,7.875,8,11.0
34.1025,0.0975,0-3,2016,15641.125,3984.0,84.0,10.5,8,1.5
34.1025,0.0975,0-3,2019,27003.875,6592.0,84.0,10.5,8,1.5
34.1025,0.0975,0-3,2023,35760.875,8416.0,84.0,10.5,8,1.5
34.1075,0.0975,0-3,2016,5424.5,1440.0,49.5,6.1875,8,1.5
34.1075,0.0975,0-3,2019,8032.0,2080.0,49.5,6.1875,8,1.5
34.1075,0.0975,0-3,2023,10771.125,2688.0,49.5,6.1875,8,1.5
34.1125,0.0975,0-3,2016,7023.125,1824.0,40.0,5.0,8,1.5
34.1125,0.0975,0-3,2019,12634.25,3216.0,40.0,5.0,8,1.5
34.1125,0.0975,0-3,2023,16392.375,3920.0,40.0,5.0,8,1.5
34.1175,0.0975,0-3,2016,5301.0,1408.0,10.5,1.5,7,1.5
34.1175,0.0975,0-3,2019,8563.25,2208.0,10.5,1.5,7,1.5
34.1175,0.0975,0-3,2023,8828.25,2144.0,10.5,1.5,7,1.5
34.1325,0.0975,0-3,2016,8888.25,2176.0,57.5,8.214285714285714,7,1.5
34.1325,0.0975,0-3,2019,13891.375,3200.0,57.5,8.214285714285714,7,1.5
34.1325,0.0975,0-3,2023,16524.0,3840.0,57.5,8.214285714285714,7,1.5
34.1375,0.0975,7-9,2016,18707.75,4672.0,32.5,4.642857142857143,7,8.0
34.1375,0.0975,7-9,2019,21984.125,5360.0,32.5,4.642857142857143,7,8.0
34.1375,0.0975,7-9,2023,27588.5,6400.0,32.5,4.642857142857143,7,8.0
34.1625,0.0975,0-3,2016,7052.0,1856.0,22.0,5.5,4,1.5
34.1625,0.0975,0-3,2019,9367.625,2368.0,22.0,5.5,4,1.5
34.1625,0.0975,0-3,2023,12512.375,2976.0,22.0,5.5,4,1.5
34.1675,0.0975,0-3,2016,6633.125,1472.0,27.0,5.4,5,1.5
34.1675,0.0975,0-3,2019,12320.375,2816.0,27.0,5.4,5,1.5
34.1675,0.0975,0-3,2023,25171.125,4896.0,27.0,5.4,5,1.5
34.2025,0.0975,0-3,2016,4985.25,1296.0,4.5,1.5,3,1.5
34.2025,0.0975,0-3,2019,6038.375,1504.0,4.5,1.5,3,1.5
34.2025,0.0975,0-3,2023,8746.375,2208.0,4.5,1.5,3,1.5
34.2075,0.0975,0-3,2016,1554.125,432.0,7.5,1.5,5,1.5
34.2075,0.0975,0-3,2019,2560.0,688.0,7.5,1.5,5,1.5
34.2075,0.0975,0-3,2023,4376.75,1136.0,7.5,1.5,5,1.5
34.2125,0.0975,0-3,2016,5174.75,1472.0,22.0,3.6666666666666665,6,1.5
34.2125,0.0975,0-3,2019,6139.25,1728.0,22.0,3.6666666666666665,6,1.5
34.2125,0.0975,0-3,2023,10085.25,2688.0,22.0,3.6666666666666665,6,1.5
34.2175,0.0975,7-9,2016,5635.375,1552.0,27.0,3.857142857142857,7,8.0
34.2175,0.0975,7-9,2019,7414.375,2048.0,27.0,3.857142857142857,7,8.0
34.2175,0.0975,7-9,2023,10873.75,2816.0,27.0,3.857142857142857,7,8.0
34.2225,0.0975,7-9,2016,6637.75,1728.0,35.0,4.375,8,8.0
34.2225,0.0975,7-9,2019,11735.375,2928.0,35.0,4.375,8,8.0
34.2225,0.0975,7-9,2023,13079.875,3216.0,35.0,4.375,8,8.0
34.2275,0.0975,7-9,2016,6381.625,1808.0,25.5,4.25,6,8.0
34.2275,0.0975,7-9,2019,8541.875,2368.0,25.5,4.25,6,8.0
34.2275,0.0975,7-9,2023,12562.75,3184.0,25.5,4.25,6,8.0
34.2375,0.0975,0-3,2016,150.625,32.0,19.0,9.5,2,1.5
34.2375,0.0975,0-3,2019,161.25,48.0,19.0,9.5,2,1.5
34.2375,0.0975,0-3,2023,280.25,80.0,19.0,9.5,2,1.5
34.2475,0.0975,0-3,2016,1692.5,448.0,4.5,1.5,3,1.5
34.2475,0.0975,0-3,2019,3730.75,960.0,4.5,1.5,3,1.5
34.2475,0.0975,0-3,2023,3708.625,944.0,4.5,1.5,3,1.5
34.2525,0.0975,0-3,2016,9268.625,2416.0,31.0,5.166666666666667,6,1.5
34.2525,0.0975,0-3,2019,12187.75,3072.0,31.0,5.166666666666667,6,1.5
34.2525,0.0975,0-3,2023,15529.125,3776.0,31.0,5.166666666666667,6,1.5
34.2575,0.0975,0-3,2016,6373.875,1712.0,53.5,6.6875,8,1.5
34.2575,0.0975,0-3,2019,7821.25,2032.0,53.5,6.6875,8,1.5
34.2575,0.0975,0-3,2023,13965.75,3344.0,53.5,6.6875,8,1.5
34.2625,0.0975,10-12,2016,6402.875,1776.0,84.5,10.5625,8,11.0
34.2625,0.0975,10-12,2019,7547.125,2096.0,84.5,10.5625,8,11.0
34.2625,0.0975,10-12,2023,8070.125,2016.0,84.5,10.5625,8,11.0
34.2675,0.0975,4-6,2016,5983.25,1600.0,78.5,9.8125,8,5.0
34.2675,0.0975,4-6,2019,7705.875,1968.0,78.5,9.8125,8,5.0
34.2675,0.0975,4-6,2023,9777.125,2416.0,78.5,9.8125,8,5.0
34.2725,0.0975,4-6,2016,10752.375,2768.0,105.5,13.1875,8,5.0
34.2725,0.0975,4-6,2019,12194.625,3152.0,105.5,13.1875,8,5.0
34.2725,0.0975,4-6,2023,16442.5,3952.0,105.5,13.1875,8,5.0
34.2775,0.0975,13-,2016,8242.75,2000.0,50.5,8.416666666666666,6,20.0
34.2775,0.0975,13-,2019,11430.5,2944.0,50.5,8.416666666666666,6,20.0
34.2775,0.0975,13-,2023,13943.125,3280.0,50.5,8.416666666666666,6,20.0
34.2875,0.0975,0-3,2016,14412.25,3280.0,9.5,2.375,4,1.5
34.2875,0.0975,0-3,2019,18433.75,4384.0,9.5,2.375,4,1.5
34.2875,0.0975,0-3,2023,35238.75,6336.0,9.5,2.375,4,1.5
34.2925,0.0975,0-3,2016,8396.125,2064.0,6.0,1.5,4,1.5
34.2925,0.0975,0-3,2019,11920.0,2912.0,6.0,1.5,4,1.5
34.2925,0.0975,0-3,2023,15797.875,3664.0,6.0,1.5,4,1.5
34.3025,0.0975,10-12,2016,4612.5,1248.0,62.5,10.416666666666666,6,11.0
34.3025,0.0975,10-12,2019,7235.5,1840.0,62.5,10.416666666666666,6,11.0
34.3025,0.0975,10-12,2023,8519.125,2080.0,62.5,10.416666666666666,6,11.0
34.3075,0.0975,13-,2016,7174.625,2000.0,81.5,10.1875,8,20.0
34.3075,0.0975,13-,2019,9502.0,2544.0,81.5,10.1875,8,20.0
34.3075,0.0975,13-,2023,11813.375,3120.0,81.5,10.1875,8,20.0
34.3125,0.0975,13-,2016,7217.75,1920.0,59.0,7.375,8,20.0
34.3125,0.0975,13-,2019,7178.375,2000.0,59.0,7.375,8,20.0
34.3125,0.0975,13-,2023,10625.375,2784.0,59.0,7.375,8,20.0
34.3175,0.0975,0-3,2016,5441.25,1472.0,37.0,4.625,8,1.5
34.3175,0.0975,0-3,2019,7157.25,1952.0,37.0,4.625,8,1.5
34.3175,0.0975,0-3,2023,8527.25,2048.0,37.0,4.625,8,1.5
34.3225,0.0975,0-3,2016,16605.25,3952.0,12.0,1.5,8,1.5
34.3225,0.0975,0-3,2019,19412.25,4416.0,12.0,1.5,8,1.5
34.3225,0.0975,0-3,2023,27395.75,5760.0,12.0,1.5,8,1.5
34.3275,0.0975,0-3,2016,7393.375,2128.0,10.5,1.5,7,1.5
34.3275,0.0975,0-3,2019,10817.375,2960.0,10.5,1.5,7,1.5
34.3275,0.0975,0-3,2023,13290.125,3296.0,10.5,1.5,7,1.5
34.3325,0.0975,0-3,2016,4965.5,1328.0,6.0,1.5,4,1.5
34.3325,0.0975,0-3,2019,5678.0,1520.0,6.0,1.5,4,1.5
34.3325,0.0975,0-3,2023,6930.75,1776.0,6.0,1.5,4,1.5
34.3425,0.0975,0-3,2016,11932.5,2736.0,4.5,1.5,3,1.5
34.3425,0.0975,0-3,2019,14401.25,3312.0,4.5,1.5,3,1.5
34.3425,0.0975,0-3,2023,15121.25,3424.0,4.5,1.5,3,1.5
34.3475,0.0975,0-3,2016,3682.0,832.0,7.5,1.5,5,1.5
34.3475,0.0975,0-3,2019,7236.875,1792.0,7.5,1.5,5,1.5
34.3475,0.0975,0-3,2023,8838.5,2112.0,7.5,1.5,5,1.5
34.3525,0.0975,0-3,2016,4750.875,1344.0,7.5,1.5,5,1.5
34.3525,0.0975,0-3,2019,6094.0,1664.0,7.5,1.5,5,1.5
34.3525,0.0975,0-3,2023,11267.625,2944.0,7.5,1.5,5,1.5
34.3575,0.0975,0-3,2016,3692.5,1120.0,6.0,1.5,4,1.5
34.3575,0.0975,0-3,2019,5537.25,1568.0,6.0,1.5,4,1.5
34.3575,0.0975,0-3,2023,6524.5,1808.0,6.0,1.5,4,1.5
34.0775,0.1025,0-3,2016,1792.125,464.0,11.0,3.6666666666666665,3,1.5
34.0775,0.1025,0-3,2019,2099.625,512.0,11.0,3.6666666666666665,3,1.5
34.0775,0.1025,0-3,2023,1897.0,464.0,11.0,3.6666666666666665,3,1.5
34.0875,0.1025,13-,2016,6421.125,1696.0,62.5,10.416666666666666,6,20.0
34.0875,0.1025,13-,2019,7022.875,1888.0,62.5,10.416666666666666,6,20.0
34.0875,0.1025,13-,2023,7037.375,1824.0,62.5,10.416666666666666,6,20.0
34.0925,0.1025,10-12,2016,4427.625,1216.0,94.0,11.75,8,11.0
34.0925,0.1025,10-12,2019,9512.875,2512.0,94.0,11.75,8,11.0
34.0925,0.1025,10-12,2023,9657.25,2448.0,94.0,11.75,8,11.0
34.0975,0.1025,7-9,2016,7575.0,1920.0,84.5,10.5625,8,8.0
34.0975,0.1025,7-9,2019,8637.75,2176.0,84.5,10.5625,8,8.0
34.0975,0.1025,7-9,2023,13878.625,3232.0,84.5,10.5625,8,8.0
34.1025,0.1025,10-12,2016,15402.75,4032.0,87.0,10.875,8,11.0
34.1025,0.1025,10-12,2019,21197.75,5328.0,87.0,10.875,8,11.0
34.1025,0.1025,10-12,2023,27974.75,6544.0,87.0,10.875,8,11.0
34.1075,0.1025,13-,2016,10215.25,2688.0,58.5,7.3125,8,20.0
34.1075,0.1025,13-,2019,17319.125,4400.0,58.5,7.3125,8,20.0
34.1075,0.1025,13-,2023,35700.5,7728.0,58.5,7.3125,8,20.0
34.1125,0.1025,0-3,2016,4804.625,1344.0,55.5,6.9375,8,1.5
34.1125,0.1025,0-3,2019,11526.375,3024.0,55.5,6.9375,8,1.5
34.1125,0.1025,0-3,2023,15404.125,3856.0,55.5,6.9375,8,1.5
34.1175,0.1025,0-3,2016,856.875,240.0,17.0,2.4285714285714284,7,1.5
34.1175,0.1025,0-3,2019,4910.625,1104.0,17.0,2.4285714285714284,7,1.5
34.1175,0.1025,0-3,2023,6267.375,1424.0,17.0,2.4285714285714284,7,1.5
34.1225,0.1025,0-3,2016,9657.625,2592.0,40.5,6.75,6,1.5
34.1225,0.1025,0-3,2019,14206.125,3600.0,40.5,6.75,6,1.5
34.1225,0.1025,0-3,2023,20464.875,4848.0,40.5,6.75,6,1.5
34.1275,0.1025,13-,2016,12843.75,3408.0,22.5,3.75,6,20.0
34.1275,0.1025,13-,2019,15217.25,4048.0,22.5,3.75,6,20.0
34.1275,0.1025,13-,2023,19352.875,4800.0,22.5,3.75,6,20.0
34.1325,0.1025,4-6,2016,2631.0,784.0,67.5,9.642857142857142,7,5.0
34.1325,0.1025,4-6,2019,5678.75,1504.0,67.5,9.642857142857142,7,5.0
34.1325,0.1025,4-6,2023,7707.125,1856.0,67.5,9.642857142857142,7,5.0
34.1375,0.1025,13-,2016,4501.25,1216.0,34.0,4.857142857142857,7,20.0
34.1375,0.1025,13-,2019,6831.375,1744.0,34.0,4.857142857142857,7,20.0
34.1375,0.1025,13-,2023,11046.375,2688.0,34.0,4.857142857142857,7,20.0
34.1425,0.1025,0-3,2016,13165.125,3328.0,42.5,8.5,5,1.5
34.1425,0.1025,0-3,2019,17979.375,4352.0,42.5,8.5,5,1.5
34.1425,0.1025,0-3,2023,22598.75,5136.0,42.5,8.5,5,1.5
34.1525,0.1025,0-3,2016,7785.0,1952.0,4.5,1.5,3,1.5
34.1525,0.1025,0-3,2019,10830.75,2640.0,4.5,1.5,3,1.5
34.1525,0.1025,0-3,2023,12075.375,2832.0,4.5,1.5,3,1.5
34.1625,0.1025,7-9,2016,5232.75,1376.0,25.0,4.166666666666667,6,8.0
34.1625,0.1025,7-9,2019,7497.875,2048.0,25.0,4.166666666666667,6,8.0
34.1625,0.1025,7-9,2023,11531.375,2896.0,25.0,4.166666666666667,6,8.0
34.1675,0.1025,10-12,2016,10760.125,3008.0,30.5,4.357142857142857,7,11.0
34.1675,0.1025,10-12,2019,19528.25,4192.0,30.5,4.357142857142857,7,11.0
34.1675,0.1025,10-12,2023,28660.75,5744.0,30.5,4.357142857142857,7,11.0
34.1725,0.1025,4-6,2016,3820.75,1040.0,47.0,7.833333333333333,6,5.0
34.1725,0.1025,4-6,2019,6646.625,1680.0,47.0,7.833333333333333,6,5.0
34.1725,0.1025,4-6,2023,7565.375,1840.0,47.0,7.833333333333333,6,5.0
34.1775,0.1025,13-,2016,11997.75,2928.0,21.0,4.2,5,20.0
34.1775,0.1025,13-,2019,16281.0,4016.0,21.0,4.2,5,20.0
34.1775,0.1025,13-,2023,19723.25,4752.0,21.0,4.2,5,20.0
34.1825,0.1025,7-9,2016,7347.5,2048.0,29.5,5.9,5,8.0
34.1825,0.1025,7-9,2019,12697.875,3360.0,29.5,5.9,5,8.0
34.1825,0.1025,7-9,2023,14747.5,3680.0,29.5,5.9,5,8.0
34.1875,0.1025,0-3,2016,8960.75,2192.0,22.5,5.625,4,1.5
34.1875,0.1025,0-3,2019,10091.0,2640.0,22.5,5.625,4,1.5
34.1875,0.1025,0-3,2023,13688.0,3376.0,22.5,5.625,4,1.5
34.2025,0.1025,0-3,2016,6308.375,1776.0,15.5,2.5833333333333335,6,1.5
34.2025,0.1025,0-3,2019,7536.875,2144.0,15.5,2.5833333333333335,6,1.5
34.2025,0.1025,0-3,2023,12722.125,3152.0,15.5,2.5833333333333335,6,1.5
34.2075,0.1025,0-3,2016,7183.375,1920.0,15.5,2.5833333333333335,6,1.5
34.2075,0.1025,0-3,2019,10650.75,2832.0,15.5,2.5833333333333335,6,1.5
34.2075,0.1025,0-3,2023,16263.125,4032.0,15.5,2.5833333333333335,6,1.5
34.2175,0.1025,0-3,2016,1913.375,560.0,22.0,3.6666666666666665,6,1.5
34.2175,0.1025,0-3,2019,2343.625,656.0,22.0,3.6666666666666665,6,1.5
34.2175,0.1025,0-3,2023,2267.875,624.0,22.0,3.6666666666666665,6,1.5
34.2225,0.1025,0-3,2016,2795.625,800.0,35.0,4.375,8,1.5
34.2225,0.1025,0-3,2019,4748.875,1328.0,35.0,4.375,8,1.5
34.2225,0.1025,0-3,2023,5366.125,1424.0,35.0,4.375,8,1.5
34.2275,0.1025,0-3,2019,171.125,48.0,24.0,4.8,5,1.5
34.2275,0.1025,0-3,2023,156.25,48.0,24.0,4.8,5,1.5
34.2525,0.1025,0-3,2016,4095.375,1152.0,22.0,3.6666666666666665,6,1.5
34.2525,0.1025,0-3,2019,4602.125,1280.0,22.0,3.6666666666666665,6,1.5
34.2525,0.1025,0-3,2023,6625.375,1600.0,22.0,3.6666666666666665,6,1.5
34.2575,0.1025,4-6,2016,5411.75,1488.0,34.5,4.3125,8,5.0
34.2575,0.1025,4-6,2019,6977.25,1984.0,34.5,4.3125,8,5.0
34.2575,0.1025,4-6,2023,7605.875,2000.0,34.5,4.3125,8,5.0
34.2625,0.1025,4-6,2016,6695.125,1872.0,56.5,7.0625,8,5.0
34.2625,0.1025,4-6,2019,7856.75,2208.0,56.5,7.0625,8,5.0
34.2625,0.1025,4-6,2023,8543.875,2272.0,56.5,7.0625,8,5.0
34.2675,0.1025,13-,2016,6344.125,1744.0,32.0,4.0,8,20.0
34.2675,0.1025,13-,2019,7878.375,2192.0,32.0,4.0,8,20.0
34.2675,0.1025,13-,2023,9874.625,2544.0,32.0,4.0,8,20.0
34.2725,0.1025,0-3,2016,6927.75,1952.0,73.0,10.428571428571429,7,1.5
34.2725,0.1025,0-3,2019,9064.75,2384.0,73.0,10.428571428571429,7,1.5
34.2725,0.1025,0-3,2023,10673.5,2704.0,73.0,10.428571428571429,7,1.5
34.2775,0.1025,13-,2016,8860.625,2288.0,34.5,5.75,6,20.0
34.2775,0.1025,13-,2019,11192.75,2928.0,34.5,5.75,6,20.0
34.2775,0.1025,13-,2023,15716.125,3872.0,34.5,5.75,6,20.0
34.2825,0.1025,4-6,2016,13723.75,3408.0,44.5,8.9,5,5.0
34.2825,0.1025,4-6,2019,16877.125,4256.0,44.5,8.9,5,5.0
34.2825,0.1025,4-6,2023,25377.625,5632.0,44.5,8.9,5,5.0
34.2875,0.1025,0-3,2016,15554.0,3552.0,12.5,2.0833333333333335,6,1.5
34.2875,0.1025,0-3,2019,22683.875,5232.0,12.5,2.0833333333333335,6,1.5
34.2875,0.1025,0-3,2023,31665.125,6608.0,12.5,2.0833333333333335,6,1.5
34.2925,0.1025,0-3,2016,8142.75,2048.0,9.0,1.5,6,1.5
34.2925,0.1025,0-3,2019,11030.625,2880.0,9.0,1.5,6,1.5
34.2925,0.1025,0-3,2023,18481.875,4064.0,9.0,1.5,6,1.5
34.2975,0.1025,0-3,2016,2453.875,672.0,39.0,5.571428571428571,7,1.5
34.2975,0.1025,0-3,2019,3778.375,1056.0,39.0,5.571428571428571,7,1.5
34.2975,0.1025,0-3,2023,4778.5,1280.0,39.0,5.571428571428571,7,1.5
34.3025,0.1025,10-12,2016,5454.5,1456.0,61.0,8.714285714285714,7,11.0
34.3025,0.1025,10-12,2019,5861.25,1552.0,61.0,8.714285714285714,7,11.0
34.3025,0.1025,10-12,2023,7657.875,2000.0,61.0,8.714285714285714,7,11.0
34.3075,0.1025,4-6,2016,14814.125,3616.0,87.0,10.875,8,5.0
34.3075,0.1025,4-6,2019,19125.5,4608.0,87.0,10.875,8,5.0
34.3075,0.1025,4-6,2023,25327.875,5808.0,87.0,10.875,8,5.0
34.3125,0.1025,0-3,2016,27227.875,5712.0,65.5,8.1875,8,1.5
34.3125,0.1025,0-3,2019,33298.5,6960.0,65.5,8.1875,8,1.5
34.3125,0.1025,0-3,2023,36869.0,7824.0,65.5,8.1875,8,1.5
34.3175,0.1025,0-3,2016,20155.625,4640.0,34.0,4.25,8,1.5
34.3175,0.1025,0-3,2019,23433.75,5184.0,34.0,4.25,8,1.5
34.3175,0.1025,0-3,2023,28864.25,6384.0,34.0,4.25,8,1.5
34.3225,0.1025,0-3,2016,7728.625,2160.0,14.0,2.0,7,1.5
34.3225,0.1025,0-3,2019,9350.25,2560.0,14.0,2.0,7,1.5
34.3225,0.1025,0-3,2023,10856.0,2672.0,14.0,2.0,7,1.5
34.3275,0.1025,0-3,2016,1971.0,496.0,10.5,1.5,7,1.5
34.3275,0.1025,0-3,2019,2881.0,832.0,10.5,1.5,7,1.5
34.3275,0.1025,0-3,2023,3674.25,944.0,10.5,1.5,7,1.5
34.3325,0.1025,0-3,2016,2649.375,752.0,7.5,1.5,5,1.5
34.3325,0.1025,0-3,2019,2098.375,608.0,7.5,1.5,5,1.5
34.3325,0.1025,0-3,2023,3189.25,896.0,7.5,1.5,5,1.5
34.3425,0.1025,0-3,2016,11606.75,2912.0,9.0,1.5,6,1.5
34.3425,0.1025,0-3,2019,13922.25,3520.0,9.0,1.5,6,1.5
34.3425,0.1025,0-3,2023,16535.875,3808.0,9.0,1.5,6,1.5
34.3475,0.1025,0-3,2016,5815.875,1488.0,12.0,1.5,8,1.5
34.3475,0.1025,0-3,2019,7569.25,1984.0,12.0,1.5,8,1.5
34.3475,0.1025,0-3,2023,8156.0,2080.0,12.0,1.5,8,1.5
34.3525,0.1025,0-3,2016,3821.25,1056.0,12.0,1.5,8,1.5
34.3525,0.1025,0-3,2019,4237.75,1152.0,12.0,1.5,8,1.5
34.3525,0.1025,0-3,2023,7781.875,1920.0,12.0,1.5,8,1.5
34.3575,0.1025,0-3,2016,2986.5,896.0,10.5,1.5,7,1.5
34.3575,0.1025,0-3,2019,5398.75,1488.0,10.5,1.5,7,1.5
34.3575,0.1025,0-3,2023,6721.625,1808.0,10.5,1.5,7,1.5
34.3625,0.1025,0-3,2016,3539.375,992.0,6.0,1.5,4,1.5
34.3625,0.1025,0-3,2019,4977.125,1312.0,6.0,1.5,4,1.5
34.3625,0.1025,0-3,2023,6552.0,1712.0,6.0,1.5,4,1.5
34.0725,0.1075,0-3,2016,8445.0,2192.0,11.0,3.6666666666666665,3,1.5
34.0725,0.1075,0-3,2019,13441.75,3328.0,11.0,3.6666666666666665,3,1.5
34.0725,0.1075,0-3,2023,15532.25,3728.0,11.0,3.6666666666666665,3,1.5
34.0775,0.1075,7-9,2016,8531.0,1952.0,26.0,5.2,5,8.0
34.0775,0.1075,7-9,2019,13477.125,3056.0,26.0,5.2,5,8.0
34.0775,0.1075,7-9,2023,14712.5,3376.0,26.0,5.2,5,8.0
34.0825,0.1075,0-3,2016,1742.5,448.0,91.0,13.0,7,1.5
34.0825,0.1075,0-3,2019,2511.25,672.0,91.0,13.0,7,1.5
34.0825,0.1075,0-3,2023,1905.125,512.0,91.0,13.0,7,1.5
34.0875,0.1075,13-,2016,7765.375,2032.0,112.5,16.071428571428573,7,20.0
34.0875,0.1075,13-,2019,10576.125,2768.0,112.5,16.071428571428573,7,20.0
34.0875,0.1075,13-,2023,12696.875,3216.0,112.5,16.071428571428573,7,20.0
34.0925,0.1075,13-,2016,15596.375,3904.0,109.0,13.625,8,20.0
34.0925,0.1075,13-,2019,18814.125,4592.0,109.0,13.625,8,20.0
34.0925,0.1075,13-,2023,18839.375,4624.0,109.0,13.625,8,20.0
34.0975,0.1075,4-6,2016,28732.5,6464.0,103.0,12.875,8,5.0
34.0975,0.1075,4-6,2019,33636.375,7424.0,103.0,12.875,8,5.0
34.0975,0.1075,4-6,2023,37430.625,8272.0,103.0,12.875,8,5.0
34.1025,0.1075,13-,2016,27472.875,6528.0,85.0,10.625,8,20.0
34.1025,0.1075,13-,2019,35670.25,8544.0,85.0,10.625,8,20.0
34.1025,0.1075,13-,2023,41655.625,9632.0,85.0,10.625,8,20.0
34.1075,0.1075,13-,2016,18977.25,4784.0,75.0,9.375,8,20.0
34.1075,0.1075,13-,2019,28608.5,7024.0,75.0,9.375,8,20.0
34.1075,0.1075,13-,2023,42895.0,9744.0,75.0,9.375,8,20.0
34.1125,0.1075,0-3,2016,4879.625,1312.0,84.0,10.5,8,1.5
34.1125,0.1075,0-3,2019,11475.25,3008.0,84.0,10.5,8,1.5
34.1125,0.1075,0-3,2023,18417.625,4624.0,84.0,10.5,8,1.5
34.1175,0.1075,7-9,2016,5507.625,1392.0,43.5,5.4375,8,8.0
34.1175,0.1075,7-9,2019,6855.25,1728.0,43.5,5.4375,8,8.0
34.1175,0.1075,7-9,2023,9279.625,2288.0,43.5,5.4375,8,8.0
34.1225,0.1075,0-3,2016,10997.875,2512.0,70.0,10.0,7,1.5
34.1225,0.1075,0-3,2019,17734.75,4000.0,70.0,10.0,7,1.5
34.1225,0.1075,0-3,2023,22871.375,5008.0,70.0,10.0,7,1.5
34.1275,0.1075,7-9,2016,12735.75,2944.0,44.0,7.333333333333333,6,8.0
34.1275,0.1075,7-9,2019,15081.25,3328.0,44.0,7.333333333333333,6,8.0
34.1275,0.1075,7-9,2023,15369.125,3600.0,44.0,7.333333333333333,6,8.0
34.1325,0.1075,4-6,2016,6904.875,1728.0,66.0,11.0,6,5.0
34.1325,0.1075,4-6,2019,8472.5,2064.0,66.0,11.0,6,5.0
34.1325,0.1075,4-6,2023,9371.75,2256.0,66.0,11.0,6,5.0
34.1375,0.1075,4-6,2016,4965.25,1344.0,49.0,7.0,7,5.0
34.1375,0.1075,4-6,2019,6153.0,1648.0,49.0,7.0,7,5.0
34.1375,0.1075,4-6,2023,7965.625,2096.0,49.0,7.0,7,5.0
34.1425,0.1075,7-9,2016,14323.125,3296.0,39.0,5.571428571428571,7,8.0
34.1425,0.1075,7-9,2019,22874.25,4928.0,39.0,5.571428571428571,7,8.0
34.1425,0.1075,7-9,2023,27491.375,5776.0,39.0,5.571428571428571,7,8.0
34.1475,0.1075,0-3,2016,8101.875,1872.0,15.5,2.5833333333333335,6,1.5
34.1475,0.1075,0-3,2019,11595.875,2576.0,15.5,2.5833333333333335,6,1.5
34.1475,0.1075,0-3,2023,13897.625,3056.0,15.5,2.5833333333333335,6,1.5
34.1525,0.1075,0-3,2016,8163.75,2064.0,7.5,1.5,5,1.5
34.1525,0.1075,0-3,2019,11364.125,2976.0,7.5,1.5,5,1.5
34.1525,0.1075,0-3,2023,15710.625,3856.0,7.5,1.5,5,1.5
34.1575,0.1075,0-3,2016,6717.5,1728.0,15.5,2.5833333333333335,6,1.5
34.1575,0.1075,0-3,2019,10705.875,2496.0,15.5,2.5833333333333335,6,1.5
34.1575,0.1075,0-3,2023,14636.0,3392.0,15.5,2.5833333333333335,6,1.5
34.1625,0.1075,0-3,2016,8068.625,1904.0,33.0,4.714285714285714,7,1.5
34.1625,0.1075,0-3,2019,10765.875,2400.0,33.0,4.714285714285714,7,1.5
34.1625,0.1075,0-3,2023,17668.0,3920.0,33.0,4.714285714285714,7,1.5
34.1675,0.1075,7-9,2016,8305.5,2080.0,35.0,4.375,8,8.0
34.1675,0.1075,7-9,2019,11620.875,2944.0,35.0,4.375,8,8.0
34.1675,0.1075,7-9,2023,17146.625,4176.0,35.0,4.375,8,8.0
34.1725,0.1075,4-6,2016,5288.5,1296.0,48.5,6.928571428571429,7,5.0
34.1725,0.1075,4-6,2019,7965.0,1888.0,48.5,6.928571428571429,7,5.0
34.1725,0.1075,4-6,2023,16730.625,3504.0,48.5,6.928571428571429,7,5.0
34.1775,0.1075,0-3,2016,5565.25,1488.0,49.0,7.0,7,1.5
34.1775,0.1075,0-3,2019,8218.75,2080.0,49.0,7.0,7,1.5
34.1775,0.1075,0-3,2023,9196.875,2272.0,49.0,7.0,7,1.5
34.1825,0.1075,0-3,2016,7739.5,2176.0,45.5,6.5,7,1.5
34.1825,0.1075,0-3,2019,16473.375,4048.0,45.5,6.5,7,1.5
34.1825,0.1075,0-3,2023,21013.125,4976.0,45.5,6.5,7,1.5
34.1875,0.1075,4-6,2016,41558.0,9760.0,36.5,5.214285714285714,7,5.0
34.1875,0.1075,4-6,2019,58117.0,12784.0,36.5,5.214285714285714,7,5.0
34.1875,0.1075,4-6,2023,63254.125,13776.0,36.5,5.214285714285714,7,5.0
34.1925,0.1075,7-9,2016,13861.375,3376.0,22.5,3.75,6,8.0
34.1925,0.1075,7-9,2019,17063.375,4256.0,22.5,3.75,6,8.0
34.1925,0.1075,7-9,2023,25814.5,6048.0,22.5,3.75,6,8.0
34.1975,0.1075,0-3,2016,11447.25,2640.0,25.5,4.25,6,1.5
34.1975,0.1075,0-3,2019,17269.375,3920.0,25.5,4.25,6,1.5
34.1975,0.1075,0-3,2023,21116.5,4768.0,25.5,4.25,6,1.5
34.2025,0.1075,0-3,2016,4498.625,1200.0,39.0,5.571428571428571,7,1.5
34.2025,0.1075,0-3,2019,9822.375,2320.0,39.0,5.571428571428571,7,1.5
34.2025,0.1075,0-3,2023,12471.25,2880.0,39.0,5.571428571428571,7,1.5
34.2075,0.1075,7-9,2016,7521.5,1920.0,31.0,5.166666666666667,6,8.0
34.2075,0.1075,7-9,2019,8459.375,2256.0,31.0,5.166666666666667,6,8.0
34.2075,0.1075,7-9,2023,10857.125,2816.0,31.0,5.166666666666667,6,8.0
34.2175,0.1075,0-3,2016,7308.375,1648.0,11.0,2.2,5,1.5
34.2175,0.1075,0-3,2019,10173.125,2272.0,11.0,2.2,5,1.5
34.2175,0.1075,0-3,2023,10405.25,2432.0,11.0,2.2,5,1.5
34.2225,0.1075,0-3,2016,8676.75,2192.0,17.5,2.5,7,1.5
34.2225,0.1075,0-3,2019,10276.875,2528.0,17.5,2.5,7,1.5
34.2225,0.1075,0-3,2023,12448.25,3120.0,17.5,2.5,7,1.5
34.2275,0.1075,4-6,2016,5319.125,1360.0,31.0,5.166666666666667,6,5.0
34.2275,0.1075,4-6,2019,6775.125,1760.0,31.0,5.166666666666667,6,5.0
34.2275,0.1075,4-6,2023,8667.625,2128.0,31.0,5.166666666666667,6,5.0
34.2525,0.1075,0-3,2016,7853.375,2144.0,33.5,6.7,5,1.5
34.2525,0.1075,0-3,2019,9044.75,2416.0,33.5,6.7,5,1.5
34.2525,0.1075,0-3,2023,10840.875,2784.0,33.5,6.7,5,1.5
34.2575,0.1075,10-12,2016,6178.5,1664.0,32.0,4.0,8,11.0
34.2575,0.1075,10-12,2019,6826.375,1936.0,32.0,4.0,8,11.0
34.2575,0.1075,10-12,2023,6966.5,1824.0,32.0,4.0,8,11.0
34.2625,0.1075,0-3,2016,629.125,192.0,56.5,7.0625,8,1.5
34.2625,0.1075,0-3,2019,2005.875,528.0,56.5,7.0625,8,1.5
34.2625,0.1075,0-3,2023,3415.625,816.0,56.5,7.0625,8,1.5
34.2675,0.1075,0-3,2016,3466.0,960.0,34.0,4.25,8,1.5
34.2675,0.1075,0-3,2019,4672.375,1248.0,34.0,4.25,8,1.5
34.2675,0.1075,0-3,2023,6529.875,1792.0,34.0,4.25,8,1.5
34.2725,0.1075,0-3,2016,7252.125,1888.0,46.0,7.666666666666667,6,1.5
34.2725,0.1075,0-3,2019,8552.625,2352.0,46.0,7.666666666666667,6,1.5
34.2725,0.1075,0-3,2023,12260.75,3040.0,46.0,7.666666666666667,6,1.5
34.2825,0.1075,0-3,2016,78850.375,16096.0,26.5,8.833333333333334,3,1.5
34.2825,0.1075,0-3,2019,85061.25,17280.0,26.5,8.833333333333334,3,1.5
34.2825,0.1075,0-3,2023,101448.375,20000.0,26.5,8.833333333333334,3,1.5
34.2925,0.1075,0-3,2016,3049.75,848.0,7.5,1.5,5,1.5
34.2925,0.1075,0-3,2019,5765.375,1536.0,7.5,1.5,5,1.5
34.2925,0.1075,0-3,2023,7359.875,1872.0,7.5,1.5,5,1.5
34.2975,0.1075,0-3,2016,1789.875,464.0,36.0,5.142857142857143,7,1.5
34.2975,0.1075,0-3,2019,2207.0,560.0,36.0,5.142857142857143,7,1.5
34.2975,0.1075,0-3,2023,3406.25,864.0,36.0,5.142857142857143,7,1.5
34.3025,0.1075,10-12,2016,5035.375,1408.0,41.0,5.125,8,11.0
34.3025,0.1075,10-12,2019,7920.375,2080.0,41.0,5.125,8,11.0
34.3025,0.1075,10-12,2023,10067.25,2640.0,41.0,5.125,8,11.0
34.3075,0.1075,10-12,2016,7224.375,2016.0,41.0,5.125,8,11.0
34.3075,0.1075,10-12,2019,10355.5,2912.0,41.0,5.125,8,11.0
34.3075,0.1075,10-12,2023,13269.0,3536.0,41.0,5.125,8,11.0
34.3125,0.1075,0-3,2016,4957.0,1456.0,27.0,3.857142857142857,7,1.5
34.3125,0.1075,0-3,2019,7332.25,2016.0,27.0,3.857142857142857,7,1.5
34.3125,0.1075,0-3,2023,10761.125,2752.0,27.0,3.857142857142857,7,1.5
34.3175,0.1075,4-6,2016,5018.25,1312.0,9.0,1.5,6,5.0
34.3175,0.1075,4-6,2019,7749.375,2016.0,9.0,1.5,6,5.0
34.3175,0.1075,4-6,2023,9429.75,2336.0,9.0,1.5,6,5.0
34.3225,0.1075,0-3,2016,9108.25,2256.0,9.5,2.375,4,1.5
34.3225,0.1075,0-3,2019,13856.125,3408.0,9.5,2.375,4,1.5
34.3225,0.1075,0-3,2023,14483.375,3456.0,9.5,2.375,4,1.5
34.3325,0.1075,0-3,2016,3555.0,1008.0,7.5,1.5,5,1.5
34.3325,0.1075,0-3,2019,4813.375,1408.0,7.5,1.5,5,1.5
34.3325,0.1075,0-3,2023,6216.125,1648.0,7.5,1.5,5,1.5
34.3375,0.1075,0-3,2016,6120.0,1552.0,10.5,1.5,7,1.5
34.3375,0.1075,0-3,2019,6551.25,1696.0,10.5,1.5,7,1.5
34.3375,0.1075,0-3,2023,7918.0,1968.0,10.5,1.5,7,1.5
34.3425,0.1075,0-3,2016,3869.25,1136.0,10.5,1.5,7,1.5
34.3425,0.1075,0-3,2019,4862.75,1408.0,10.5,1.5,7,1.5
34.3425,0.1075,0-3,2023,9035.25,2304.0,10.5,1.5,7,1.5
34.3475,0.1075,0-3,2016,5304.375,1472.0,12.0,1.5,8,1.5
34.3475,0.1075,0-3,2019,7517.5,1952.0,12.0,1.5,8,1.5
34.3475,0.1075,0-3,2023,8924.25,2064.0,12.0,1.5,8,1.5
34.3525,0.1075,0-3,2016,2666.5,768.0,12.0,1.5,8,1.5
34.3525,0.1075,0-3,2019,2952.5,880.0,12.0,1.5,8,1.5
34.3525,0.1075,0-3,2023,4527.375,1264.0,12.0,1.5,8,1.5
34.3575,0.1075,0-3,2016,1081.875,336.0,10.5,1.5,7,1.5
34.3575,0.1075,0-3,2019,1912.625,528.0,10.5,1.5,7,1.5
34.3575,0.1075,0-3,2023,3444.0,912.0,10.5,1.5,7,1.5
34.3625,0.1075,0-3,2016,938.5,272.0,6.0,1.5,4,1.5
34.3625,0.1075,0-3,2019,989.375,288.0,6.0,1.5,4,1.5
34.3625,0.1075,0-3,2023,1581.125,400.0,6.0,1.5,4,1.5
34.0775,0.1125,0-3,2016,7125.875,1712.0,37.5,6.25,6,1.5
34.0775,0.1125,0-3,2019,8403.75,2032.0,37.5,6.25,6,1.5
34.0775,0.1125,0-3,2023,10666.25,2432.0,37.5,6.25,6,1.5
34.0825,0.1125,13-,2016,9771.0,2592.0,65.5,8.1875,8,20.0
34.0825,0.1125,13-,2019,11890.625,2944.0,65.5,8.1875,8,20.0
34.0825,0.1125,13-,2023,10443.25,2672.0,65.5,8.1875,8,20.0
34.0875,0.1125,13-,2016,12871.0,3184.0,96.0,12.0,8,20.0
34.0875,0.1125,13-,2019,15840.5,3904.0,96.0,12.0,8,20.0
34.0875,0.1125,13-,2023,18930.75,4448.0,96.0,12.0,8,20.0
34.0925,0.1125,13-,2016,20681.375,5104.0,103.0,12.875,8,20.0
34.0925,0.1125,13-,2019,28864.25,6880.0,103.0,12.875,8,20.0
34.0925,0.1125,13-,2023,28958.625,6880.0,103.0,12.875,8,20.0
34.0975,0.1125,4-6,2016,14169.75,3536.0,99.5,12.4375,8,5.0
34.0975,0.1125,4-6,2019,15470.625,3840.0,99.5,12.4375,8,5.0
34.0975,0.1125,4-6,2023,19212.625,4448.0,99.5,12.4375,8,5.0
34.1025,0.1125,7-9,2016,45837.375,10320.0,79.5,11.357142857142858,7,8.0
34.1025,0.1125,7-9,2019,52583.875,11008.0,79.5,11.357142857142858,7,8.0
34.1025,0.1125,7-9,2023,52089.25,11392.0,79.5,11.357142857142858,7,8.0
34.1075,0.1125,7-9,2016,21890.25,4960.0,61.0,8.714285714285714,7,8.0
34.1075,0.1125,7-9,2019,31915.75,7168.0,61.0,8.714285714285714,7,8.0
34.1075,0.1125,7-9,2023,39689.25,8816.0,61.0,8.714285714285714,7,8.0
34.1125,0.1125,4-6,2016,9239.875,2240.0,64.0,9.142857142857142,7,5.0
34.1125,0.1125,4-6,2019,12784.875,3072.0,64.0,9.142857142857142,7,5.0
34.1125,0.1125,4-6,2023,15985.125,3600.0,64.0,9.142857142857142,7,5.0
34.1175,0.1125,13-,2016,12357.75,3296.0,33.5,4.785714285714286,7,20.0
34.1175,0.1125,13-,2019,17830.625,4608.0,33.5,4.785714285714286,7,20.0
34.1175,0.1125,13-,2023,22077.875,5296.0,33.5,4.785714285714286,7,20.0
34.1225,0.1125,10-12,2016,16359.5,4000.0,39.0,7.8,5,11.0
34.1225,0.1125,10-12,2019,23948.375,5616.0,39.0,7.8,5,11.0
34.1225,0.1125,10-12,2023,28808.875,6672.0,39.0,7.8,5,11.0
34.1375,0.1125,7-9,2016,54636.75,12592.0,52.5,7.5,7,8.0
34.1375,0.1125,7-9,2019,74627.875,16416.0,52.5,7.5,7,8.0
34.1375,0.1125,7-9,2023,89971.875,19104.0,52.5,7.5,7,8.0
34.1425,0.1125,0-3,2016,21790.125,4832.0,53.5,6.6875,8,1.5
34.1425,0.1125,0-3,2019,28989.25,6240.0,53.5,6.6875,8,1.5
34.1425,0.1125,0-3,2023,34668.25,7280.0,53.5,6.6875,8,1.5
34.1475,0.1125,0-3,2016,6286.75,1696.0,23.5,3.357142857142857,7,1.5
34.1475,0.1125,0-3,2019,10912.5,2672.0,23.5,3.357142857142857,7,1.5
34.1475,0.1125,0-3,2023,15461.25,3568.0,23.5,3.357142857142857,7,1.5
34.1575,0.1125,0-3,2016,9107.5,2192.0,32.5,4.642857142857143,7,1.5
34.1575,0.1125,0-3,2019,12939.375,2928.0,32.5,4.642857142857143,7,1.5
34.1575,0.1125,0-3,2023,18844.375,4096.0,32.5,4.642857142857143,7,1.5
34.1625,0.1125,0-3,2016,7120.0,1792.0,39.0,5.571428571428571,7,1.5
34.1625,0.1125,0-3,2019,9764.875,2464.0,39.0,5.571428571428571,7,1.5
34.1625,0.1125,0-3,2023,12563.5,3120.0,39.0,5.571428571428571,7,1.5
34.1675,0.1125,0-3,2016,7212.75,1600.0,27.5,3.9285714285714284,7,1.5
34.1675,0.1125,0-3,2019,7722.0,1616.0,27.5,3.9285714285714284,7,1.5
34.1675,0.1125,0-3,2023,9379.375,2064.0,27.5,3.9285714285714284,7,1.5
34.1725,0.1125,0-3,2016,9710.0,2240.0,22.5,3.75,6,1.5
34.1725,0.1125,0-3,2019,12141.625,2816.0,22.5,3.75,6,1.5
34.1725,0.1125,0-3,2023,17161.5,3952.0,22.5,3.75,6,1.5
34.1825,0.1125,7-9,2016,6780.0,1808.0,12.5,2.0833333333333335,6,8.0
34.1825,0.1125,7-9,2019,8640.625,2272.0,12.5,2.0833333333333335,6,8.0
34.1825,0.1125,7-9,2023,10869.0,2864.0,12.5,2.0833333333333335,6,8.0
34.1875,0.1125,0-3,2016,12015.375,3184.0,33.5,4.785714285714286,7,1.5
34.1875,0.1125,0-3,2019,13867.5,3728.0,33.5,4.785714285714286,7,1.5
34.1875,0.1125,0-3,2023,18168.375,4592.0,33.5,4.785714285714286,7,1.5
34.1925,0.1125,7-9,2016,9505.5,2352.0,44.0,5.5,8,8.0
34.1925,0.1125,7-9,2019,12521.375,3152.0,44.0,5.5,8,8.0
34.1925,0.1125,7-9,2023,15027.5,3728.0,44.0,5.5,8,8.0
34.1975,0.1125,4-6,2016,4870.0,1280.0,43.5,5.4375,8,5.0
34.1975,0.1125,4-6,2019,6310.625,1680.0,43.5,5.4375,8,5.0
34.1975,0.1125,4-6,2023,7696.875,1984.0,43.5,5.4375,8,5.0
34.2025,0.1125,0-3,2016,4695.0,1312.0,59.0,7.375,8,1.5
34.2025,0.1125,0-3,2019,6083.75,1728.0,59.0,7.375,8,1.5
34.2025,0.1125,0-3,2023,8501.25,2224.0,59.0,7.375,8,1.5
34.2075,0.1125,13-,2016,6041.5,1616.0,19.0,3.1666666666666665,6,20.0
34.2075,0.1125,13-,2019,7798.5,2048.0,19.0,3.1666666666666665,6,20.0
34.2075,0.1125,13-,2023,9876.375,2560.0,19.0,3.1666666666666665,6,20.0
34.2125,0.1125,4-6,2016,11797.625,2928.0,31.0,7.75,4,5.0
34.2125,0.1125,4-6,2019,16207.25,3968.0,31.0,7.75,4,5.0
34.2125,0.1125,4-6,2023,18109.875,4400.0,31.0,7.75,4,5.0
34.2225,0.1125,0-3,2016,9042.5,2400.0,16.0,2.6666666666666665,6,1.5
34.2225,0.1125,0-3,2019,10487.125,2752.0,16.0,2.6666666666666665,6,1.5
34.2225,0.1125,0-3,2023,17487.75,4128.0,16.0,2.6666666666666665,6,1.5
34.2275,0.1125,4-6,2016,9196.5,2336.0,51.0,7.285714285714286,7,5.0
34.2275,0.1125,4-6,2019,11721.625,2928.0,51.0,7.285714285714286,7,5.0
34.2275,0.1125,4-6,2023,13714.75,3296.0,51.0,7.285714285714286,7,5.0
34.2325,0.1125,13-,2016,10253.375,2736.0,34.5,5.75,6,20.0
34.2325,0.1125,13-,2019,13507.25,3584.0,34.5,5.75,6,20.0
34.2325,0.1125,13-,2023,15607.625,3904.0,34.5,5.75,6,20.0
34.2375,0.1125,0-3,2016,11439.625,2784.0,43.0,10.75,4,1.5
34.2375,0.1125,0-3,2019,14971.125,3728.0,43.0,10.75,4,1.5
34.2375,0.1125,0-3,2023,17541.0,4208.0,43.0,10.75,4,1.5
34.2525,0.1125,4-6,2016,8427.875,2384.0,26.5,5.3,5,5.0
34.2525,0.1125,4-6,2019,10097.125,2752.0,26.5,5.3,5,5.0
34.2525,0.1125,4-6,2023,13296.25,3440.0,26.5,5.3,5,5.0
34.2575,0.1125,10-12,2016,8015.625,2272.0,25.0,3.125,8,11.0
34.2575,0.1125,10-12,2019,10557.375,2944.0,25.0,3.125,8,11.0
34.2575,0.1125,10-12,2023,16026.5,3904.0,25.0,3.125,8,11.0
34.2625,0.1125,0-3,2016,7477.375,1936.0,31.0,3.875,8,1.5
34.2625,0.1125,0-3,2019,9743.875,2512.0,31.0,3.875,8,1.5
34.2625,0.1125,0-3,2023,13070.375,3056.0,31.0,3.875,8,1.5
34.2675,0.1125,0-3,2016,19471.5,4592.0,12.0,1.5,8,1.5
34.2675,0.1125,0-3,2019,21336.375,4800.0,12.0,1.5,8,1.5
34.2675,0.1125,0-3,2023,24353.875,5168.0,12.0,1.5,8,1.5
34.2725,0.1125,0-3,2016,8599.5,2160.0,7.5,1.5,5,1.5
34.2725,0.1125,0-3,2019,13675.25,3280.0,7.5,1.5,5,1.5
34.2725,0.1125,0-3,2023,17461.0,4192.0,7.5,1.5,5,1.5
34.2975,0.1125,0-3,2016,7673.625,2016.0,23.5,4.7,5,1.5
34.2975,0.1125,0-3,2019,13390.375,3232.0,23.5,4.7,5,1.5
34.2975,0.1125,0-3,2023,18583.5,4352.0,23.5,4.7,5,1.5
34.3025,0.1125,7-9,2016,5424.0,1584.0,28.0,4.666666666666667,6,8.0
34.3025,0.1125,7-9,2019,6961.5,1968.0,28.0,4.666666666666667,6,8.0
34.3025,0.1125,7-9,2023,8837.75,2240.0,28.0,4.666666666666667,6,8.0
34.3075,0.1125,0-3,2016,3930.25,1088.0,33.0,6.6,5,1.5
34.3075,0.1125,0-3,2019,5527.375,1424.0,33.0,6.6,5,1.5
34.3075,0.1125,0-3,2023,5549.125,1360.0,33.0,6.6,5,1.5
34.3125,0.1125,0-3,2016,3597.75,912.0,19.0,4.75,4,1.5
34.3125,0.1125,0-3,2019,3806.625,992.0,19.0,4.75,4,1.5
34.3125,0.1125,0-3,2023,3922.625,992.0,19.0,4.75,4,1.5
34.3325,0.1125,0-3,2016,16012.25,3792.0,7.5,1.5,5,1.5
34.3325,0.1125,0-3,2019,21857.875,4928.0,7.5,1.5,5,1.5
34.3325,0.1125,0-3,2023,26757.75,6000.0,7.5,1.5,5,1.5
34.3375,0.1125,0-3,2016,11705.0,2960.0,12.0,1.5,8,1.5
34.3375,0.1125,0-3,2019,15017.875,3600.0,12.0,1.5,8,1.5
34.3375,0.1125,0-3,2023,19498.25,4368.0,12.0,1.5,8,1.5
34.3425,0.1125,0-3,2016,2557.0,672.0,12.0,1.5,8,1.5
34.3425,0.1125,0-3,2019,3533.25,1008.0,12.0,1.5,8,1.5
34.3425,0.1125,0-3,2023,4574.125,1200.0,12.0,1.5,8,1.5
34.3475,0.1125,0-3,2016,5568.0,1552.0,12.0,1.5,8,1.5
34.3475,0.1125,0-3,2019,8061.75,2208.0,12.0,1.5,8,1.5
34.3475,0.1125,0-3,2023,13131.5,3104.0,12.0,1.5,8,1.5
34.3525,0.1125,0-3,2016,9998.25,2592.0,12.0,1.5,8,1.5
34.3525,0.1125,0-3,2019,11343.625,2912.0,12.0,1.5,8,1.5
34.3525,0.1125,0-3,2023,15388.0,3632.0,12.0,1.5,8,1.5
34.3575,0.1125,0-3,2016,2399.0,688.0,9.0,1.5,6,1.5
34.3575,0.1125,0-3,2019,3002.0,880.0,9.0,1.5,6,1.5
34.3575,0.1125,0-3,2023,2758.875,736.0,9.0,1.5,6,1.5
34.0775,0.1175,4-6,2016,1911.375,512.0,23.0,7.666666666666667,3,5.0
34.0775,0.1175,4-6,2019,3626.875,976.0,23.0,7.666666666666667,3,5.0
34.0775,0.1175,4-6,2023,2965.25,784.0,23.0,7.666666666666667,3,5.0
34.0825,0.1175,0-3,2016,5637.75,1440.0,56.0,9.333333333333334,6,1.5
34.0825,0.1175,0-3,2019,7548.125,1872.0,56.0,9.333333333333334,6,1.5
34.0825,0.1175,0-3,2023,9027.75,2160.0,56.0,9.333333333333334,6,1.5
34.0875,0.1175,7-9,2016,11346.0,2960.0,76.0,10.857142857142858,7,8.0
34.0875,0.1175,7-9,2019,14158.625,3664.0,76.0,10.857142857142858,7,8.0
34.0875,0.1175,7-9,2023,18409.875,4480.0,76.0,10.857142857142858,7,8.0
34.0925,0.1175,4-6,2016,19566.0,4496.0,90.5,11.3125,8,5.0
34.0925,0.1175,4-6,2019,18714.75,4384.0,90.5,11.3125,8,5.0
34.0925,0.1175,4-6,2023,24699.25,5456.0,90.5,11.3125,8,5.0
34.0975,0.1175,13-,2016,15891.25,4208.0,57.0,7.125,8,20.0
34.0975,0.1175,13-,2019,21683.125,5520.0,57.0,7.125,8,20.0
34.0975,0.1175,13-,2023,20169.0,4976.0,57.0,7.125,8,20.0
34.1025,0.1175,0-3,2016,6169.875,1664.0,52.0,7.428571428571429,7,1.5
34.1025,0.1175,0-3,2019,6908.375,1808.0,52.0,7.428571428571429,7,1.5
34.1025,0.1175,0-3,2023,8082.25,2016.0,52.0,7.428571428571429,7,1.5
34.1125,0.1175,4-6,2016,2759.75,784.0,39.0,5.571428571428571,7,5.0
34.1125,0.1175,4-6,2019,5193.125,1296.0,39.0,5.571428571428571,7,5.0
34.1125,0.1175,4-6,2023,4452.625,1152.0,39.0,5.571428571428571,7,5.0
34.1175,0.1175,0-3,2016,4899.0,1360.0,44.0,7.333333333333333,6,1.5
34.1175,0.1175,0-3,2019,6741.25,1808.0,44.0,7.333333333333333,6,1.5
34.1175,0.1175,0-3,2023,6559.875,1664.0,44.0,7.333333333333333,6,1.5
34.1325,0.1175,4-6,2016,5890.5,1552.0,34.5,8.625,4,5.0
34.1325,0.1175,4-6,2019,8947.25,2400.0,34.5,8.625,4,5.0
34.1325,0.1175,4-6,2023,9654.75,2432.0,34.5,8.625,4,5.0
34.1375,0.1175,13-,2016,10050.0,2560.0,29.0,4.833333333333333,6,20.0
34.1375,0.1175,13-,2019,12044.0,2976.0,29.0,4.833333333333333,6,20.0
34.1375,0.1175,13-,2023,17281.125,4096.0,29.0,4.833333333333333,6,20.0
34.1425,0.1175,7-9,2016,5442.25,1360.0,42.5,6.071428571428571,7,8.0
34.1425,0.1175,7-9,2019,7980.75,1920.0,42.5,6.071428571428571,7,8.0
34.1425,0.1175,7-9,2023,10362.375,2464.0,42.5,6.071428571428571,7,8.0
34.1475,0.1175,0-3,2016,25846.125,5872.0,19.0,3.1666666666666665,6,1.5
34.1475,0.1175,0-3,2019,31730.75,7200.0,19.0,3.1666666666666665,6,1.5
34.1475,0.1175,0-3,2023,37641.0,8192.0,19.0,3.1666666666666665,6,1.5
34.1525,0.1175,0-3,2016,21134.625,4960.0,42.0,6.0,7,1.5
34.1525,0.1175,0-3,2019,26110.0,5968.0,42.0,6.0,7,1.5
34.1525,0.1175,0-3,2023,43222.125,9184.0,42.0,6.0,7,1.5
34.1575,0.1175,13-,2016,9420.125,2464.0,23.5,3.357142857142857,7,20.0
34.1575,0.1175,13-,2019,10542.25,2800.0,23.5,3.357142857142857,7,20.0
34.1575,0.1175,13-,2023,13499.25,3312.0,23.5,3.357142857142857,7,20.0
34.1625,0.1175,4-6,2016,9235.0,2464.0,37.0,6.166666666666667,6,5.0
34.1625,0.1175,4-6,2019,12222.875,3152.0,37.0,6.166666666666667,6,5.0
34.1625,0.1175,4-6,2023,14880.75,3648.0,37.0,6.166666666666667,6,5.0
34.1725,0.1175,4-6,2016,3258.375,864.0,4.5,1.5,3,5.0
34.1725,0.1175,4-6,2019,4737.75,1264.0,4.5,1.5,3,5.0
34.1725,0.1175,4-6,2023,6019.5,1472.0,4.5,1.5,3,5.0
34.1775,0.1175,0-3,2016,12430.375,2608.0,16.0,4.0,4,1.5
34.1775,0.1175,0-3,2019,13453.875,2672.0,16.0,4.0,4,1.5
34.1775,0.1175,0-3,2023,17352.125,3664.0,16.0,4.0,4,1.5
34.1875,0.1175,0-3,2016,3722.25,992.0,23.5,3.357142857142857,7,1.5
34.1875,0.1175,0-3,2019,4770.625,1280.0,23.5,3.357142857142857,7,1.5
34.1875,0.1175,0-3,2023,7348.125,1920.0,23.5,3.357142857142857,7,1.5
34.1925,0.1175,0-3,2016,9673.75,2384.0,50.0,6.25,8,1.5
34.1925,0.1175,0-3,2019,19353.0,4048.0,50.0,6.25,8,1.5
34.1925,0.1175,0-3,2023,22277.75,4960.0,50.0,6.25,8,1.5
34.1975,0.1175,13-,2016,9165.0,2528.0,30.0,4.285714285714286,7,20.0
34.1975,0.1175,13-,2019,13130.375,3488.0,30.0,4.285714285714286,7,20.0
34.1975,0.1175,13-,2023,17667.75,4496.0,30.0,4.285714285714286,7,20.0
34.2025,0.1175,0-3,2016,4253.75,1168.0,59.0,9.833333333333334,6,1.5
34.2025,0.1175,0-3,2019,5365.125,1424.0,59.0,9.833333333333334,6,1.5
34.2025,0.1175,0-3,2023,5879.125,1488.0,59.0,9.833333333333334,6,1.5
34.2075,0.1175,0-3,2016,2967.5,768.0,28.0,7.0,4,1.5
34.2075,0.1175,0-3,2019,7328.5,1504.0,28.0,7.0,4,1.5
34.2075,0.1175,0-3,2023,8763.875,1616.0,28.0,7.0,4,1.5
34.2225,0.1175,0-3,2016,4127.125,1120.0,13.0,3.25,4,1.5
34.2225,0.1175,0-3,2019,6232.375,1760.0,13.0,3.25,4,1.5
34.2225,0.1175,0-3,2023,7864.25,2080.0,13.0,3.25,4,1.5
34.2275,0.1175,0-3,2016,7198.625,1968.0,58.0,8.285714285714286,7,1.5
34.2275,0.1175,0-3,2019,7726.75,2128.0,58.0,8.285714285714286,7,1.5
34.2275,0.1175,0-3,2023,14740.25,3680.0,58.0,8.285714285714286,7,1.5
34.2325,0.1175,13-,2016,13881.125,3568.0,41.0,5.125,8,20.0
34.2325,0.1175,13-,2019,15577.25,3920.0,41.0,5.125,8,20.0
34.2325,0.1175,13-,2023,20617.75,5024.0,41.0,5.125,8,20.0
34.2375,0.1175,0-3,2016,9982.375,2528.0,51.0,7.285714285714286,7,1.5
34.2375,0.1175,0-3,2019,22183.375,5152.0,51.0,7.285714285714286,7,1.5
34.2375,0.1175,0-3,2023,31478.5,6560.0,51.0,7.285714285714286,7,1.5
34.2425,0.1175,0-3,2016,8787.0,2208.0,6.0,1.5,4,1.5
34.2425,0.1175,0-3,2019,11076.25,2752.0,6.0,1.5,4,1.5
34.2425,0.1175,0-3,2023,13733.625,3248.0,6.0,1.5,4,1.5
34.2525,0.1175,0-3,2016,3468.75,992.0,19.0,4.75,4,1.5
34.2525,0.1175,0-3,2019,4798.375,1344.0,19.0,4.75,4,1.5
34.2525,0.1175,0-3,2023,6185.5,1600.0,19.0,4.75,4,1.5
34.2575,0.1175,0-3,2016,11016.5,2976.0,23.5,3.357142857142857,7,1.5
34.2575,0.1175,0-3,2019,10868.25,2880.0,23.5,3.357142857142857,7,1.5
34.2575,0.1175,0-3,2023,13450.75,3392.0,23.5,3.357142857142857,7,1.5
34.2625,0.1175,0-3,2016,7574.75,1952.0,20.0,2.857142857142857,7,1.5
34.2625,0.1175,0-3,2019,8537.375,2192.0,20.0,2.857142857142857,7,1.5
34.2625,0.1175,0-3,2023,10951.75,2672.0,20.0,2.857142857142857,7,1.5
34.2675,0.1175,0-3,2016,15728.625,3648.0,9.0,1.5,6,1.5
34.2675,0.1175,0-3,2019,17741.625,4160.0,9.0,1.5,6,1.5
34.2675,0.1175,0-3,2023,22814.375,5232.0,9.0,1.5,6,1.5
34.2725,0.1175,0-3,2016,10290.5,2880.0,4.5,1.5,3,1.5
34.2725,0.1175,0-3,2019,10274.25,2768.0,4.5,1.5,3,1.5
34.2725,0.1175,0-3,2023,14079.5,3488.0,4.5,1.5,3,1.5
34.2975,0.1175,0-3,2016,3372.125,816.0,9.5,4.75,2,1.5
34.2975,0.1175,0-3,2019,4744.125,1120.0,9.5,4.75,2,1.5
34.2975,0.1175,0-3,2023,9834.125,2032.0,9.5,4.75,2,1.5
34.3325,0.1175,0-3,2016,23555.0,5664.0,7.5,1.5,5,1.5
34.3325,0.1175,0-3,2019,32194.375,7504.0,7.5,1.5,5,1.5
34.3325,0.1175,0-3,2023,35029.5,7952.0,7.5,1.5,5,1.5
34.3375,0.1175,0-3,2016,6549.75,1728.0,15.5,1.9375,8,1.5
34.3375,0.1175,0-3,2019,10906.5,2704.0,15.5,1.9375,8,1.5
34.3375,0.1175,0-3,2023,13330.875,3120.0,15.5,1.9375,8,1.5
34.3425,0.1175,0-3,2016,11505.5,2784.0,25.0,3.125,8,1.5
34.3425,0.1175,0-3,2019,12180.5,2992.0,25.0,3.125,8,1.5
34.3425,0.1175,0-3,2023,19082.25,4208.0,25.0,3.125,8,1.5
34.3475,0.1175,0-3,2016,8066.125,2128.0,25.0,3.125,8,1.5
34.3475,0.1175,0-3,2019,9192.125,2496.0,25.0,3.125,8,1.5
34.3475,0.1175,0-3,2023,11647.625,2848.0,25.0,3.125,8,1.5
34.3525,0.1175,0-3,2016,9902.625,2400.0,21.5,2.6875,8,1.5
34.3525,0.1175,0-3,2019,12223.75,2880.0,21.5,2.6875,8,1.5
34.3525,0.1175,0-3,2023,18793.75,4160.0,21.5,2.6875,8,1.5
34.3575,0.1175,0-3,2016,5652.125,1568.0,7.5,1.5,5,1.5
34.3575,0.1175,0-3,2019,8234.625,2304.0,7.5,1.5,5,1.5
34.3575,0.1175,0-3,2023,9860.625,2544.0,7.5,1.5,5,1.5
34.0875,0.1225,0-3,2016,2319.75,608.0,24.0,4.8,5,1.5
34.0875,0.1225,0-3,2019,4100.625,960.0,24.0,4.8,5,1.5
34.0875,0.1225,0-3,2023,4103.75,928.0,24.0,4.8,5,1.5
34.0925,0.1225,7-9,2016,16879.0,4144.0,45.5,6.5,7,8.0
34.0925,0.1225,7-9,2019,22741.0,5328.0,45.5,6.5,7,8.0
34.0925,0.1225,7-9,2023,25969.125,5840.0,45.5,6.5,7,8.0
34.0975,0.1225,7-9,2016,11093.125,2752.0,40.5,5.0625,8,8.0
34.0975,0.1225,7-9,2019,14255.375,3472.0,40.5,5.0625,8,8.0
34.0975,0.1225,7-9,2023,16105.5,3920.0,40.5,5.0625,8,8.0
34.1025,0.1225,0-3,2016,3682.375,944.0,34.0,5.666666666666667,6,1.5
34.1025,0.1225,0-3,2019,4053.25,1040.0,34.0,5.666666666666667,6,1.5
34.1025,0.1225,0-3,2023,4897.75,1264.0,34.0,5.666666666666667,6,1.5
34.1075,0.1225,0-3,2016,7555.625,2000.0,31.0,5.166666666666667,6,1.5
34.1075,0.1225,0-3,2019,11058.875,2928.0,31.0,5.166666666666667,6,1.5
34.1075,0.1225,0-3,2023,12692.25,3216.0,31.0,5.166666666666667,6,1.5
34.1125,0.1225,0-3,2016,1671.625,464.0,49.5,8.25,6,1.5
34.1125,0.1225,0-3,2019,1460.25,416.0,49.5,8.25,6,1.5
34.1125,0.1225,0-3,2023,2146.75,560.0,49.5,8.25,6,1.5
34.1175,0.1225,0-3,2016,3302.5,928.0,48.0,9.6,5,1.5
34.1175,0.1225,0-3,2019,4639.875,1200.0,48.0,9.6,5,1.5
34.1175,0.1225,0-3,2023,6460.0,1536.0,48.0,9.6,5,1.5
34.1325,0.1225,0-3,2016,3172.75,848.0,35.0,8.75,4,1.5
34.1325,0.1225,0-3,2019,5329.125,1424.0,35.0,8.75,4,1.5
34.1325,0.1225,0-3,2023,7362.25,1888.0,35.0,8.75,4,1.5
34.1375,0.1225,4-6,2016,2763.5,784.0,59.5,9.916666666666666,6,5.0
34.1375,0.1225,4-6,2019,4841.0,1264.0,59.5,9.916666666666666,6,5.0
34.1375,0.1225,4-6,2023,6004.625,1568.0,59.5,9.916666666666666,6,5.0
34.1475,0.1225,4-6,2016,5728.125,1488.0,35.5,5.071428571428571,7,5.0
34.1475,0.1225,4-6,2019,9269.125,2224.0,35.5,5.071428571428571,7,5.0
34.1475,0.1225,4-6,2023,10968.625,2560.0,35.5,5.071428571428571,7,5.0
34.1525,0.1225,0-3,2016,3530.0,1040.0,43.5,5.4375,8,1.5
34.1525,0.1225,0-3,2019,4580.875,1248.0,43.5,5.4375,8,1.5
34.1525,0.1225,0-3,2023,7036.125,1744.0,43.5,5.4375,8,1.5
34.1575,0.1225,10-12,2016,33613.375,6992.0,32.5,4.642857142857143,7,11.0
34.1575,0.1225,10-12,2019,44883.625,8912.0,32.5,4.642857142857143,7,11.0
34.1575,0.1225,10-12,2023,55088.875,10896.0,32.5,4.642857142857143,7,11.0
34.1625,0.1225,0-3,2016,23452.0,5456.0,37.5,9.375,4,1.5
34.1625,0.1225,0-3,2019,35321.75,7792.0,37.5,9.375,4,1.5
34.1625,0.1225,0-3,2023,51208.0,10992.0,37.5,9.375,4,1.5
34.1825,0.1225,0-3,2016,5471.25,1376.0,4.5,1.5,3,1.5
34.1825,0.1225,0-3,2019,6929.875,1760.0,4.5,1.5,3,1.5
34.1825,0.1225,0-3,2023,7474.0,1824.0,4.5,1.5,3,1.5
34.1875,0.1225,0-3,2016,6107.625,1632.0,11.0,2.2,5,1.5
34.1875,0.1225,0-3,2019,9676.375,2544.0,11.0,2.2,5,1.5
34.1875,0.1225,0-3,2023,11855.5,3056.0,11.0,2.2,5,1.5
34.1925,0.1225,0-3,2016,5436.25,1520.0,45.5,6.5,7,1.5
34.1925,0.1225,0-3,2019,9638.625,2544.0,45.5,6.5,7,1.5
34.1925,0.1225,0-3,2023,11807.375,3152.0,45.5,6.5,7,1.5
34.1975,0.1225,10-12,2016,12631.0,3168.0,36.0,5.142857142857143,7,11.0
34.1975,0.1225,10-12,2019,16075.375,3872.0,36.0,5.142857142857143,7,11.0
34.1975,0.1225,10-12,2023,24721.75,5552.0,36.0,5.142857142857143,7,11.0
34.2275,0.1225,4-6,2016,18749.0,4416.0,45.5,6.5,7,5.0
34.2275,0.1225,4-6,2019,19179.75,4640.0,45.5,6.5,7,5.0
34.2275,0.1225,4-6,2023,26810.5,6224.0,45.5,6.5,7,5.0
34.2325,0.1225,4-6,2016,5456.875,1440.0,47.0,5.875,8,5.0
34.2325,0.1225,4-6,2019,7819.5,2000.0,47.0,5.875,8,5.0
34.2325,0.1225,4-6,2023,9392.625,2272.0,47.0,5.875,8,5.0
34.2375,0.1225,0-3,2016,7789.875,2112.0,37.5,4.6875,8,1.5
34.2375,0.1225,0-3,2019,11616.375,2784.0,37.5,4.6875,8,1.5
34.2375,0.1225,0-3,2023,17274.0,4032.0,37.5,4.6875,8,1.5
34.2425,0.1225,0-3,2016,8338.125,2048.0,7.5,1.5,5,1.5
34.2425,0.1225,0-3,2019,9167.375,2352.0,7.5,1.5,5,1.5
34.2425,0.1225,0-3,2023,11609.625,2864.0,7.5,1.5,5,1.5
34.2575,0.1225,0-3,2016,4519.25,1296.0,14.0,2.0,7,1.5
34.2575,0.1225,0-3,2019,7509.75,1920.0,14.0,2.0,7,1.5
34.2575,0.1225,0-3,2023,9895.5,2416.0,14.0,2.0,7,1.5
34.2625,0.1225,0-3,2016,6662.625,1776.0,14.0,2.0,7,1.5
34.2625,0.1225,0-3,2019,10305.125,2560.0,14.0,2.0,7,1.5
34.2625,0.1225,0-3,2023,16391.25,3952.0,14.0,2.0,7,1.5
34.2825,0.1225,7-9,2016,5867.5,1600.0,23.5,7.833333333333333,3,8.0
34.2825,0.1225,7-9,2019,6908.0,1904.0,23.5,7.833333333333333,3,8.0
34.2825,0.1225,7-9,2023,11018.0,2688.0,23.5,7.833333333333333,3,8.0
34.2875,0.1225,0-3,2016,5750.875,1600.0,30.0,10.0,3,1.5
34.2875,0.1225,0-3,2019,8135.625,2224.0,30.0,10.0,3,1.5
34.2875,0.1225,0-3,2023,10273.125,2528.0,30.0,10.0,3,1.5
34.3075,0.1225,0-3,2016,16529.25,4000.0,22.5,5.625,4,1.5
34.3075,0.1225,0-3,2019,20085.875,4848.0,22.5,5.625,4,1.5
34.3075,0.1225,0-3,2023,23279.0,5312.0,22.5,5.625,4,1.5
34.3125,0.1225,0-3,2016,13491.25,3328.0,14.5,4.833333333333333,3,1.5
34.3125,0.1225,0-3,2019,19515.0,4672.0,14.5,4.833333333333333,3,1.5
34.3125,0.1225,0-3,2023,28912.25,6752.0,14.5,4.833333333333333,3,1.5
34.3325,0.1225,0-3,2016,10238.125,2816.0,6.0,1.5,4,1.5
34.3325,0.1225,0-3,2019,15730.0,4320.0,6.0,1.5,4,1.5
34.3325,0.1225,0-3,2023,19561.75,4816.0,6.0,1.5,4,1.5
34.3375,0.1225,0-3,2016,17355.25,4224.0,12.5,2.0833333333333335,6,1.5
34.3375,0.1225,0-3,2019,22290.25,5440.0,12.5,2.0833333333333335,6,1.5
34.3375,0.1225,0-3,2023,24082.25,5568.0,12.5,2.0833333333333335,6,1.5
34.3425,0.1225,4-6,2016,4024.25,1104.0,28.0,4.666666666666667,6,5.0
34.3425,0.1225,4-6,2019,5756.25,1584.0,28.0,4.666666666666667,6,5.0
34.3425,0.1225,4-6,2023,7232.5,1920.0,28.0,4.666666666666667,6,5.0
34.3475,0.1225,10-12,2016,4613.125,1312.0,30.0,4.285714285714286,7,11.0
34.3475,0.1225,10-12,2019,4812.875,1328.0,30.0,4.285714285714286,7,11.0
34.3475,0.1225,10-12,2023,5041.75,1296.0,30.0,4.285714285714286,7,11.0
34.3525,0.1225,0-3,2016,6998.0,1776.0,37.5,4.6875,8,1.5
34.3525,0.1225,0-3,2019,8094.0,1984.0,37.5,4.6875,8,1.5
34.3525,0.1225,0-3,2023,9056.875,2096.0,37.5,4.6875,8,1.5
34.3575,0.1225,0-3,2016,6461.5,1776.0,14.0,2.8,5,1.5
34.3575,0.1225,0-3,2019,7161.25,2000.0,14.0,2.8,5,1.5
34.3575,0.1225,0-3,2023,14494.125,3376.0,14.0,2.8,5,1.5
34.0925,0.1275,0-3,2016,49404.625,10784.0,20.5,4.1,5,1.5
34.0925,0.1275,0-3,2019,67965.0,14080.0,20.5,4.1,5,1.5
34.0925,0.1275,0-3,2023,75800.25,15856.0,20.5,4.1,5,1.5
34.0975,0.1275,0-3,2016,13537.0,3424.0,22.0,3.6666666666666665,6,1.5
34.0975,0.1275,0-3,2019,15834.125,3920.0,22.0,3.6666666666666665,6,1.5
34.0975,0.1275,0-3,2023,20677.75,4880.0,22.0,3.6666666666666665,6,1.5
34.1025,0.1275,0-3,2016,5155.625,1008.0,14.0,2.8,5,1.5
34.1025,0.1275,0-3,2019,5946.625,1200.0,14.0,2.8,5,1.5
34.1025,0.1275,0-3,2023,7212.125,1472.0,14.0,2.8,5,1.5
34.1125,0.1275,13-,2016,11367.375,2992.0,55.5,9.25,6,20.0
34.1125,0.1275,13-,2019,15162.0,3776.0,55.5,9.25,6,20.0
34.1125,0.1275,13-,2023,17237.25,4240.0,55.5,9.25,6,20.0
34.1175,0.1275,13-,2016,6795.625,1808.0,54.0,10.8,5,20.0
34.1175,0.1275,13-,2019,6131.875,1696.0,54.0,10.8,5,20.0
34.1175,0.1275,13-,2023,7483.5,2048.0,54.0,10.8,5,20.0
34.1375,0.1275,4-6,2016,3059.0,896.0,49.5,8.25,6,5.0
34.1375,0.1275,4-6,2019,3551.5,976.0,49.5,8.25,6,5.0
34.1375,0.1275,4-6,2023,6115.875,1424.0,49.5,8.25,6,5.0
34.1425,0.1275,13-,2016,7915.125,2256.0,39.5,5.642857142857143,7,20.0
34.1425,0.1275,13-,2019,11586.25,3056.0,39.5,5.642857142857143,7,20.0
34.1425,0.1275,13-,2023,14746.25,3888.0,39.5,5.642857142857143,7,20.0
34.1475,0.1275,0-3,2016,2519.875,672.0,51.0,7.285714285714286,7,1.5
34.1475,0.1275,0-3,2019,3831.375,1088.0,51.0,7.285714285714286,7,1.5
34.1475,0.1275,0-3,2023,7758.5,2016.0,51.0,7.285714285714286,7,1.5
34.1525,0.1275,0-3,2016,3076.0,864.0,25.0,3.125,8,1.5
34.1525,0.1275,0-3,2019,5214.625,1440.0,25.0,3.125,8,1.5
34.1525,0.1275,0-3,2023,11387.375,2896.0,25.0,3.125,8,1.5
34.1575,0.1275,0-3,2016,7327.75,1728.0,18.5,3.0833333333333335,6,1.5
34.1575,0.1275,0-3,2019,10569.125,2512.0,18.5,3.0833333333333335,6,1.5
34.1575,0.1275,0-3,2023,15936.875,3616.0,18.5,3.0833333333333335,6,1.5
34.1925,0.1275,4-6,2016,1401.375,384.0,28.5,4.75,6,5.0
34.1925,0.1275,4-6,2019,2386.25,640.0,28.5,4.75,6,5.0
34.1925,0.1275,4-6,2023,2286.625,592.0,28.5,4.75,6,5.0
34.1975,0.1275,4-6,2016,2941.625,800.0,36.5,5.214285714285714,7,5.0
34.1975,0.1275,4-6,2019,4564.375,1152.0,36.5,5.214285714285714,7,5.0
34.1975,0.1275,4-6,2023,6334.25,1536.0,36.5,5.214285714285714,7,5.0
34.2025,0.1275,0-3,2016,8857.5,2336.0,32.0,8.0,4,1.5
34.2025,0.1275,0-3,2019,12460.625,3360.0,32.0,8.0,4,1.5
34.2025,0.1275,0-3,2023,15699.375,4000.0,32.0,8.0,4,1.5
34.2225,0.1275,0-3,2016,10123.375,2576.0,36.5,7.3,5,1.5
34.2225,0.1275,0-3,2019,10479.125,2768.0,36.5,7.3,5,1.5
34.2225,0.1275,0-3,2023,16070.0,3920.0,36.5,7.3,5,1.5
34.2275,0.1275,10-12,2016,10285.25,2560.0,34.0,4.857142857142857,7,11.0
34.2275,0.1275,10-12,2019,10516.625,2608.0,34.0,4.857142857142857,7,11.0
34.2275,0.1275,10-12,2023,22672.625,5056.0,34.0,4.857142857142857,7,11.0
34.2325,0.1275,4-6,2016,7653.125,2160.0,41.5,5.1875,8,5.0
34.2325,0.1275,4-6,2019,10726.125,2928.0,41.5,5.1875,8,5.0
34.2325,0.1275,4-6,2023,12893.625,3296.0,41.5,5.1875,8,5.0
34.2375,0.1275,0-3,2016,4694.75,1344.0,21.0,3.0,7,1.5
34.2375,0.1275,0-3,2019,5020.625,1344.0,21.0,3.0,7,1.5
34.2375,0.1275,0-3,2023,7962.0,2016.0,21.0,3.0,7,1.5
34.2425,0.1275,0-3,2016,6054.375,1584.0,7.5,1.5,5,1.5
34.2425,0.1275,0-3,2019,6615.875,1680.0,7.5,1.5,5,1.5
34.2425,0.1275,0-3,2023,9627.125,2352.0,7.5,1.5,5,1.5
34.2525,0.1275,0-3,2016,5702.75,1648.0,14.0,2.8,5,1.5
34.2525,0.1275,0-3,2019,6062.5,1664.0,14.0,2.8,5,1.5
34.2525,0.1275,0-3,2023,7446.125,2000.0,14.0,2.8,5,1.5
34.2575,0.1275,0-3,2016,2914.25,816.0,39.0,5.571428571428571,7,1.5
34.2575,0.1275,0-3,2019,4210.75,1200.0,39.0,5.571428571428571,7,1.5
34.2575,0.1275,0-3,2023,8727.625,2064.0,39.0,5.571428571428571,7,1.5
34.2625,0.1275,4-6,2016,4564.625,1248.0,39.0,5.571428571428571,7,5.0
34.2625,0.1275,4-6,2019,6833.5,1856.0,39.0,5.571428571428571,7,5.0
34.2625,0.1275,4-6,2023,10311.0,2544.0,39.0,5.571428571428571,7,5.0
34.2675,0.1275,0-3,2016,11952.125,2768.0,33.0,6.6,5,1.5
34.2675,0.1275,0-3,2019,12293.75,2928.0,33.0,6.6,5,1.5
34.2675,0.1275,0-3,2023,14700.0,3408.0,33.0,6.6,5,1.5
34.2825,0.1275,10-12,2016,13026.5,3072.0,35.0,5.833333333333333,6,11.0
34.2825,0.1275,10-12,2019,15824.875,3904.0,35.0,5.833333333333333,6,11.0
34.2825,0.1275,10-12,2023,20707.375,4880.0,35.0,5.833333333333333,6,11.0
34.2875,0.1275,10-12,2016,5664.5,1472.0,33.5,6.7,5,11.0
34.2875,0.1275,10-12,2019,6785.875,1792.0,33.5,6.7,5,11.0
34.2875,0.1275,10-12,2023,11599.375,2784.0,33.5,6.7,5,11.0
34.3025,0.1275,7-9,2016,6781.375,1824.0,12.5,3.125,4,8.0
34.3025,0.1275,7-9,2019,8968.875,2336.0,12.5,3.125,4,8.0
34.3025,0.1275,7-9,2023,10797.125,2608.0,12.5,3.125,4,8.0
34.3075,0.1275,7-9,2016,17243.0,4176.0,20.5,2.9285714285714284,7,8.0
34.3075,0.1275,7-9,2019,20943.0,4896.0,20.5,2.9285714285714284,7,8.0
34.3075,0.1275,7-9,2023,27077.25,6176.0,20.5,2.9285714285714284,7,8.0
34.3125,0.1275,4-6,2016,13123.5,3424.0,14.0,2.8,5,5.0
34.3125,0.1275,4-6,2019,15961.375,4048.0,14.0,2.8,5,5.0
34.3125,0.1275,4-6,2023,18582.0,4368.0,14.0,2.8,5,5.0
34.3325,0.1275,0-3,2016,14382.375,3872.0,6.0,1.5,4,1.5
34.3325,0.1275,0-3,2019,17934.0,4800.0,6.0,1.5,4,1.5
34.3325,0.1275,0-3,2023,23040.25,5616.0,6.0,1.5,4,1.5
34.3475,0.1275,10-12,2016,10802.0,2688.0,35.0,5.833333333333333,6,11.0
34.3475,0.1275,10-12,2019,13852.25,3328.0,35.0,5.833333333333333,6,11.0
34.3475,0.1275,10-12,2023,16358.625,3808.0,35.0,5.833333333333333,6,11.0
34.3525,0.1275,7-9,2016,6029.75,1600.0,36.0,5.142857142857143,7,8.0
34.3525,0.1275,7-9,2019,7550.75,2016.0,36.0,5.142857142857143,7,8.0
34.3525,0.1275,7-9,2023,6896.25,1680.0,36.0,5.142857142857143,7,8.0
34.3575,0.1275,0-3,2016,2254.125,640.0,12.5,3.125,4,1.5
34.3575,0.1275,0-3,2019,4603.5,1264.0,12.5,3.125,4,1.5
34.3575,0.1275,0-3,2023,5899.75,1488.0,12.5,3.125,4,1.5
34.0975,0.1325,0-3,2016,12720.25,3024.0,4.5,1.5,3,1.5
34.0975,0.1325,0-3,2019,17290.125,4096.0,4.5,1.5,3,1.5
34.0975,0.1325,0-3,2023,17961.375,4192.0,4.5,1.5,3,1.5
34.1125,0.1325,10-12,2016,4364.5,1120.0,72.5,14.5,5,11.0
34.1125,0.1325,10-12,2019,5205.25,1376.0,72.5,14.5,5,11.0
34.1125,0.1325,10-12,2023,4436.5,1152.0,72.5,14.5,5,11.0
34.1175,0.1325,13-,2016,8081.25,1904.0,65.0,10.833333333333334,6,20.0
34.1175,0.1325,13-,2019,12584.75,2944.0,65.0,10.833333333333334,6,20.0
34.1175,0.1325,13-,2023,16139.75,3808.0,65.0,10.833333333333334,6,20.0
34.1325,0.1325,0-3,2016,1748.5,432.0,8.0,2.6666666666666665,3,1.5
34.1325,0.1325,0-3,2019,1350.375,336.0,8.0,2.6666666666666665,3,1.5
34.1325,0.1325,0-3,2023,2166.375,576.0,8.0,2.6666666666666665,3,1.5
34.1375,0.1325,0-3,2016,1145.0,320.0,56.0,9.333333333333334,6,1.5
34.1375,0.1325,0-3,2019,1794.375,416.0,56.0,9.333333333333334,6,1.5
34.1375,0.1325,0-3,2023,1441.75,304.0,56.0,9.333333333333334,6,1.5
34.1425,0.1325,13-,2016,19320.875,4528.0,59.0,7.375,8,20.0
34.1425,0.1325,13-,2019,24579.125,5600.0,59.0,7.375,8,20.0
34.1425,0.1325,13-,2023,26527.25,6112.0,59.0,7.375,8,20.0
34.1475,0.1325,0-3,2016,6611.75,1840.0,83.5,10.4375,8,1.5
34.1475,0.1325,0-3,2019,9295.375,2448.0,83.5,10.4375,8,1.5
34.1475,0.1325,0-3,2023,11151.0,2704.0,83.5,10.4375,8,1.5
34.1525,0.1325,0-3,2016,5202.875,1408.0,38.5,5.5,7,1.5
34.1525,0.1325,0-3,2019,7469.375,2112.0,38.5,5.5,7,1.5
34.1525,0.1325,0-3,2023,9889.5,2544.0,38.5,5.5,7,1.5
34.1575,0.1325,0-3,2016,5048.0,1376.0,17.0,3.4,5,1.5
34.1575,0.1325,0-3,2019,8533.625,2288.0,17.0,3.4,5,1.5
34.1575,0.1325,0-3,2023,10187.375,2624.0,17.0,3.4,5,1.5
34.1825,0.1325,0-3,2016,7398.25,1984.0,3.0,1.5,2,1.5
34.1825,0.1325,0-3,2019,10167.875,2784.0,3.0,1.5,2,1.5
34.1825,0.1325,0-3,2023,16811.875,3920.0,3.0,1.5,2,1.5
34.1925,0.1325,0-3,2016,7486.875,1904.0,23.0,5.75,4,1.5
34.1925,0.1325,0-3,2019,8915.5,2240.0,23.0,5.75,4,1.5
34.1925,0.1325,0-3,2023,10168.25,2544.0,23.0,5.75,4,1.5
34.1975,0.1325,7-9,2016,12105.25,2816.0,46.0,6.571428571428571,7,8.0
34.1975,0.1325,7-9,2019,16666.75,3760.0,46.0,6.571428571428571,7,8.0
34.1975,0.1325,7-9,2023,20225.75,4320.0,46.0,6.571428571428571,7,8.0
34.2025,0.1325,7-9,2016,6178.75,1792.0,41.0,6.833333333333333,6,8.0
34.2025,0.1325,7-9,2019,8678.0,2384.0,41.0,6.833333333333333,6,8.0
34.2025,0.1325,7-9,2023,11770.75,2992.0,41.0,6.833333333333333,6,8.0
34.2175,0.1325,7-9,2016,6492.875,1808.0,19.0,4.75,4,8.0
34.2175,0.1325,7-9,2019,8491.125,2256.0,19.0,4.75,4,8.0
34.2175,0.1325,7-9,2023,9739.0,2528.0,19.0,4.75,4,8.0
34.2225,0.1325,0-3,2016,5416.5,1472.0,49.0,7.0,7,1.5
34.2225,0.1325,0-3,2019,8800.875,2448.0,49.0,7.0,7,1.5
34.2225,0.1325,0-3,2023,9347.75,2336.0,49.0,7.0,7,1.5
34.2275,0.1325,10-12,2016,11435.75,2816.0,38.0,4.75,8,11.0
34.2275,0.1325,10-12,2019,19477.375,4560.0,38.0,4.75,8,11.0
34.2275,0.1325,10-12,2023,22632.875,4912.0,38.0,4.75,8,11.0
34.2325,0.1325,4-6,2016,5842.5,1680.0,34.5,4.3125,8,5.0
34.2325,0.1325,4-6,2019,6801.375,1936.0,34.5,4.3125,8,5.0
34.2325,0.1325,4-6,2023,9550.5,2432.0,34.5,4.3125,8,5.0
34.2375,0.1325,0-3,2016,5335.125,1280.0,17.5,2.5,7,1.5
34.2375,0.1325,0-3,2019,6044.125,1376.0,17.5,2.5,7,1.5
34.2375,0.1325,0-3,2023,6191.5,1424.0,17.5,2.5,7,1.5
34.2475,0.1325,0-3,2016,9247.5,2288.0,9.0,1.5,6,1.5
34.2475,0.1325,0-3,2019,13971.625,3584.0,9.0,1.5,6,1.5
34.2475,0.1325,0-3,2023,19350.75,4608.0,9.0,1.5,6,1.5
34.2525,0.1325,0-3,2016,4453.625,1216.0,17.0,2.4285714285714284,7,1.5
34.2525,0.1325,0-3,2019,5219.5,1392.0,17.0,2.4285714285714284,7,1.5
34.2525,0.1325,0-3,2023,6944.125,1744.0,17.0,2.4285714285714284,7,1.5
34.2575,0.1325,7-9,2016,14987.875,3424.0,32.5,4.642857142857143,7,8.0
34.2575,0.1325,7-9,2019,19055.625,4240.0,32.5,4.642857142857143,7,8.0
34.2575,0.1325,7-9,2023,22404.875,4656.0,32.5,4.642857142857143,7,8.0
34.2625,0.1325,13-,2016,4783.875,1312.0,24.0,3.4285714285714284,7,20.0
34.2625,0.1325,13-,2019,6897.375,1808.0,24.0,3.4285714285714284,7,20.0
34.2625,0.1325,13-,2023,8369.5,2016.0,24.0,3.4285714285714284,7,20.0
34.2675,0.1325,4-6,2016,10441.75,2544.0,34.5,5.75,6,5.0
34.2675,0.1325,4-6,2019,13783.875,3280.0,34.5,5.75,6,5.0
34.2675,0.1325,4-6,2023,22984.5,4880.0,34.5,5.75,6,5.0
34.2725,0.1325,0-3,2016,15593.75,4016.0,16.0,2.6666666666666665,6,1.5
34.2725,0.1325,0-3,2019,18275.375,4768.0,16.0,2.6666666666666665,6,1.5
34.2725,0.1325,0-3,2023,21419.375,5120.0,16.0,2.6666666666666665,6,1.5
34.2775,0.1325,0-3,2016,5316.75,1408.0,28.5,4.75,6,1.5
34.2775,0.1325,0-3,2019,6681.625,1728.0,28.5,4.75,6,1.5
34.2775,0.1325,0-3,2023,9122.375,2128.0,28.5,4.75,6,1.5
34.2825,0.1325,7-9,2016,9060.5,2400.0,36.5,5.214285714285714,7,8.0
34.2825,0.1325,7-9,2019,9594.25,2560.0,36.5,5.214285714285714,7,8.0
34.2825,0.1325,7-9,2023,13008.375,3184.0,36.5,5.214285714285714,7,8.0
34.2875,0.1325,4-6,2016,2731.75,752.0,41.5,6.916666666666667,6,5.0
34.2875,0.1325,4-6,2019,3551.125,896.0,41.5,6.916666666666667,6,5.0
34.2875,0.1325,4-6,2023,3708.0,960.0,41.5,6.916666666666667,6,5.0
34.3025,0.1325,0-3,2016,8162.5,2224.0,22.0,3.6666666666666665,6,1.5
34.3025,0.1325,0-3,2019,11951.25,3088.0,22.0,3.6666666666666665,6,1.5
34.3025,0.1325,0-3,2023,15102.875,3584.0,22.0,3.6666666666666665,6,1.5
34.3075,0.1325,0-3,2016,12705.0,2624.0,27.0,3.857142857142857,7,1.5
34.3075,0.1325,0-3,2019,16541.875,3296.0,27.0,3.857142857142857,7,1.5
34.3075,0.1325,0-3,2023,20047.375,3952.0,27.0,3.857142857142857,7,1.5
34.3125,0.1325,0-3,2016,11553.375,2928.0,16.0,4.0,4,1.5
34.3125,0.1325,0-3,2019,17233.625,4128.0,16.0,4.0,4,1.5
34.3125,0.1325,0-3,2023,20218.875,4800.0,16.0,4.0,4,1.5
34.3275,0.1325,0-3,2016,8562.25,2240.0,6.0,1.5,4,1.5
34.3275,0.1325,0-3,2019,11442.25,2944.0,6.0,1.5,4,1.5
34.3275,0.1325,0-3,2023,13958.625,3312.0,6.0,1.5,4,1.5
34.3325,0.1325,0-3,2016,19773.0,4512.0,6.0,1.5,4,1.5
34.3325,0.1325,0-3,2019,25967.875,6128.0,6.0,1.5,4,1.5
34.3325,0.1325,0-3,2023,31187.25,6912.0,6.0,1.5,4,1.5
34.3475,0.1325,7-9,2016,11014.875,2992.0,30.5,6.1,5,8.0
34.3475,0.1325,7-9,2019,12605.375,3344.0,30.5,6.1,5,8.0
34.3475,0.1325,7-9,2023,14683.5,3680.0,30.5,6.1,5,8.0
34.3525,0.1325,0-3,2016,4867.25,1280.0,38.5,6.416666666666667,6,1.5
34.3525,0.1325,0-3,2019,6708.0,1808.0,38.5,6.416666666666667,6,1.5
34.3525,0.1325,0-3,2023,11386.125,2704.0,38.5,6.416666666666667,6,1.5
34.1125,0.1375,0-3,2016,1209.875,368.0,58.0,11.6,5,1.5
34.1125,0.1375,0-3,2019,1927.0,560.0,58.0,11.6,5,1.5
34.1125,0.1375,0-3,2023,2232.0,592.0,58.0,11.6,5,1.5
34.1175,0.1375,10-12,2016,8198.625,2224.0,51.5,7.357142857142857,7,11.0
34.1175,0.1375,10-12,2019,9642.5,2624.0,51.5,7.357142857142857,7,11.0
34.1175,0.1375,10-12,2023,12110.625,3184.0,51.5,7.357142857142857,7,11.0
34.1225,0.1375,0-3,2016,7881.75,2112.0,45.0,9.0,5,1.5
34.1225,0.1375,0-3,2019,9662.875,2560.0,45.0,9.0,5,1.5
34.1225,0.1375,0-3,2023,9835.125,2512.0,45.0,9.0,5,1.5
34.1375,0.1375,0-3,2016,1886.25,512.0,34.0,5.666666666666667,6,1.5
34.1375,0.1375,0-3,2019,2042.875,544.0,34.0,5.666666666666667,6,1.5
34.1375,0.1375,0-3,2023,2468.125,608.0,34.0,5.666666666666667,6,1.5
34.1425,0.1375,7-9,2016,7914.0,2080.0,49.0,6.125,8,8.0
34.1425,0.1375,7-9,2019,10017.875,2544.0,49.0,6.125,8,8.0
34.1425,0.1375,7-9,2023,9851.75,2608.0,49.0,6.125,8,8.0
34.1475,0.1375,13-,2016,10071.125,2576.0,56.0,7.0,8,20.0
34.1475,0.1375,13-,2019,13139.875,3328.0,56.0,7.0,8,20.0
34.1475,0.1375,13-,2023,14331.0,3488.0,56.0,7.0,8,20.0
34.1525,0.1375,10-12,2016,9029.625,2384.0,38.5,5.5,7,11.0
34.1525,0.1375,10-12,2019,11503.5,2976.0,38.5,5.5,7,11.0
34.1525,0.1375,10-12,2023,11472.75,2944.0,38.5,5.5,7,11.0
34.1625,0.1375,0-3,2016,1812.0,512.0,7.5,1.5,5,1.5
34.1625,0.1375,0-3,2019,3099.875,848.0,7.5,1.5,5,1.5
34.1625,0.1375,0-3,2023,4595.25,1216.0,7.5,1.5,5,1.5
34.1675,0.1375,0-3,2016,5265.875,1440.0,20.5,4.1,5,1.5
34.1675,0.1375,0-3,2019,8521.875,2256.0,20.5,4.1,5,1.5
34.1675,0.1375,0-3,2023,11726.0,2880.0,20.5,4.1,5,1.5
34.1725,0.1375,4-6,2016,7607.875,2000.0,17.0,3.4,5,5.0
34.1725,0.1375,4-6,2019,8039.0,2128.0,17.0,3.4,5,5.0
34.1725,0.1375,4-6,2023,8933.75,2272.0,17.0,3.4,5,5.0
34.1775,0.1375,0-3,2016,4357.75,1200.0,22.0,3.6666666666666665,6,1.5
34.1775,0.1375,0-3,2019,5975.25,1744.0,22.0,3.6666666666666665,6,1.5
34.1775,0.1375,0-3,2023,7418.375,1968.0,22.0,3.6666666666666665,6,1.5
34.1825,0.1375,0-3,2016,6025.75,1664.0,6.0,1.5,4,1.5
34.1825,0.1375,0-3,2019,8751.625,2368.0,6.0,1.5,4,1.5
34.1825,0.1375,0-3,2023,10877.0,2704.0,6.0,1.5,4,1.5
34.1975,0.1375,4-6,2016,9819.375,2624.0,60.5,8.642857142857142,7,5.0
34.1975,0.1375,4-6,2019,12732.0,3264.0,60.5,8.642857142857142,7,5.0
34.1975,0.1375,4-6,2023,17559.25,4208.0,60.5,8.642857142857142,7,5.0
34.2025,0.1375,13-,2016,12524.375,2976.0,44.0,7.333333333333333,6,20.0
34.2025,0.1375,13-,2019,15669.625,3680.0,44.0,7.333333333333333,6,20.0
34.2025,0.1375,13-,2023,18515.375,4224.0,44.0,7.333333333333333,6,20.0
34.2075,0.1375,0-3,2016,4026.375,1168.0,48.0,16.0,3,1.5
34.2075,0.1375,0-3,2019,6476.5,1824.0,48.0,16.0,3,1.5
34.2075,0.1375,0-3,2023,8598.0,2176.0,48.0,16.0,3,1.5
34.2175,0.1375,4-6,2016,6892.125,1840.0,33.5,6.7,5,5.0
34.2175,0.1375,4-6,2019,7044.0,1936.0,33.5,6.7,5,5.0
34.2175,0.1375,4-6,2023,10431.5,2592.0,33.5,6.7,5,5.0
34.2225,0.1375,10-12,2016,4317.0,1216.0,41.5,5.1875,8,11.0
34.2225,0.1375,10-12,2019,4994.375,1424.0,41.5,5.1875,8,11.0
34.2225,0.1375,10-12,2023,6863.875,1792.0,41.5,5.1875,8,11.0
34.2275,0.1375,0-3,2016,4280.625,1120.0,41.0,5.125,8,1.5
34.2275,0.1375,0-3,2019,8217.0,1936.0,41.0,5.125,8,1.5
34.2275,0.1375,0-3,2023,10469.125,2480.0,41.0,5.125,8,1.5
34.2325,0.1375,0-3,2016,9183.25,2384.0,23.5,3.357142857142857,7,1.5
34.2325,0.1375,0-3,2019,12125.375,3088.0,23.5,3.357142857142857,7,1.5
34.2325,0.1375,0-3,2023,17349.0,4192.0,23.5,3.357142857142857,7,1.5
34.2375,0.1375,0-3,2016,7918.5,2016.0,11.0,2.2,5,1.5
34.2375,0.1375,0-3,2019,11988.75,3088.0,11.0,2.2,5,1.5
34.2375,0.1375,0-3,2023,14499.0,3616.0,11.0,2.2,5,1.5
34.2425,0.1375,0-3,2016,5623.25,1424.0,7.5,1.5,5,1.5
34.2425,0.1375,0-3,2019,6655.625,1712.0,7.5,1.5,5,1.5
34.2425,0.1375,0-3,2023,10844.875,2496.0,7.5,1.5,5,1.5
34.2475,0.1375,0-3,2016,9249.125,2432.0,27.5,4.583333333333333,6,1.5
34.2475,0.1375,0-3,2019,12169.75,3264.0,27.5,4.583333333333333,6,1.5
34.2475,0.1375,0-3,2023,20707.625,4672.0,27.5,4.583333333333333,6,1.5
34.2525,0.1375,0-3,2016,7210.75,1904.0,40.5,5.0625,8,1.5
34.2525,0.1375,0-3,2019,9790.875,2512.0,40.5,5.0625,8,1.5
34.2525,0.1375,0-3,2023,13871.5,3360.0,40.5,5.0625,8,1.5
34.2575,0.1375,0-3,2016,20367.0,4928.0,57.5,8.214285714285714,7,1.5
34.2575,0.1375,0-3,2019,25728.875,5856.0,57.5,8.214285714285714,7,1.5
34.2575,0.1375,0-3,2023,28938.0,6272.0,57.5,8.214285714285714,7,1.5
34.2675,0.1375,0-3,2016,11193.25,2480.0,49.0,7.0,7,1.5
34.2675,0.1375,0-3,2019,12333.0,2768.0,49.0,7.0,7,1.5
34.2675,0.1375,0-3,2023,14115.625,3024.0,49.0,7.0,7,1.5
34.2725,0.1375,4-6,2016,10828.5,2912.0,47.0,5.875,8,5.0
34.2725,0.1375,4-6,2019,13975.0,3600.0,47.0,5.875,8,5.0
34.2725,0.1375,4-6,2023,16153.75,3840.0,47.0,5.875,8,5.0
34.2775,0.1375,0-3,2016,33146.25,6384.0,47.0,5.875,8,1.5
34.2775,0.1375,0-3,2019,35130.5,6896.0,47.0,5.875,8,1.5
34.2775,0.1375,0-3,2023,33710.125,6416.0,47.0,5.875,8,1.5
34.2825,0.1375,0-3,2016,2043.0,496.0,47.5,5.9375,8,1.5
34.2825,0.1375,0-3,2019,2276.0,512.0,47.5,5.9375,8,1.5
34.2825,0.1375,0-3,2023,2316.0,496.0,47.5,5.9375,8,1.5
34.2875,0.1375,4-6,2016,5090.5,1312.0,34.0,4.857142857142857,7,5.0
34.2875,0.1375,4-6,2019,7109.625,1808.0,34.0,4.857142857142857,7,5.0
34.2875,0.1375,4-6,2023,11431.0,2592.0,34.0,4.857142857142857,7,5.0
34.2925,0.1375,4-6,2016,7910.875,1936.0,26.0,4.333333333333333,6,5.0
34.2925,0.1375,4-6,2019,8085.125,2032.0,26.0,4.333333333333333,6,5.0
34.2925,0.1375,4-6,2023,8900.5,2080.0,26.0,4.333333333333333,6,5.0
34.2975,0.1375,0-3,2016,8844.125,2320.0,19.0,3.1666666666666665,6,1.5
34.2975,0.1375,0-3,2019,10193.125,2592.0,19.0,3.1666666666666665,6,1.5
34.2975,0.1375,0-3,2023,12165.125,2896.0,19.0,3.1666666666666665,6,1.5
34.3025,0.1375,0-3,2016,7680.625,1856.0,10.5,1.5,7,1.5
34.3025,0.1375,0-3,2019,9699.5,2272.0,10.5,1.5,7,1.5
34.3025,0.1375,0-3,2023,10560.25,2432.0,10.5,1.5,7,1.5
34.3075,0.1375,0-3,2016,7587.25,2080.0,9.0,1.5,6,1.5
34.3075,0.1375,0-3,2019,14271.125,3344.0,9.0,1.5,6,1.5
34.3075,0.1375,0-3,2023,18177.75,4032.0,9.0,1.5,6,1.5
34.3275,0.1375,0-3,2016,7571.375,1648.0,6.0,1.5,4,1.5
34.3275,0.1375,0-3,2019,11391.375,2400.0,6.0,1.5,4,1.5
34.3275,0.1375,0-3,2023,14859.625,3184.0,6.0,1.5,4,1.5
34.3325,0.1375,0-3,2016,16119.125,4000.0,4.5,1.5,3,1.5
34.3325,0.1375,0-3,2019,20869.0,5152.0,4.5,1.5,3,1.5
34.3325,0.1375,0-3,2023,28672.25,6480.0,4.5,1.5,3,1.5
34.3475,0.1375,4-6,2016,5024.875,1344.0,25.5,4.25,6,5.0
34.3475,0.1375,4-6,2019,5753.625,1552.0,25.5,4.25,6,5.0
34.3475,0.1375,4-6,2023,9229.75,2288.0,25.5,4.25,6,5.0
34.3525,0.1375,4-6,2016,3112.25,880.0,29.0,4.833333333333333,6,5.0
34.3525,0.1375,4-6,2019,4200.0,1120.0,29.0,4.833333333333333,6,5.0
34.3525,0.1375,4-6,2023,4943.625,1216.0,29.0,4.833333333333333,6,5.0
34.4125,0.1375,0-3,2016,7725.25,1936.0,19.0,4.75,4,1.5
34.4125,0.1375,0-3,2019,7695.0,2032.0,19.0,4.75,4,1.5
34.4125,0.1375,0-3,2023,8747.5,2160.0,19.0,4.75,4,1.5
34.4175,0.1375,0-3,2016,5310.875,1376.0,17.5,5.833333333333333,3,1.5
34.4175,0.1375,0-3,2019,11066.75,2656.0,17.5,5.833333333333333,3,1.5
34.4175,0.1375,0-3,2023,11909.125,2704.0,17.5,5.833333333333333,3,1.5
34.1125,0.1425,4-6,2016,1573.25,416.0,25.0,6.25,4,5.0
34.1125,0.1425,4-6,2019,2293.125,640.0,25.0,6.25,4,5.0
34.1125,0.1425,4-6,2023,2137.125,560.0,25.0,6.25,4,5.0
34.1175,0.1425,10-12,2016,15534.625,3472.0,30.0,4.285714285714286,7,11.0
34.1175,0.1425,10-12,2019,18210.0,4432.0,30.0,4.285714285714286,7,11.0
34.1175,0.1425,10-12,2023,19241.5,4544.0,30.0,4.285714285714286,7,11.0
34.1225,0.1425,0-3,2016,17149.25,3568.0,54.5,7.785714285714286,7,1.5
34.1225,0.1425,0-3,2019,20667.5,4208.0,54.5,7.785714285714286,7,1.5
34.1225,0.1425,0-3,2023,20465.375,4320.0,54.5,7.785714285714286,7,1.5
34.1275,0.1425,0-3,2016,3194.875,832.0,42.0,8.4,5,1.5
34.1275,0.1425,0-3,2019,5896.0,1536.0,42.0,8.4,5,1.5
34.1275,0.1425,0-3,2023,8348.375,2000.0,42.0,8.4,5,1.5
34.1375,0.1425,0-3,2016,2875.625,832.0,23.5,4.7,5,1.5
34.1375,0.1425,0-3,2019,3883.625,1040.0,23.5,4.7,5,1.5
34.1375,0.1425,0-3,2023,4372.875,1216.0,23.5,4.7,5,1.5
34.1425,0.1425,0-3,2016,2443.5,656.0,54.0,7.714285714285714,7,1.5
34.1425,0.1425,0-3,2019,3195.875,848.0,54.0,7.714285714285714,7,1.5
34.1425,0.1425,0-3,2023,3480.25,976.0,54.0,7.714285714285714,7,1.5
34.1475,0.1425,0-3,2016,1345.625,368.0,93.0,11.625,8,1.5
34.1475,0.1425,0-3,2019,1837.125,464.0,93.0,11.625,8,1.5
34.1475,0.1425,0-3,2023,1255.25,288.0,93.0,11.625,8,1.5
34.1525,0.1425,10-12,2016,6596.375,1808.0,75.5,10.785714285714286,7,11.0
34.1525,0.1425,10-12,2019,7815.125,2160.0,75.5,10.785714285714286,7,11.0
34.1525,0.1425,10-12,2023,9326.0,2464.0,75.5,10.785714285714286,7,11.0
34.1575,0.1425,0-3,2016,3728.25,1072.0,48.0,6.857142857142857,7,1.5
34.1575,0.1425,0-3,2019,4643.375,1216.0,48.0,6.857142857142857,7,1.5
34.1575,0.1425,0-3,2023,3874.625,1024.0,48.0,6.857142857142857,7,1.5
34.1625,0.1425,0-3,2016,7860.125,2144.0,10.5,1.5,7,1.5
34.1625,0.1425,0-3,2019,9401.125,2592.0,10.5,1.5,7,1.5
34.1625,0.1425,0-3,2023,13919.625,3584.0,10.5,1.5,7,1.5
34.1675,0.1425,0-3,2016,12038.625,3216.0,25.0,3.125,8,1.5
34.1675,0.1425,0-3,2019,15568.375,4000.0,25.0,3.125,8,1.5
34.1675,0.1425,0-3,2023,21360.0,5280.0,25.0,3.125,8,1.5
34.1725,0.1425,10-12,2016,13258.625,3280.0,15.5,1.9375,8,11.0
34.1725,0.1425,10-12,2019,17219.5,4288.0,15.5,1.9375,8,11.0
34.1725,0.1425,10-12,2023,20547.5,4864.0,15.5,1.9375,8,11.0
34.1775,0.1425,0-3,2016,15064.0,3840.0,25.0,3.125,8,1.5
34.1775,0.1425,0-3,2019,19760.375,5024.0,25.0,3.125,8,1.5
34.1775,0.1425,0-3,2023,23992.0,5728.0,25.0,3.125,8,1.5
34.1825,0.1425,0-3,2016,12396.5,3104.0,9.0,1.5,6,1.5
34.1825,0.1425,0-3,2019,15285.875,3760.0,9.0,1.5,6,1.5
34.1825,0.1425,0-3,2023,22225.875,5216.0,9.0,1.5,6,1.5
34.1925,0.1425,0-3,2016,52903.5,11600.0,11.0,2.2,5,1.5
34.1925,0.1425,0-3,2019,70601.75,14336.0,11.0,2.2,5,1.5
34.1925,0.1425,0-3,2023,86574.125,17088.0,11.0,2.2,5,1.5
34.1975,0.1425,0-3,2016,6964.875,1936.0,51.0,7.285714285714286,7,1.5
34.1975,0.1425,0-3,2019,12370.625,3120.0,51.0,7.285714285714286,7,1.5
34.1975,0.1425,0-3,2023,21384.375,4944.0,51.0,7.285714285714286,7,1.5
34.2025,0.1425,13-,2016,7175.0,2080.0,32.5,4.642857142857143,7,20.0
34.2025,0.1425,13-,2019,9339.5,2560.0,32.5,4.642857142857143,7,20.0
34.2025,0.1425,13-,2023,12248.5,3184.0,32.5,4.642857142857143,7,20.0
34.2175,0.1425,4-6,2016,2102.5,608.0,28.5,4.75,6,5.0
34.2175,0.1425,4-6,2019,2036.0,528.0,28.5,4.75,6,5.0
34.2175,0.1425,4-6,2023,3717.0,896.0,28.5,4.75,6,5.0
34.2225,0.1425,7-9,2016,9985.875,2512.0,28.5,3.5625,8,8.0
34.2225,0.1425,7-9,2019,9372.125,2464.0,28.5,3.5625,8,8.0
34.2225,0.1425,7-9,2023,15963.0,3664.0,28.5,3.5625,8,8.0
34.2275,0.1425,0-3,2016,7105.0,1856.0,26.5,3.7857142857142856,7,1.5
34.2275,0.1425,0-3,2019,6862.75,1792.0,26.5,3.7857142857142856,7,1.5
34.2275,0.1425,0-3,2023,11343.75,2768.0,26.5,3.7857142857142856,7,1.5
34.2325,0.1425,0-3,2016,2344.375,656.0,7.5,1.5,5,1.5
34.2325,0.1425,0-3,2019,2846.125,768.0,7.5,1.5,5,1.5
34.2325,0.1425,0-3,2023,4419.125,1136.0,7.5,1.5,5,1.5
34.2475,0.1425,0-3,2016,5700.875,1472.0,32.5,4.642857142857143,7,1.5
34.2475,0.1425,0-3,2019,7772.5,1888.0,32.5,4.642857142857143,7,1.5
34.2475,0.1425,0-3,2023,11680.625,2656.0,32.5,4.642857142857143,7,1.5
34.2525,0.1425,13-,2016,8890.0,2352.0,22.5,2.8125,8,20.0
34.2525,0.1425,13-,2019,11846.875,3056.0,22.5,2.8125,8,20.0
34.2525,0.1425,13-,2023,15165.0,3664.0,22.5,2.8125,8,20.0
34.2575,0.1425,4-6,2016,9619.5,2512.0,34.5,5.75,6,5.0
34.2575,0.1425,4-6,2019,11858.75,2976.0,34.5,5.75,6,5.0
34.2575,0.1425,4-6,2023,14445.25,3440.0,34.5,5.75,6,5.0
34.2625,0.1425,0-3,2016,2499.625,704.0,21.0,4.2,5,1.5
34.2625,0.1425,0-3,2019,3355.625,928.0,21.0,4.2,5,1.5
34.2625,0.1425,0-3,2023,4701.625,1200.0,21.0,4.2,5,1.5
34.2675,0.1425,7-9,2016,8394.375,2160.0,17.5,3.5,5,8.0
34.2675,0.1425,7-9,2019,13454.625,3376.0,17.5,3.5,5,8.0
34.2675,0.1425,7-9,2023,15028.75,3424.0,17.5,3.5,5,8.0
34.2725,0.1425,7-9,2016,8951.375,2368.0,39.0,5.571428571428571,7,8.0
34.2725,0.1425,7-9,2019,9966.125,2816.0,39.0,5.571428571428571,7,8.0
34.2725,0.1425,7-9,2023,13378.5,3456.0,39.0,5.571428571428571,7,8.0
34.2775,0.1425,13-,2016,6373.375,1728.0,20.5,2.9285714285714284,7,20.0
34.2775,0.1425,13-,2019,6730.0,1856.0,20.5,2.9285714285714284,7,20.0
34.2775,0.1425,13-,2023,9878.625,2448.0,20.5,2.9285714285714284,7,20.0
34.2825,0.1425,0-3,2016,10693.875,2624.0,34.5,5.75,6,1.5
34.2825,0.1425,0-3,2019,13415.75,3104.0,34.5,5.75,6,1.5
34.2825,0.1425,0-3,2023,15540.875,3584.0,34.5,5.75,6,1.5
34.2875,0.1425,4-6,2016,16265.0,3920.0,32.0,5.333333333333333,6,5.0
34.2875,0.1425,4-6,2019,23552.0,5584.0,32.0,5.333333333333333,6,5.0
34.2875,0.1425,4-6,2023,32835.125,7488.0,32.0,5.333333333333333,6,5.0
34.2925,0.1425,7-9,2016,16399.625,4032.0,34.0,4.857142857142857,7,8.0
34.2925,0.1425,7-9,2019,17967.25,4432.0,34.0,4.857142857142857,7,8.0
34.2925,0.1425,7-9,2023,21884.0,5184.0,34.0,4.857142857142857,7,8.0
34.2975,0.1425,0-3,2016,28212.5,6224.0,35.0,4.375,8,1.5
34.2975,0.1425,0-3,2019,35810.625,8032.0,35.0,4.375,8,1.5
34.2975,0.1425,0-3,2023,46227.5,9776.0,35.0,4.375,8,1.5
34.3025,0.1425,0-3,2016,4983.0,1440.0,15.5,1.9375,8,1.5
34.3025,0.1425,0-3,2019,5730.125,1520.0,15.5,1.9375,8,1.5
34.3025,0.1425,0-3,2023,7865.75,1904.0,15.5,1.9375,8,1.5
34.3075,0.1425,0-3,2016,16855.5,4352.0,9.0,1.5,6,1.5
34.3075,0.1425,0-3,2019,21408.375,5456.0,9.0,1.5,6,1.5
34.3075,0.1425,0-3,2023,24739.375,5920.0,9.0,1.5,6,1.5
34.3225,0.1425,0-3,2016,5185.5,1392.0,19.0,4.75,4,1.5
34.3225,0.1425,0-3,2019,6239.625,1664.0,19.0,4.75,4,1.5
34.3225,0.1425,0-3,2023,8733.375,2192.0,19.0,4.75,4,1.5
34.3425,0.1425,0-3,2016,4268.625,1088.0,29.5,5.9,5,1.5
34.3425,0.1425,0-3,2019,3744.375,976.0,29.5,5.9,5,1.5
34.3425,0.1425,0-3,2023,5769.125,1328.0,29.5,5.9,5,1.5
34.3475,0.1425,0-3,2016,10391.875,2432.0,42.5,6.071428571428571,7,1.5
34.3475,0.1425,0-3,2019,15623.625,3504.0,42.5,6.071428571428571,7,1.5
34.3475,0.1425,0-3,2023,19644.375,4224.0,42.5,6.071428571428571,7,1.5
34.3525,0.1425,7-9,2016,16590.5,4016.0,21.0,3.0,7,8.0
34.3525,0.1425,7-9,2019,20686.75,4736.0,21.0,3.0,7,8.0
34.3525,0.1425,7-9,2023,23102.0,5136.0,21.0,3.0,7,8.0
34.3575,0.1425,4-6,2016,16759.625,3696.0,41.0,6.833333333333333,6,5.0
34.3575,0.1425,4-6,2019,19881.875,4400.0,41.0,6.833333333333333,6,5.0
34.3575,0.1425,4-6,2023,22748.5,4944.0,41.0,6.833333333333333,6,5.0
34.3625,0.1425,4-6,2016,10397.25,2704.0,29.5,5.9,5,5.0
34.3625,0.1425,4-6,2019,12715.375,3200.0,29.5,5.9,5,5.0
34.3625,0.1425,4-6,2023,14840.125,3456.0,29.5,5.9,5,5.0
34.3675,0.1425,0-3,2016,3354.0,896.0,28.0,7.0,4,1.5
34.3675,0.1425,0-3,2019,4010.25,1008.0,28.0,7.0,4,1.5
34.3675,0.1425,0-3,2023,5900.0,1392.0,28.0,7.0,4,1.5
34.4025,0.1425,0-3,2016,18965.875,4224.0,12.5,3.125,4,1.5
34.4025,0.1425,0-3,2019,20445.25,4448.0,12.5,3.125,4,1.5
34.4025,0.1425,0-3,2023,24444.75,5296.0,12.5,3.125,4,1.5
34.4075,0.1425,0-3,2016,13460.5,2960.0,31.5,5.25,6,1.5
34.4075,0.1425,0-3,2019,15960.125,3552.0,31.5,5.25,6,1.5
34.4075,0.1425,0-3,2023,19763.125,4304.0,31.5,5.25,6,1.5
34.4125,0.1425,10-12,2016,6237.25,1744.0,36.5,5.214285714285714,7,11.0
34.4125,0.1425,10-12,2019,8546.0,2304.0,36.5,5.214285714285714,7,11.0
34.4125,0.1425,10-12,2023,10702.25,2832.0,36.5,5.214285714285714,7,11.0
34.4175,0.1425,4-6,2016,5036.75,1328.0,33.0,6.6,5,5.0
34.4175,0.1425,4-6,2019,6504.625,1696.0,33.0,6.6,5,5.0
34.4175,0.1425,4-6,2023,6604.375,1728.0,33.0,6.6,5,5.0
34.1175,0.1475,0-3,2016,20579.875,4384.0,41.5,6.916666666666667,6,1.5
34.1175,0.1475,0-3,2019,18803.25,4208.0,41.5,6.916666666666667,6,1.5
34.1175,0.1475,0-3,2023,25927.25,5568.0,41.5,6.916666666666667,6,1.5
34.1225,0.1475,7-9,2016,9986.75,2416.0,56.5,7.0625,8,8.0
34.1225,0.1475,7-9,2019,10935.875,2832.0,56.5,7.0625,8,8.0
34.1225,0.1475,7-9,2023,15831.0,3904.0,56.5,7.0625,8,8.0
34.1275,0.1475,13-,2016,9044.5,2368.0,39.5,5.642857142857143,7,20.0
34.1275,0.1475,13-,2019,10708.125,2864.0,39.5,5.642857142857143,7,20.0
34.1275,0.1475,13-,2023,13647.125,3504.0,39.5,5.642857142857143,7,20.0
34.1325,0.1475,10-12,2016,6146.0,1696.0,31.0,5.166666666666667,6,11.0
34.1325,0.1475,10-12,2019,8236.125,2240.0,31.0,5.166666666666667,6,11.0
34.1325,0.1475,10-12,2023,12620.125,3184.0,31.0,5.166666666666667,6,11.0
34.1425,0.1475,0-3,2016,4794.125,1040.0,32.5,4.642857142857143,7,1.5
34.1425,0.1475,0-3,2019,7266.375,1440.0,32.5,4.642857142857143,7,1.5
34.1425,0.1475,0-3,2023,9317.875,1920.0,32.5,4.642857142857143,7,1.5
34.1475,0.1475,13-,2016,10902.875,2672.0,62.0,7.75,8,20.0
34.1475,0.1475,13-,2019,12155.375,3072.0,62.0,7.75,8,20.0
34.1475,0.1475,13-,2023,13016.375,3200.0,62.0,7.75,8,20.0
34.1525,0.1475,13-,2016,4350.75,1168.0,71.5,8.9375,8,20.0
34.1525,0.1475,13-,2019,5538.5,1504.0,71.5,8.9375,8,20.0
34.1525,0.1475,13-,2023,5353.75,1392.0,71.5,8.9375,8,20.0
34.1575,0.1475,0-3,2016,5020.25,1184.0,68.0,8.5,8,1.5
34.1575,0.1475,0-3,2019,6638.5,1488.0,68.0,8.5,8,1.5
34.1575,0.1475,0-3,2023,7265.125,1648.0,68.0,8.5,8,1.5
34.1625,0.1475,0-3,2016,5063.625,1424.0,21.5,2.6875,8,1.5
34.1625,0.1475,0-3,2019,6154.5,1664.0,21.5,2.6875,8,1.5
34.1625,0.1475,0-3,2023,9095.375,2336.0,21.5,2.6875,8,1.5
34.1675,0.1475,0-3,2016,14891.5,3648.0,20.0,2.857142857142857,7,1.5
34.1675,0.1475,0-3,2019,20500.125,4736.0,20.0,2.857142857142857,7,1.5
34.1675,0.1475,0-3,2023,27205.5,6000.0,20.0,2.857142857142857,7,1.5
34.1725,0.1475,0-3,2016,14193.5,3616.0,20.0,2.857142857142857,7,1.5
34.1725,0.1475,0-3,2019,21815.0,5168.0,20.0,2.857142857142857,7,1.5
34.1725,0.1475,0-3,2023,29904.0,6672.0,20.0,2.857142857142857,7,1.5
34.1775,0.1475,0-3,2016,9483.625,2432.0,20.0,2.857142857142857,7,1.5
34.1775,0.1475,0-3,2019,10993.25,2848.0,20.0,2.857142857142857,7,1.5
34.1775,0.1475,0-3,2023,18379.625,4448.0,20.0,2.857142857142857,7,1.5
34.1825,0.1475,0-3,2016,6666.625,1728.0,10.5,1.5,7,1.5
34.1825,0.1475,0-3,2019,7758.75,2000.0,10.5,1.5,7,1.5
34.1825,0.1475,0-3,2023,12309.0,3120.0,10.5,1.5,7,1.5
34.1875,0.1475,0-3,2016,12076.0,3200.0,9.0,1.5,6,1.5
34.1875,0.1475,0-3,2019,14024.625,3712.0,9.0,1.5,6,1.5
34.1875,0.1475,0-3,2023,19280.75,4496.0,9.0,1.5,6,1.5
34.1925,0.1475,0-3,2016,8303.875,2224.0,9.0,1.5,6,1.5
34.1925,0.1475,0-3,2019,13605.75,3440.0,9.0,1.5,6,1.5
34.1925,0.1475,0-3,2023,18746.875,4368.0,9.0,1.5,6,1.5
34.1975,0.1475,0-3,2016,9113.375,2608.0,29.0,4.142857142857143,7,1.5
34.1975,0.1475,0-3,2019,10303.125,2768.0,29.0,4.142857142857143,7,1.5
34.1975,0.1475,0-3,2023,15168.75,3968.0,29.0,4.142857142857143,7,1.5
34.2025,0.1475,0-3,2016,9483.875,2608.0,29.0,4.142857142857143,7,1.5
34.2025,0.1475,0-3,2019,14297.375,3680.0,29.0,4.142857142857143,7,1.5
34.2025,0.1475,0-3,2023,20063.75,4688.0,29.0,4.142857142857143,7,1.5
34.2075,0.1475,0-3,2016,6478.125,1824.0,26.0,5.2,5,1.5
34.2075,0.1475,0-3,2019,8717.5,2352.0,26.0,5.2,5,1.5
34.2075,0.1475,0-3,2023,10154.375,2528.0,26.0,5.2,5,1.5
34.2125,0.1475,0-3,2016,10649.5,2576.0,11.0,2.2,5,1.5
34.2125,0.1475,0-3,2019,13938.5,3136.0,11.0,2.2,5,1.5
34.2125,0.1475,0-3,2023,15486.0,3584.0,11.0,2.2,5,1.5
34.2175,0.1475,0-3,2016,8369.875,2224.0,17.5,3.5,5,1.5
34.2175,0.1475,0-3,2019,8724.125,2384.0,17.5,3.5,5,1.5
34.2175,0.1475,0-3,2023,13077.5,3360.0,17.5,3.5,5,1.5
34.2225,0.1475,0-3,2016,8203.0,2160.0,19.0,3.1666666666666665,6,1.5
34.2225,0.1475,0-3,2019,9511.875,2464.0,19.0,3.1666666666666665,6,1.5
34.2225,0.1475,0-3,2023,12767.375,3024.0,19.0,3.1666666666666665,6,1.5
34.2275,0.1475,0-3,2016,4077.25,928.0,17.5,3.5,5,1.5
34.2275,0.1475,0-3,2019,4889.625,1168.0,17.5,3.5,5,1.5
34.2275,0.1475,0-3,2023,4806.25,1136.0,17.5,3.5,5,1.5
34.2425,0.1475,0-3,2016,15315.0,3776.0,14.0,2.8,5,1.5
34.2425,0.1475,0-3,2019,20835.0,4816.0,14.0,2.8,5,1.5
34.2425,0.1475,0-3,2023,24004.0,5312.0,14.0,2.8,5,1.5
34.2475,0.1475,0-3,2016,2575.375,720.0,42.5,6.071428571428571,7,1.5
34.2475,0.1475,0-3,2019,5148.125,1408.0,42.5,6.071428571428571,7,1.5
34.2475,0.1475,0-3,2023,8053.5,2032.0,42.5,6.071428571428571,7,1.5
34.2525,0.1475,4-6,2016,4790.25,1264.0,59.5,7.4375,8,5.0
34.2525,0.1475,4-6,2019,4403.75,1152.0,59.5,7.4375,8,5.0
34.2525,0.1475,4-6,2023,8040.5,1808.0,59.5,7.4375,8,5.0
34.2575,0.1475,4-6,2016,3270.125,896.0,64.5,9.214285714285714,7,5.0
34.2575,0.1475,4-6,2019,4036.25,1040.0,64.5,9.214285714285714,7,5.0
34.2575,0.1475,4-6,2023,7039.5,1744.0,64.5,9.214285714285714,7,5.0
34.2725,0.1475,0-3,2016,1216.75,352.0,70.5,10.071428571428571,7,1.5
34.2725,0.1475,0-3,2019,765.875,224.0,70.5,10.071428571428571,7,1.5
34.2725,0.1475,0-3,2023,2050.25,528.0,70.5,10.071428571428571,7,1.5
34.2775,0.1475,0-3,2016,1291.625,384.0,59.0,9.833333333333334,6,1.5
34.2775,0.1475,0-3,2019,1684.125,512.0,59.0,9.833333333333334,6,1.5
34.2775,0.1475,0-3,2023,1818.0,464.0,59.0,9.833333333333334,6,1.5
34.2925,0.1475,10-12,2016,6181.625,1600.0,21.0,4.2,5,11.0
34.2925,0.1475,10-12,2019,7398.875,1936.0,21.0,4.2,5,11.0
34.2925,0.1475,10-12,2023,8954.5,2112.0,21.0,4.2,5,11.0
34.2975,0.1475,4-6,2016,14580.375,3424.0,26.5,3.7857142857142856,7,5.0
34.2975,0.1475,4-6,2019,16836.375,3888.0,26.5,3.7857142857142856,7,5.0
34.2975,0.1475,4-6,2023,18608.625,4208.0,26.5,3.7857142857142856,7,5.0
34.3025,0.1475,0-3,2016,10297.125,2432.0,15.5,1.9375,8,1.5
34.3025,0.1475,0-3,2019,10913.875,2720.0,15.5,1.9375,8,1.5
34.3025,0.1475,0-3,2023,14053.5,3120.0,15.5,1.9375,8,1.5
34.3075,0.1475,0-3,2016,7449.75,2032.0,10.5,1.5,7,1.5
34.3075,0.1475,0-3,2019,8082.5,2144.0,10.5,1.5,7,1.5
34.3075,0.1475,0-3,2023,9864.875,2496.0,10.5,1.5,7,1.5
34.3125,0.1475,0-3,2016,2104.125,576.0,9.0,1.5,6,1.5
34.3125,0.1475,0-3,2019,2963.875,848.0,9.0,1.5,6,1.5
34.3125,0.1475,0-3,2023,3323.625,864.0,9.0,1.5,6,1.5
34.3175,0.1475,0-3,2016,1269.375,368.0,16.0,2.6666666666666665,6,1.5
34.3175,0.1475,0-3,2019,2637.625,704.0,16.0,2.6666666666666665,6,1.5
34.3175,0.1475,0-3,2023,3307.375,864.0,16.0,2.6666666666666665,6,1.5
34.3225,0.1475,4-6,2016,15037.75,3696.0,25.5,4.25,6,5.0
34.3225,0.1475,4-6,2019,16988.875,4144.0,25.5,4.25,6,5.0
34.3225,0.1475,4-6,2023,21780.875,5008.0,25.5,4.25,6,5.0
34.3275,0.1475,10-12,2016,15601.0,3856.0,29.5,4.916666666666667,6,11.0
34.3275,0.1475,10-12,2019,19047.125,4688.0,29.5,4.916666666666667,6,11.0
34.3275,0.1475,10-12,2023,27251.125,6192.0,29.5,4.916666666666667,6,11.0
34.3325,0.1475,7-9,2016,10340.5,2528.0,24.0,4.8,5,8.0
34.3325,0.1475,7-9,2019,12253.125,3072.0,24.0,4.8,5,8.0
34.3325,0.1475,7-9,2023,15982.25,3840.0,24.0,4.8,5,8.0
34.3375,0.1475,0-3,2016,12299.125,3216.0,41.0,6.833333333333333,6,1.5
34.3375,0.1475,0-3,2019,16436.5,4064.0,41.0,6.833333333333333,6,1.5
34.3375,0.1475,0-3,2023,25537.25,5712.0,41.0,6.833333333333333,6,1.5
34.3425,0.1475,13-,2016,7569.875,1936.0,14.0,2.0,7,20.0
34.3425,0.1475,13-,2019,12333.625,2896.0,14.0,2.0,7,20.0
34.3425,0.1475,13-,2023,18031.625,4096.0,14.0,2.0,7,20.0
34.3475,0.1475,0-3,2016,8709.25,2096.0,40.5,5.0625,8,1.5
34.3475,0.1475,0-3,2019,9202.875,2128.0,40.5,5.0625,8,1.5
34.3475,0.1475,0-3,2023,11590.25,2832.0,40.5,5.0625,8,1.5
34.3525,0.1475,0-3,2016,16478.625,4096.0,25.5,3.1875,8,1.5
34.3525,0.1475,0-3,2019,18838.0,4752.0,25.5,3.1875,8,1.5
34.3525,0.1475,0-3,2023,24809.75,5568.0,25.5,3.1875,8,1.5
34.3575,0.1475,0-3,2016,20330.0,4672.0,54.0,6.75,8,1.5
34.3575,0.1475,0-3,2019,22311.5,5072.0,54.0,6.75,8,1.5
34.3575,0.1475,0-3,2023,24712.0,5488.0,54.0,6.75,8,1.5
34.3625,0.1475,13-,2016,14051.625,3488.0,47.5,5.9375,8,20.0
34.3625,0.1475,13-,2019,17780.625,4224.0,47.5,5.9375,8,20.0
34.3625,0.1475,13-,2023,21410.375,4864.0,47.5,5.9375,8,20.0
34.3675,0.1475,0-3,2016,5759.625,1472.0,57.5,8.214285714285714,7,1.5
34.3675,0.1475,0-3,2019,7883.0,1920.0,57.5,8.214285714285714,7,1.5
34.3675,0.1475,0-3,2023,10275.125,2336.0,57.5,8.214285714285714,7,1.5
34.3725,0.1475,0-3,2016,7743.5,2112.0,27.5,4.583333333333333,6,1.5
34.3725,0.1475,0-3,2019,10747.125,2880.0,27.5,4.583333333333333,6,1.5
34.3725,0.1475,0-3,2023,15964.75,3824.0,27.5,4.583333333333333,6,1.5
34.3775,0.1475,0-3,2016,8453.375,2144.0,26.0,5.2,5,1.5
34.3775,0.1475,0-3,2019,15494.75,3888.0,26.0,5.2,5,1.5
34.3775,0.1475,0-3,2023,16751.0,3952.0,26.0,5.2,5,1.5
34.3825,0.1475,0-3,2016,8472.75,2224.0,31.0,7.75,4,1.5
34.3825,0.1475,0-3,2019,12680.625,3136.0,31.0,7.75,4,1.5
34.3825,0.1475,0-3,2023,15375.75,3744.0,31.0,7.75,4,1.5
34.3925,0.1475,0-3,2016,14162.25,3456.0,12.5,3.125,4,1.5
34.3925,0.1475,0-3,2019,16465.75,3856.0,12.5,3.125,4,1.5
34.3925,0.1475,0-3,2023,20713.25,4560.0,12.5,3.125,4,1.5
34.3975,0.1475,0-3,2016,25619.75,5648.0,9.0,1.5,6,1.5
34.3975,0.1475,0-3,2019,33270.75,7232.0,9.0,1.5,6,1.5
34.3975,0.1475,0-3,2023,39228.5,8064.0,9.0,1.5,6,1.5
34.4025,0.1475,0-3,2016,4436.125,1200.0,17.0,2.4285714285714284,7,1.5
34.4025,0.1475,0-3,2019,5353.25,1472.0,17.0,2.4285714285714284,7,1.5
34.4025,0.1475,0-3,2023,7340.125,1952.0,17.0,2.4285714285714284,7,1.5
34.4075,0.1475,7-9,2016,8429.25,2368.0,34.5,4.3125,8,8.0
34.4075,0.1475,7-9,2019,11667.125,3184.0,34.5,4.3125,8,8.0
34.4075,0.1475,7-9,2023,17218.125,4416.0,34.5,4.3125,8,8.0
34.4125,0.1475,7-9,2016,6069.875,1696.0,57.0,7.125,8,8.0
34.4125,0.1475,7-9,2019,8311.75,2304.0,57.0,7.125,8,8.0
34.4125,0.1475,7-9,2023,12182.625,3120.0,57.0,7.125,8,8.0
34.4175,0.1475,10-12,2016,8641.625,2288.0,44.5,7.416666666666667,6,11.0
34.4175,0.1475,10-12,2019,10339.75,2832.0,44.5,7.416666666666667,6,11.0
34.4175,0.1475,10-12,2023,13716.5,3360.0,44.5,7.416666666666667,6,11.0
34.1175,0.1525,4-6,2016,10155.0,2320.0,25.0,4.166666666666667,6,5.0
34.1175,0.1525,4-6,2019,13801.625,3136.0,25.0,4.166666666666667,6,5.0
34.1175,0.1525,4-6,2023,16597.25,3584.0,25.0,4.166666666666667,6,5.0
34.1225,0.1525,10-12,2016,10393.375,2544.0,47.5,5.9375,8,11.0
34.1225,0.1525,10-12,2019,12388.125,3056.0,47.5,5.9375,8,11.0
34.1225,0.1525,10-12,2023,18369.0,4144.0,47.5,5.9375,8,11.0
34.1275,0.1525,4-6,2016,44793.5,9952.0,59.5,7.4375,8,5.0
34.1275,0.1525,4-6,2019,49123.125,10704.0,59.5,7.4375,8,5.0
34.1275,0.1525,4-6,2023,55507.875,12048.0,59.5,7.4375,8,5.0
34.1325,0.1525,0-3,2016,10234.625,2496.0,45.5,6.5,7,1.5
34.1325,0.1525,0-3,2019,15577.75,3792.0,45.5,6.5,7,1.5
34.1325,0.1525,0-3,2023,27801.0,5968.0,45.5,6.5,7,1.5
34.1375,0.1525,0-3,2016,6094.875,1600.0,20.0,2.857142857142857,7,1.5
34.1375,0.1525,0-3,2019,8616.875,2240.0,20.0,2.857142857142857,7,1.5
34.1375,0.1525,0-3,2023,14326.5,3408.0,20.0,2.857142857142857,7,1.5
34.1425,0.1525,0-3,2016,8564.875,2368.0,32.5,4.642857142857143,7,1.5
34.1425,0.1525,0-3,2019,10872.625,2960.0,32.5,4.642857142857143,7,1.5
34.1425,0.1525,0-3,2023,14143.125,3696.0,32.5,4.642857142857143,7,1.5
34.1475,0.1525,4-6,2016,9802.375,2496.0,71.0,8.875,8,5.0
34.1475,0.1525,4-6,2019,10242.0,2656.0,71.0,8.875,8,5.0
34.1475,0.1525,4-6,2023,14131.375,3536.0,71.0,8.875,8,5.0
34.1525,0.1525,13-,2016,5246.625,1392.0,84.0,10.5,8,20.0
34.1525,0.1525,13-,2019,7213.25,1936.0,84.0,10.5,8,20.0
34.1525,0.1525,13-,2023,14257.25,3312.0,84.0,10.5,8,20.0
34.1575,0.1525,10-12,2016,3798.0,976.0,74.5,9.3125,8,11.0
34.1575,0.1525,10-12,2019,4696.0,1232.0,74.5,9.3125,8,11.0
34.1575,0.1525,10-12,2023,5282.125,1296.0,74.5,9.3125,8,11.0
34.1625,0.1525,0-3,2016,3414.625,976.0,43.5,5.4375,8,1.5
34.1625,0.1525,0-3,2019,4448.375,1248.0,43.5,5.4375,8,1.5
34.1625,0.1525,0-3,2023,5771.625,1504.0,43.5,5.4375,8,1.5
34.1675,0.1525,0-3,2016,9747.625,2672.0,14.0,2.0,7,1.5
34.1675,0.1525,0-3,2019,10732.0,2928.0,14.0,2.0,7,1.5
34.1675,0.1525,0-3,2023,14332.375,3568.0,14.0,2.0,7,1.5
34.1775,0.1525,0-3,2016,5066.25,1360.0,10.5,1.5,7,1.5
34.1775,0.1525,0-3,2019,4909.625,1328.0,10.5,1.5,7,1.5
34.1775,0.1525,0-3,2023,8300.125,2032.0,10.5,1.5,7,1.5
34.1825,0.1525,0-3,2016,7627.75,2016.0,10.5,1.5,7,1.5
34.1825,0.1525,0-3,2019,10889.25,2896.0,10.5,1.5,7,1.5
34.1825,0.1525,0-3,2023,15689.875,3824.0,10.5,1.5,7,1.5
34.1875,0.1525,0-3,2016,9914.75,2592.0,7.5,1.5,5,1.5
34.1875,0.1525,0-3,2019,10938.875,2848.0,7.5,1.5,5,1.5
34.1875,0.1525,0-3,2023,12379.5,2992.0,7.5,1.5,5,1.5
34.1975,0.1525,0-3,2016,4918.25,1360.0,7.5,1.5,5,1.5
34.1975,0.1525,0-3,2019,6329.25,1712.0,7.5,1.5,5,1.5
34.1975,0.1525,0-3,2023,9995.0,2544.0,7.5,1.5,5,1.5
34.2025,0.1525,0-3,2016,4294.0,1248.0,10.5,1.5,7,1.5
34.2025,0.1525,0-3,2019,5578.375,1472.0,10.5,1.5,7,1.5
34.2025,0.1525,0-3,2023,10033.25,2496.0,10.5,1.5,7,1.5
34.2075,0.1525,0-3,2016,3276.875,960.0,9.0,1.5,6,1.5
34.2075,0.1525,0-3,2019,4640.0,1168.0,9.0,1.5,6,1.5
34.2075,0.1525,0-3,2023,5066.875,1216.0,9.0,1.5,6,1.5
34.2175,0.1525,0-3,2016,9451.0,2544.0,14.0,2.8,5,1.5
34.2175,0.1525,0-3,2019,11198.0,2960.0,14.0,2.8,5,1.5
34.2175,0.1525,0-3,2023,16618.5,3968.0,14.0,2.8,5,1.5
34.2325,0.1525,4-6,2016,4436.625,1152.0,32.5,6.5,5,5.0
34.2325,0.1525,4-6,2019,5439.375,1392.0,32.5,6.5,5,5.0
34.2325,0.1525,4-6,2023,8176.75,2016.0,32.5,6.5,5,5.0
34.2375,0.1525,0-3,2016,4887.25,1216.0,53.5,8.916666666666666,6,1.5
34.2375,0.1525,0-3,2019,6016.375,1472.0,53.5,8.916666666666666,6,1.5
34.2375,0.1525,0-3,2023,9192.625,2224.0,53.5,8.916666666666666,6,1.5
34.2425,0.1525,7-9,2016,6307.625,1584.0,36.0,5.142857142857143,7,8.0
34.2425,0.1525,7-9,2019,8791.625,2128.0,36.0,5.142857142857143,7,8.0
34.2425,0.1525,7-9,2023,13612.125,2944.0,36.0,5.142857142857143,7,8.0
34.2475,0.1525,0-3,2016,6265.875,1728.0,51.0,6.375,8,1.5
34.2475,0.1525,0-3,2019,5753.125,1648.0,51.0,6.375,8,1.5
34.2475,0.1525,0-3,2023,8655.25,2208.0,51.0,6.375,8,1.5
34.2525,0.1525,4-6,2016,11360.0,2896.0,72.0,9.0,8,5.0
34.2525,0.1525,4-6,2019,12360.375,3184.0,72.0,9.0,8,5.0
34.2525,0.1525,4-6,2023,17923.125,4240.0,72.0,9.0,8,5.0
34.2575,0.1525,13-,2016,8387.875,2096.0,52.5,7.5,7,20.0
34.2575,0.1525,13-,2019,9516.125,2464.0,52.5,7.5,7,20.0
34.2575,0.1525,13-,2023,12003.5,2864.0,52.5,7.5,7,20.0
34.2625,0.1525,7-9,2016,6662.625,1744.0,59.5,9.916666666666666,6,8.0
34.2625,0.1525,7-9,2019,7281.0,1936.0,59.5,9.916666666666666,6,8.0
34.2625,0.1525,7-9,2023,10787.375,2688.0,59.5,9.916666666666666,6,8.0
34.2675,0.1525,4-6,2016,6465.5,1760.0,44.0,7.333333333333333,6,5.0
34.2675,0.1525,4-6,2019,7828.75,2128.0,44.0,7.333333333333333,6,5.0
34.2675,0.1525,4-6,2023,11047.75,2896.0,44.0,7.333333333333333,6,5.0
34.2725,0.1525,13-,2016,9038.625,2432.0,49.0,7.0,7,20.0
34.2725,0.1525,13-,2019,9281.75,2528.0,49.0,7.0,7,20.0
34.2725,0.1525,13-,2023,12238.25,3056.0,49.0,7.0,7,20.0
34.2775,0.1525,7-9,2016,4953.0,1280.0,49.5,8.25,6,8.0
34.2775,0.1525,7-9,2019,5533.125,1472.0,49.5,8.25,6,8.0
34.2775,0.1525,7-9,2023,8448.25,1968.0,49.5,8.25,6,8.0
34.2975,0.1525,0-3,2016,4498.75,1248.0,20.5,4.1,5,1.5
34.2975,0.1525,0-3,2019,6482.0,1696.0,20.5,4.1,5,1.5
34.2975,0.1525,0-3,2023,13856.375,2896.0,20.5,4.1,5,1.5
34.3025,0.1525,0-3,2016,5431.0,1424.0,11.0,2.2,5,1.5
34.3025,0.1525,0-3,2019,6580.25,1680.0,11.0,2.2,5,1.5
34.3025,0.1525,0-3,2023,7327.875,1792.0,11.0,2.2,5,1.5
34.3075,0.1525,0-3,2016,2029.625,480.0,9.0,1.5,6,1.5
34.3075,0.1525,0-3,2019,2661.75,768.0,9.0,1.5,6,1.5
34.3075,0.1525,0-3,2023,3465.5,960.0,9.0,1.5,6,1.5
34.3125,0.1525,0-3,2016,9506.0,2352.0,10.5,1.5,7,1.5
34.3125,0.1525,0-3,2019,12741.5,3152.0,10.5,1.5,7,1.5
34.3125,0.1525,0-3,2023,16657.0,3840.0,10.5,1.5,7,1.5
34.3175,0.1525,0-3,2016,10580.25,2640.0,28.5,3.5625,8,1.5
34.3175,0.1525,0-3,2019,16780.875,4304.0,28.5,3.5625,8,1.5
34.3175,0.1525,0-3,2023,21179.875,4816.0,28.5,3.5625,8,1.5
34.3225,0.1525,4-6,2016,39867.25,8944.0,47.5,5.9375,8,5.0
34.3225,0.1525,4-6,2019,43930.875,9776.0,47.5,5.9375,8,5.0
34.3225,0.1525,4-6,2023,53276.75,11632.0,47.5,5.9375,8,5.0
34.3275,0.1525,4-6,2016,66215.625,13280.0,64.0,8.0,8,5.0
34.3275,0.1525,4-6,2019,82507.625,16256.0,64.0,8.0,8,5.0
34.3275,0.1525,4-6,2023,97726.375,19104.0,64.0,8.0,8,5.0
34.3325,0.1525,4-6,2016,118935.125,22272.0,51.0,6.375,8,5.0
34.3325,0.1525,4-6,2019,121303.75,22544.0,51.0,6.375,8,5.0
34.3325,0.1525,4-6,2023,131541.5,24864.0,51.0,6.375,8,5.0
34.3375,0.1525,0-3,2016,29052.5,6464.0,60.5,7.5625,8,1.5
34.3375,0.1525,0-3,2019,38358.25,8288.0,60.5,7.5625,8,1.5
34.3375,0.1525,0-3,2023,51247.875,10960.0,60.5,7.5625,8,1.5
34.3425,0.1525,4-6,2016,31348.125,7520.0,40.5,5.0625,8,5.0
34.3425,0.1525,4-6,2019,39575.875,9024.0,40.5,5.0625,8,5.0
34.3425,0.1525,4-6,2023,41687.25,9648.0,40.5,5.0625,8,5.0
34.3475,0.1525,0-3,2016,12693.625,3152.0,44.0,5.5,8,1.5
34.3475,0.1525,0-3,2019,15355.5,3728.0,44.0,5.5,8,1.5
34.3475,0.1525,0-3,2023,20474.625,4672.0,44.0,5.5,8,1.5
34.3525,0.1525,0-3,2016,4158.125,1040.0,19.0,2.375,8,1.5
34.3525,0.1525,0-3,2019,5740.0,1424.0,19.0,2.375,8,1.5
34.3525,0.1525,0-3,2023,11300.625,2512.0,19.0,2.375,8,1.5
34.3575,0.1525,4-6,2016,11283.625,2816.0,40.5,5.0625,8,5.0
34.3575,0.1525,4-6,2019,15351.0,3696.0,40.5,5.0625,8,5.0
34.3575,0.1525,4-6,2023,18785.5,4272.0,40.5,5.0625,8,5.0
34.3625,0.1525,7-9,2016,38288.625,8272.0,56.0,7.0,8,8.0
34.3625,0.1525,7-9,2019,44825.75,8896.0,56.0,7.0,8,8.0
34.3625,0.1525,7-9,2023,54118.625,10976.0,56.0,7.0,8,8.0
34.3675,0.1525,13-,2016,7959.375,2048.0,59.0,7.375,8,20.0
34.3675,0.1525,13-,2019,12716.625,3120.0,59.0,7.375,8,20.0
34.3675,0.1525,13-,2023,19677.625,4496.0,59.0,7.375,8,20.0
34.3725,0.1525,0-3,2016,10282.75,2720.0,56.0,7.0,8,1.5
34.3725,0.1525,0-3,2019,12218.875,3104.0,56.0,7.0,8,1.5
34.3725,0.1525,0-3,2023,14353.0,3424.0,56.0,7.0,8,1.5
34.3775,0.1525,0-3,2016,13228.375,3232.0,52.5,6.5625,8,1.5
34.3775,0.1525,0-3,2019,15155.375,3712.0,52.5,6.5625,8,1.5
34.3775,0.1525,0-3,2023,19986.125,4608.0,52.5,6.5625,8,1.5
34.3825,0.1525,13-,2016,31733.5,7344.0,20.5,2.9285714285714284,7,20.0
34.3825,0.1525,13-,2019,38172.375,8544.0,20.5,2.9285714285714284,7,20.0
34.3825,0.1525,13-,2023,43638.125,9568.0,20.5,2.9285714285714284,7,20.0
34.3875,0.1525,7-9,2016,13555.75,3264.0,38.5,5.5,7,8.0
34.3875,0.1525,7-9,2019,24761.125,5248.0,38.5,5.5,7,8.0
34.3875,0.1525,7-9,2023,24794.5,5280.0,38.5,5.5,7,8.0
34.3925,0.1525,0-3,2016,12666.875,3328.0,33.0,4.714285714285714,7,1.5
34.3925,0.1525,0-3,2019,17884.875,4448.0,33.0,4.714285714285714,7,1.5
34.3925,0.1525,0-3,2023,19753.5,4464.0,33.0,4.714285714285714,7,1.5
34.3975,0.1525,0-3,2016,14288.625,3504.0,28.0,3.5,8,1.5
34.3975,0.1525,0-3,2019,19921.5,4912.0,28.0,3.5,8,1.5
34.3975,0.1525,0-3,2023,28054.0,6320.0,28.0,3.5,8,1.5
34.4025,0.1525,0-3,2016,6479.0,1904.0,28.5,3.5625,8,1.5
34.4025,0.1525,0-3,2019,9216.125,2400.0,28.5,3.5625,8,1.5
34.4025,0.1525,0-3,2023,11651.125,2912.0,28.5,3.5625,8,1.5
34.4075,0.1525,0-3,2016,3091.0,880.0,35.0,4.375,8,1.5
34.4075,0.1525,0-3,2019,3647.5,976.0,35.0,4.375,8,1.5
34.4075,0.1525,0-3,2023,5863.625,1472.0,35.0,4.375,8,1.5
34.4125,0.1525,7-9,2016,7657.5,2160.0,51.0,6.375,8,8.0
34.4125,0.1525,7-9,2019,8826.125,2416.0,51.0,6.375,8,8.0
34.4125,0.1525,7-9,2023,13006.75,3280.0,51.0,6.375,8,8.0
34.4175,0.1525,10-12,2016,5427.75,1536.0,36.5,5.214285714285714,7,11.0
34.4175,0.1525,10-12,2019,7164.125,2048.0,36.5,5.214285714285714,7,11.0
34.4175,0.1525,10-12,2023,7898.125,2096.0,36.5,5.214285714285714,7,11.0
34.4225,0.1525,0-3,2016,3089.875,848.0,31.5,5.25,6,1.5
34.4225,0.1525,0-3,2019,3567.375,992.0,31.5,5.25,6,1.5
34.4225,0.1525,0-3,2023,4014.375,1088.0,31.5,5.25,6,1.5
34.4275,0.1525,0-3,2016,8686.25,2128.0,7.5,1.5,5,1.5
34.4275,0.1525,0-3,2019,9858.75,2448.0,7.5,1.5,5,1.5
34.4275,0.1525,0-3,2023,11583.75,2816.0,7.5,1.5,5,1.5
34.4325,0.1525,0-3,2016,5563.75,1408.0,6.0,1.5,4,1.5
34.4325,0.1525,0-3,2019,5972.625,1552.0,6.0,1.5,4,1.5
34.4325,0.1525,0-3,2023,6825.0,1616.0,6.0,1.5,4,1.5
34.1125,0.1575,0-3,2016,1551.0,432.0,9.5,2.375,4,1.5
34.1125,0.1575,0-3,2019,1830.375,512.0,9.5,2.375,4,1.5
34.1125,0.1575,0-3,2023,3203.375,864.0,9.5,2.375,4,1.5
34.1175,0.1575,0-3,2016,7736.375,2080.0,23.5,3.357142857142857,7,1.5
34.1175,0.1575,0-3,2019,9823.25,2752.0,23.5,3.357142857142857,7,1.5
34.1175,0.1575,0-3,2023,14218.0,3664.0,23.5,3.357142857142857,7,1.5
34.1225,0.1575,0-3,2016,15533.25,3600.0,32.0,4.0,8,1.5
34.1225,0.1575,0-3,2019,18205.0,4288.0,32.0,4.0,8,1.5
34.1225,0.1575,0-3,2023,30638.25,6496.0,32.0,4.0,8,1.5
34.1275,0.1575,4-6,2016,6747.75,1472.0,25.0,3.125,8,5.0
34.1275,0.1575,4-6,2019,9703.0,2208.0,25.0,3.125,8,5.0
34.1275,0.1575,4-6,2023,18718.125,3968.0,25.0,3.125,8,5.0
34.1325,0.1575,0-3,2016,5688.375,1600.0,19.0,2.375,8,1.5
34.1325,0.1575,0-3,2019,7548.25,2128.0,19.0,2.375,8,1.5
34.1325,0.1575,0-3,2023,10622.875,2944.0,19.0,2.375,8,1.5
34.1375,0.1575,0-3,2016,8844.0,2256.0,18.5,2.3125,8,1.5
34.1375,0.1575,0-3,2019,9655.25,2400.0,18.5,2.3125,8,1.5
34.1375,0.1575,0-3,2023,14402.125,3520.0,18.5,2.3125,8,1.5
34.1425,0.1575,0-3,2016,6009.125,1584.0,22.0,2.75,8,1.5
34.1425,0.1575,0-3,2019,8721.0,2272.0,22.0,2.75,8,1.5
34.1425,0.1575,0-3,2023,10484.0,2704.0,22.0,2.75,8,1.5
34.1475,0.1575,0-3,2016,10487.5,2640.0,50.5,6.3125,8,1.5
34.1475,0.1575,0-3,2019,15484.625,3808.0,50.5,6.3125,8,1.5
34.1475,0.1575,0-3,2023,19251.0,4720.0,50.5,6.3125,8,1.5
34.1525,0.1575,4-6,2016,16053.125,4016.0,68.5,8.5625,8,5.0
34.1525,0.1575,4-6,2019,19835.125,4800.0,68.5,8.5625,8,5.0
34.1525,0.1575,4-6,2023,21773.625,5216.0,68.5,8.5625,8,5.0
34.1575,0.1575,13-,2016,14440.25,3872.0,60.0,7.5,8,20.0
34.1575,0.1575,13-,2019,18881.75,5184.0,60.0,7.5,8,20.0
34.1575,0.1575,13-,2023,21819.75,5520.0,60.0,7.5,8,20.0
34.1625,0.1575,4-6,2016,5188.25,1328.0,46.5,5.8125,8,5.0
34.1625,0.1575,4-6,2019,7795.875,2064.0,46.5,5.8125,8,5.0
34.1625,0.1575,4-6,2023,12533.875,2848.0,46.5,5.8125,8,5.0
34.1675,0.1575,0-3,2016,3594.625,944.0,20.5,2.9285714285714284,7,1.5
34.1675,0.1575,0-3,2019,6309.5,1552.0,20.5,2.9285714285714284,7,1.5
34.1675,0.1575,0-3,2023,8229.25,1856.0,20.5,2.9285714285714284,7,1.5
34.1725,0.1575,0-3,2016,3379.75,800.0,10.5,1.5,7,1.5
34.1725,0.1575,0-3,2019,2749.75,704.0,10.5,1.5,7,1.5
34.1725,0.1575,0-3,2023,5624.125,1328.0,10.5,1.5,7,1.5
34.1775,0.1575,0-3,2016,2103.375,544.0,9.0,1.5,6,1.5
34.1775,0.1575,0-3,2019,2028.625,480.0,9.0,1.5,6,1.5
34.1775,0.1575,0-3,2023,3369.125,800.0,9.0,1.5,6,1.5
34.1825,0.1575,0-3,2016,5580.125,1456.0,7.5,1.5,5,1.5
34.1825,0.1575,0-3,2019,6906.625,1680.0,7.5,1.5,5,1.5
34.1825,0.1575,0-3,2023,9109.125,2208.0,7.5,1.5,5,1.5
34.2025,0.1575,0-3,2016,2229.0,656.0,9.0,1.5,6,1.5
34.2025,0.1575,0-3,2019,2595.375,704.0,9.0,1.5,6,1.5
34.2025,0.1575,0-3,2023,3959.25,1040.0,9.0,1.5,6,1.5
34.2075,0.1575,0-3,2016,5351.75,1424.0,9.0,1.5,6,1.5
34.2075,0.1575,0-3,2019,5380.375,1440.0,9.0,1.5,6,1.5
34.2075,0.1575,0-3,2023,7872.375,1840.0,9.0,1.5,6,1.5
34.2175,0.1575,0-3,2016,6972.0,1840.0,20.5,4.1,5,1.5
34.2175,0.1575,0-3,2019,7069.125,1936.0,20.5,4.1,5,1.5
34.2175,0.1575,0-3,2023,10910.25,2688.0,20.5,4.1,5,1.5
34.2225,0.1575,7-9,2016,5598.0,1600.0,34.0,5.666666666666667,6,8.0
34.2225,0.1575,7-9,2019,7640.25,2096.0,34.0,5.666666666666667,6,8.0
34.2225,0.1575,7-9,2023,10536.875,2624.0,34.0,5.666666666666667,6,8.0
34.2275,0.1575,0-3,2016,2481.125,704.0,69.0,11.5,6,1.5
34.2275,0.1575,0-3,2019,3552.5,1024.0,69.0,11.5,6,1.5
34.2275,0.1575,0-3,2023,4903.5,1280.0,69.0,11.5,6,1.5
34.2325,0.1575,13-,2016,12777.875,3408.0,64.0,9.142857142857142,7,20.0
34.2325,0.1575,13-,2019,13513.125,3472.0,64.0,9.142857142857142,7,20.0
34.2325,0.1575,13-,2023,18861.375,4816.0,64.0,9.142857142857142,7,20.0
34.2375,0.1575,7-9,2016,8000.25,1936.0,84.5,10.5625,8,8.0
34.2375,0.1575,7-9,2019,10386.625,2448.0,84.5,10.5625,8,8.0
34.2375,0.1575,7-9,2023,14318.875,3408.0,84.5,10.5625,8,8.0
34.2425,0.1575,10-12,2016,12870.75,3168.0,69.0,8.625,8,11.0
34.2425,0.1575,10-12,2019,13940.75,3472.0,69.0,8.625,8,11.0
34.2425,0.1575,10-12,2023,20477.5,4560.0,69.0,8.625,8,11.0
34.2475,0.1575,10-12,2016,12406.125,3184.0,57.5,7.1875,8,11.0
34.2475,0.1575,10-12,2019,14747.875,3776.0,57.5,7.1875,8,11.0
34.2475,0.1575,10-12,2023,16906.125,3984.0,57.5,7.1875,8,11.0
34.2525,0.1575,7-9,2016,14864.875,3776.0,90.5,11.3125,8,8.0
34.2525,0.1575,7-9,2019,18945.5,4704.0,90.5,11.3125,8,8.0
34.2525,0.1575,7-9,2023,23388.0,5280.0,90.5,11.3125,8,8.0
34.2575,0.1575,13-,2016,6651.875,1744.0,69.0,8.625,8,20.0
34.2575,0.1575,13-,2019,8139.0,2128.0,69.0,8.625,8,20.0
34.2575,0.1575,13-,2023,11245.5,2800.0,69.0,8.625,8,20.0
34.2625,0.1575,0-3,2016,5342.125,1504.0,84.0,10.5,8,1.5
34.2625,0.1575,0-3,2019,8987.75,2400.0,84.0,10.5,8,1.5
34.2625,0.1575,0-3,2023,12710.375,3184.0,84.0,10.5,8,1.5
34.2675,0.1575,7-9,2016,9708.75,2560.0,53.5,6.6875,8,8.0
34.2675,0.1575,7-9,2019,12708.125,3248.0,53.5,6.6875,8,8.0
34.2675,0.1575,7-9,2023,17780.625,4368.0,53.5,6.6875,8,8.0
34.2725,0.1575,4-6,2016,8370.0,2112.0,84.5,10.5625,8,5.0
34.2725,0.1575,4-6,2019,11657.5,2912.0,84.5,10.5625,8,5.0
34.2725,0.1575,4-6,2023,19082.875,4336.0,84.5,10.5625,8,5.0
34.2775,0.1575,13-,2016,7675.125,2096.0,58.0,8.285714285714286,7,20.0
34.2775,0.1575,13-,2019,11648.0,3008.0,58.0,8.285714285714286,7,20.0
34.2775,0.1575,13-,2023,15411.5,3616.0,58.0,8.285714285714286,7,20.0
34.2825,0.1575,0-3,2016,6386.375,1680.0,43.5,7.25,6,1.5
34.2825,0.1575,0-3,2019,9659.375,2368.0,43.5,7.25,6,1.5
34.2825,0.1575,0-3,2023,12753.125,3072.0,43.5,7.25,6,1.5
34.2875,0.1575,0-3,2016,7458.75,1920.0,7.5,1.5,5,1.5
34.2875,0.1575,0-3,2019,8286.75,2160.0,7.5,1.5,5,1.5
34.2875,0.1575,0-3,2023,11761.75,2752.0,7.5,1.5,5,1.5
34.2925,0.1575,0-3,2016,4273.5,1040.0,6.0,1.5,4,1.5
34.2925,0.1575,0-3,2019,4852.375,1264.0,6.0,1.5,4,1.5
34.2925,0.1575,0-3,2023,5531.125,1312.0,6.0,1.5,4,1.5
34.3125,0.1575,0-3,2016,2102.5,544.0,7.5,1.5,5,1.5
34.3125,0.1575,0-3,2019,3929.25,1008.0,7.5,1.5,5,1.5
34.3125,0.1575,0-3,2023,6349.125,1520.0,7.5,1.5,5,1.5
34.3175,0.1575,0-3,2016,11364.125,3120.0,23.5,3.357142857142857,7,1.5
34.3175,0.1575,0-3,2019,13313.375,3536.0,23.5,3.357142857142857,7,1.5
34.3175,0.1575,0-3,2023,17560.625,4288.0,23.5,3.357142857142857,7,1.5
34.3225,0.1575,10-12,2016,16261.875,3824.0,35.0,4.375,8,11.0
34.3225,0.1575,10-12,2019,19355.875,4528.0,35.0,4.375,8,11.0
34.3225,0.1575,10-12,2023,24770.375,5616.0,35.0,4.375,8,11.0
34.3275,0.1575,10-12,2016,14378.25,3456.0,54.5,6.8125,8,11.0
34.3275,0.1575,10-12,2019,17223.25,4096.0,54.5,6.8125,8,11.0
34.3275,0.1575,10-12,2023,24068.25,5360.0,54.5,6.8125,8,11.0
34.3325,0.1575,7-9,2016,15476.875,3888.0,51.5,6.4375,8,8.0
34.3325,0.1575,7-9,2019,22381.5,5376.0,51.5,6.4375,8,8.0
34.3325,0.1575,7-9,2023,26526.25,6176.0,51.5,6.4375,8,8.0
34.3375,0.1575,4-6,2016,11264.625,2944.0,54.5,6.8125,8,5.0
34.3375,0.1575,4-6,2019,12002.5,3024.0,54.5,6.8125,8,5.0
34.3375,0.1575,4-6,2023,13305.5,3184.0,54.5,6.8125,8,5.0
34.3425,0.1575,7-9,2016,16225.0,4000.0,41.5,5.1875,8,8.0
34.3425,0.1575,7-9,2019,24302.375,5296.0,41.5,5.1875,8,8.0
34.3425,0.1575,7-9,2023,37517.75,7904.0,41.5,5.1875,8,8.0
34.3475,0.1575,0-3,2016,30355.25,7344.0,54.0,6.75,8,1.5
34.3475,0.1575,0-3,2019,32064.375,7424.0,54.0,6.75,8,1.5
34.3475,0.1575,0-3,2023,38389.125,8704.0,54.0,6.75,8,1.5
34.3525,0.1575,4-6,2016,20207.625,4864.0,34.5,4.3125,8,5.0
34.3525,0.1575,4-6,2019,22764.625,5456.0,34.5,4.3125,8,5.0
34.3525,0.1575,4-6,2023,25823.375,5904.0,34.5,4.3125,8,5.0
34.3575,0.1575,0-3,2016,31024.375,7328.0,35.0,4.375,8,1.5
34.3575,0.1575,0-3,2019,35573.5,7872.0,35.0,4.375,8,1.5
34.3575,0.1575,0-3,2023,37933.25,8320.0,35.0,4.375,8,1.5
34.3625,0.1575,0-3,2016,43015.0,9456.0,44.0,5.5,8,1.5
34.3625,0.1575,0-3,2019,55389.125,12048.0,44.0,5.5,8,1.5
34.3625,0.1575,0-3,2023,57605.5,12624.0,44.0,5.5,8,1.5
34.3675,0.1575,4-6,2016,25000.375,5696.0,59.0,7.375,8,5.0
34.3675,0.1575,4-6,2019,31129.625,7040.0,59.0,7.375,8,5.0
34.3675,0.1575,4-6,2023,40188.875,8928.0,59.0,7.375,8,5.0
34.3725,0.1575,13-,2016,20408.625,5232.0,47.5,5.9375,8,20.0
34.3725,0.1575,13-,2019,27869.625,6752.0,47.5,5.9375,8,20.0
34.3725,0.1575,13-,2023,33453.0,7616.0,47.5,5.9375,8,20.0
34.3775,0.1575,4-6,2016,32244.25,6928.0,59.0,7.375,8,5.0
34.3775,0.1575,4-6,2019,46365.625,9312.0,59.0,7.375,8,5.0
34.3775,0.1575,4-6,2023,56753.75,11136.0,59.0,7.375,8,5.0
34.3825,0.1575,0-3,2016,44048.0,10064.0,47.0,5.875,8,1.5
34.3825,0.1575,0-3,2019,48024.25,10784.0,47.0,5.875,8,1.5
34.3825,0.1575,0-3,2023,55212.875,11936.0,47.0,5.875,8,1.5
34.3875,0.1575,0-3,2016,14101.25,3344.0,46.5,5.8125,8,1.5
34.3875,0.1575,0-3,2019,17219.5,3840.0,46.5,5.8125,8,1.5
34.3875,0.1575,0-3,2023,25894.875,5376.0,46.5,5.8125,8,1.5
34.3925,0.1575,10-12,2016,13783.0,3408.0,28.5,3.5625,8,11.0
34.3925,0.1575,10-12,2019,16887.625,4048.0,28.5,3.5625,8,11.0
34.3925,0.1575,10-12,2023,19645.5,4608.0,28.5,3.5625,8,11.0
34.3975,0.1575,7-9,2016,7494.25,1968.0,28.5,3.5625,8,8.0
34.3975,0.1575,7-9,2019,9147.375,2320.0,28.5,3.5625,8,8.0
34.3975,0.1575,7-9,2023,14694.625,3312.0,28.5,3.5625,8,8.0
34.4025,0.1575,0-3,2016,5884.25,1600.0,29.0,3.625,8,1.5
34.4025,0.1575,0-3,2019,10632.125,2832.0,29.0,3.625,8,1.5
34.4025,0.1575,0-3,2023,13068.5,3312.0,29.0,3.625,8,1.5
34.4075,0.1575,4-6,2016,1021.125,304.0,40.5,5.0625,8,5.0
34.4075,0.1575,4-6,2019,1594.625,432.0,40.5,5.0625,8,5.0
34.4075,0.1575,4-6,2023,1449.375,384.0,40.5,5.0625,8,5.0
34.4125,0.1575,0-3,2016,2590.5,688.0,57.0,7.125,8,1.5
34.4125,0.1575,0-3,2019,3712.25,1040.0,57.0,7.125,8,1.5
34.4125,0.1575,0-3,2023,3796.0,976.0,57.0,7.125,8,1.5
34.4175,0.1575,4-6,2016,4955.375,1344.0,56.5,7.0625,8,5.0
34.4175,0.1575,4-6,2019,4645.75,1232.0,56.5,7.0625,8,5.0
34.4175,0.1575,4-6,2023,5929.375,1520.0,56.5,7.0625,8,5.0
34.4225,0.1575,0-3,2016,4915.0,1280.0,35.0,4.375,8,1.5
34.4225,0.1575,0-3,2019,5867.75,1600.0,35.0,4.375,8,1.5
34.4225,0.1575,0-3,2023,6326.125,1696.0,35.0,4.375,8,1.5
34.4275,0.1575,0-3,2016,6948.875,1904.0,18.5,2.3125,8,1.5
34.4275,0.1575,0-3,2019,9471.875,2496.0,18.5,2.3125,8,1.5
34.4275,0.1575,0-3,2023,10411.75,2704.0,18.5,2.3125,8,1.5
34.4325,0.1575,0-3,2016,5778.125,1504.0,10.5,1.5,7,1.5
34.4325,0.1575,0-3,2019,9490.625,2624.0,10.5,1.5,7,1.5
34.4325,0.1575,0-3,2023,12183.625,3056.0,10.5,1.5,7,1.5
34.4375,0.1575,0-3,2016,5935.375,1552.0,6.0,1.5,4,1.5
34.4375,0.1575,0-3,2019,8999.375,2272.0,6.0,1.5,4,1.5
34.4375,0.1575,0-3,2023,9605.125,2336.0,6.0,1.5,4,1.5
34.1125,0.1625,0-3,2016,932.5,288.0,7.5,1.5,5,1.5
34.1125,0.1625,0-3,2019,1362.125,400.0,7.5,1.5,5,1.5
34.1125,0.1625,0-3,2023,1604.5,480.0,7.5,1.5,5,1.5
34.1175,0.1625,0-3,2016,3926.75,1072.0,12.0,1.5,8,1.5
34.1175,0.1625,0-3,2019,6628.375,1904.0,12.0,1.5,8,1.5
34.1175,0.1625,0-3,2023,7785.375,2096.0,12.0,1.5,8,1.5
34.1225,0.1625,0-3,2016,8564.875,2128.0,15.5,1.9375,8,1.5
34.1225,0.1625,0-3,2019,10162.75,2640.0,15.5,1.9375,8,1.5
34.1225,0.1625,0-3,2023,13175.125,3328.0,15.5,1.9375,8,1.5
34.1275,0.1625,0-3,2016,2934.75,784.0,15.5,1.9375,8,1.5
34.1275,0.1625,0-3,2019,4416.5,1200.0,15.5,1.9375,8,1.5
34.1275,0.1625,0-3,2023,9912.0,2448.0,15.5,1.9375,8,1.5
34.1325,0.1625,0-3,2016,6111.25,1616.0,15.5,1.9375,8,1.5
34.1325,0.1625,0-3,2019,9283.5,2352.0,15.5,1.9375,8,1.5
34.1325,0.1625,0-3,2023,12439.25,3056.0,15.5,1.9375,8,1.5
34.1375,0.1625,0-3,2016,6047.5,1536.0,18.5,2.3125,8,1.5
34.1375,0.1625,0-3,2019,7589.875,2000.0,18.5,2.3125,8,1.5
34.1375,0.1625,0-3,2023,10084.5,2528.0,18.5,2.3125,8,1.5
34.1425,0.1625,7-9,2016,5382.125,1424.0,15.5,1.9375,8,8.0
34.1425,0.1625,7-9,2019,7749.875,1952.0,15.5,1.9375,8,8.0
34.1425,0.1625,7-9,2023,12015.0,2896.0,15.5,1.9375,8,8.0
34.1475,0.1625,0-3,2016,7198.5,1904.0,32.0,4.0,8,1.5
34.1475,0.1625,0-3,2019,12162.875,3088.0,32.0,4.0,8,1.5
34.1475,0.1625,0-3,2023,15570.875,3888.0,32.0,4.0,8,1.5
34.1525,0.1625,7-9,2016,10085.75,2688.0,44.0,5.5,8,8.0
34.1525,0.1625,7-9,2019,13313.5,3296.0,44.0,5.5,8,8.0
34.1525,0.1625,7-9,2023,18108.75,4176.0,44.0,5.5,8,8.0
34.1575,0.1625,0-3,2016,10283.5,2784.0,75.5,9.4375,8,1.5
34.1575,0.1625,0-3,2019,15704.875,4112.0,75.5,9.4375,8,1.5
34.1575,0.1625,0-3,2023,20348.625,5072.0,75.5,9.4375,8,1.5
34.1625,0.1625,7-9,2016,8760.625,2272.0,65.5,8.1875,8,8.0
34.1625,0.1625,7-9,2019,10236.5,2704.0,65.5,8.1875,8,8.0
34.1625,0.1625,7-9,2023,12565.0,3152.0,65.5,8.1875,8,8.0
34.1675,0.1625,0-3,2016,5136.125,1392.0,65.5,8.1875,8,1.5
34.1675,0.1625,0-3,2019,5839.625,1472.0,65.5,8.1875,8,1.5
34.1675,0.1625,0-3,2023,5661.375,1408.0,65.5,8.1875,8,1.5
34.1725,0.1625,0-3,2016,8591.0,2208.0,43.5,5.4375,8,1.5
34.1725,0.1625,0-3,2019,11306.375,2848.0,43.5,5.4375,8,1.5
34.1725,0.1625,0-3,2023,14432.0,3568.0,43.5,5.4375,8,1.5
34.1775,0.1625,0-3,2016,740.0,208.0,35.5,5.071428571428571,7,1.5
34.1775,0.1625,0-3,2019,1024.375,304.0,35.5,5.071428571428571,7,1.5
34.1775,0.1625,0-3,2023,1520.25,384.0,35.5,5.071428571428571,7,1.5
34.2025,0.1625,0-3,2016,11774.625,3168.0,7.5,1.5,5,1.5
34.2025,0.1625,0-3,2019,11673.875,3024.0,7.5,1.5,5,1.5
34.2025,0.1625,0-3,2023,17057.25,4192.0,7.5,1.5,5,1.5
34.2075,0.1625,0-3,2016,17349.0,4224.0,10.5,1.5,7,1.5
34.2075,0.1625,0-3,2019,17943.25,4416.0,10.5,1.5,7,1.5
34.2075,0.1625,0-3,2023,23993.875,5600.0,10.5,1.5,7,1.5
34.2125,0.1625,0-3,2016,4895.125,1280.0,14.0,2.0,7,1.5
34.2125,0.1625,0-3,2019,3891.625,1056.0,14.0,2.0,7,1.5
34.2125,0.1625,0-3,2023,6717.625,1680.0,14.0,2.0,7,1.5
34.2175,0.1625,0-3,2016,2878.875,720.0,33.5,4.785714285714286,7,1.5
34.2175,0.1625,0-3,2019,2498.0,672.0,33.5,4.785714285714286,7,1.5
34.2175,0.1625,0-3,2023,2604.375,640.0,33.5,4.785714285714286,7,1.5
34.2225,0.1625,7-9,2016,9004.375,2112.0,50.5,6.3125,8,8.0
34.2225,0.1625,7-9,2019,10289.75,2496.0,50.5,6.3125,8,8.0
34.2225,0.1625,7-9,2023,16349.0,3488.0,50.5,6.3125,8,8.0
34.2275,0.1625,13-,2016,8924.375,2256.0,69.5,8.6875,8,20.0
34.2275,0.1625,13-,2019,9651.5,2352.0,69.5,8.6875,8,20.0
34.2275,0.1625,13-,2023,15028.5,3296.0,69.5,8.6875,8,20.0
34.2325,0.1625,7-9,2016,12101.375,3136.0,96.5,12.0625,8,8.0
34.2325,0.1625,7-9,2019,16236.0,4048.0,96.5,12.0625,8,8.0
34.2325,0.1625,7-9,2023,22738.125,5488.0,96.5,12.0625,8,8.0
34.2375,0.1625,13-,2016,24358.125,6192.0,81.5,10.1875,8,20.0
34.2375,0.1625,13-,2019,24320.625,6032.0,81.5,10.1875,8,20.0
34.2375,0.1625,13-,2023,30787.25,7200.0,81.5,10.1875,8,20.0
34.2425,0.1625,10-12,2016,22403.75,5344.0,78.5,9.8125,8,11.0
34.2425,0.1625,10-12,2019,25333.5,5888.0,78.5,9.8125,8,11.0
34.2425,0.1625,10-12,2023,33135.5,7616.0,78.5,9.8125,8,11.0
34.2475,0.1625,7-9,2016,9822.125,2432.0,57.0,7.125,8,8.0
34.2475,0.1625,7-9,2019,11369.375,2848.0,57.0,7.125,8,8.0
34.2475,0.1625,7-9,2023,19705.0,4592.0,57.0,7.125,8,8.0
34.2525,0.1625,4-6,2016,8779.0,2320.0,81.5,10.1875,8,5.0
34.2525,0.1625,4-6,2019,10421.125,2688.0,81.5,10.1875,8,5.0
34.2525,0.1625,4-6,2023,13837.75,3392.0,81.5,10.1875,8,5.0
34.2575,0.1625,13-,2016,15349.5,3872.0,44.0,5.5,8,20.0
34.2575,0.1625,13-,2019,17799.375,4624.0,44.0,5.5,8,20.0
34.2575,0.1625,13-,2023,27696.625,6272.0,44.0,5.5,8,20.0
34.2625,0.1625,0-3,2016,3806.125,1008.0,59.0,7.375,8,1.5
34.2625,0.1625,0-3,2019,4190.75,1088.0,59.0,7.375,8,1.5
34.2625,0.1625,0-3,2023,6528.625,1616.0,59.0,7.375,8,1.5
34.2675,0.1625,0-3,2016,7528.875,2032.0,31.5,3.9375,8,1.5
34.2675,0.1625,0-3,2019,10999.625,2928.0,31.5,3.9375,8,1.5
34.2675,0.1625,0-3,2023,15121.5,3744.0,31.5,3.9375,8,1.5
34.2725,0.1625,10-12,2016,28468.0,6544.0,53.5,6.6875,8,11.0
34.2725,0.1625,10-12,2019,33690.125,7488.0,53.5,6.6875,8,11.0
34.2725,0.1625,10-12,2023,46934.75,9840.0,53.5,6.6875,8,11.0
34.2775,0.1625,10-12,2016,9891.125,2624.0,47.0,5.875,8,11.0
34.2775,0.1625,10-12,2019,11967.0,3152.0,47.0,5.875,8,11.0
34.2775,0.1625,10-12,2023,15857.125,3824.0,47.0,5.875,8,11.0
34.2825,0.1625,0-3,2016,1144.875,336.0,43.5,5.4375,8,1.5
34.2825,0.1625,0-3,2019,2295.5,624.0,43.5,5.4375,8,1.5
34.2825,0.1625,0-3,2023,2618.5,688.0,43.5,5.4375,8,1.5
34.2875,0.1625,0-3,2016,7198.375,1856.0,12.0,1.5,8,1.5
34.2875,0.1625,0-3,2019,10344.875,2688.0,12.0,1.5,8,1.5
34.2875,0.1625,0-3,2023,15922.5,3744.0,12.0,1.5,8,1.5
34.2925,0.1625,0-3,2016,21541.0,5120.0,7.5,1.5,5,1.5
34.2925,0.1625,0-3,2019,26183.25,5984.0,7.5,1.5,5,1.5
34.2925,0.1625,0-3,2023,32062.375,7152.0,7.5,1.5,5,1.5
34.3175,0.1625,0-3,2016,15658.875,3344.0,18.5,3.0833333333333335,6,1.5
34.3175,0.1625,0-3,2019,20710.0,4336.0,18.5,3.0833333333333335,6,1.5
34.3175,0.1625,0-3,2023,23506.625,4848.0,18.5,3.0833333333333335,6,1.5
34.3225,0.1625,0-3,2016,3707.125,976.0,44.0,5.5,8,1.5
34.3225,0.1625,0-3,2019,5656.25,1312.0,44.0,5.5,8,1.5
34.3225,0.1625,0-3,2023,7958.125,1680.0,44.0,5.5,8,1.5
34.3275,0.1625,7-9,2016,9691.375,2528.0,63.0,7.875,8,8.0
34.3275,0.1625,7-9,2019,12991.875,3360.0,63.0,7.875,8,8.0
34.3275,0.1625,7-9,2023,22168.375,5136.0,63.0,7.875,8,8.0
34.3325,0.1625,10-12,2016,3624.0,1024.0,56.0,8.0,7,11.0
34.3325,0.1625,10-12,2019,5201.5,1392.0,56.0,8.0,7,11.0
34.3325,0.1625,10-12,2023,7451.375,1888.0,56.0,8.0,7,11.0
34.3375,0.1625,4-6,2016,10544.25,2784.0,59.0,8.428571428571429,7,5.0
34.3375,0.1625,4-6,2019,13204.625,3328.0,59.0,8.428571428571429,7,5.0
34.3375,0.1625,4-6,2023,20658.625,4784.0,59.0,8.428571428571429,7,5.0
34.3425,0.1625,10-12,2016,14369.0,3824.0,43.5,6.214285714285714,7,11.0
34.3425,0.1625,10-12,2019,16534.75,4304.0,43.5,6.214285714285714,7,11.0
34.3425,0.1625,10-12,2023,17710.75,4464.0,43.5,6.214285714285714,7,11.0
34.3475,0.1625,10-12,2016,6351.5,1712.0,60.5,7.5625,8,11.0
34.3475,0.1625,10-12,2019,8426.25,2320.0,60.5,7.5625,8,11.0
34.3475,0.1625,10-12,2023,8949.0,2288.0,60.5,7.5625,8,11.0
34.3525,0.1625,10-12,2016,17772.5,4240.0,50.5,6.3125,8,11.0
34.3525,0.1625,10-12,2019,21528.5,5104.0,50.5,6.3125,8,11.0
34.3525,0.1625,10-12,2023,26500.0,6096.0,50.5,6.3125,8,11.0
34.3575,0.1625,0-3,2016,13805.75,3568.0,44.0,5.5,8,1.5
34.3575,0.1625,0-3,2019,19282.0,4848.0,44.0,5.5,8,1.5
34.3575,0.1625,0-3,2023,25800.5,6032.0,44.0,5.5,8,1.5
34.3625,0.1625,0-3,2016,12993.0,3136.0,25.0,3.125,8,1.5
34.3625,0.1625,0-3,2019,19332.625,4384.0,25.0,3.125,8,1.5
34.3625,0.1625,0-3,2023,21011.375,4672.0,25.0,3.125,8,1.5
34.3675,0.1625,0-3,2016,15404.375,3584.0,44.0,5.5,8,1.5
34.3675,0.1625,0-3,2019,17142.75,3840.0,44.0,5.5,8,1.5
34.3675,0.1625,0-3,2023,18613.0,4176.0,44.0,5.5,8,1.5
34.3725,0.1625,4-6,2016,21818.625,4816.0,60.0,7.5,8,5.0
34.3725,0.1625,4-6,2019,22014.125,4720.0,60.0,7.5,8,5.0
34.3725,0.1625,4-6,2023,23102.625,4864.0,60.0,7.5,8,5.0
34.3775,0.1625,7-9,2016,16430.5,4128.0,53.5,6.6875,8,8.0
34.3775,0.1625,7-9,2019,23009.125,5600.0,53.5,6.6875,8,8.0
34.3775,0.1625,7-9,2023,27512.25,6112.0,53.5,6.6875,8,8.0
34.3825,0.1625,0-3,2016,11388.625,2896.0,31.5,3.9375,8,1.5
34.3825,0.1625,0-3,2019,15828.875,3760.0,31.5,3.9375,8,1.5
34.3825,0.1625,0-3,2023,20970.0,4576.0,31.5,3.9375,8,1.5
34.3875,0.1625,0-3,2016,13495.375,3488.0,21.5,2.6875,8,1.5
34.3875,0.1625,0-3,2019,17401.25,4480.0,21.5,2.6875,8,1.5
34.3875,0.1625,0-3,2023,18658.375,4768.0,21.5,2.6875,8,1.5
34.3925,0.1625,0-3,2016,7003.375,1936.0,31.5,3.9375,8,1.5
34.3925,0.1625,0-3,2019,7009.125,1872.0,31.5,3.9375,8,1.5
34.3925,0.1625,0-3,2023,9309.125,2240.0,31.5,3.9375,8,1.5
34.3975,0.1625,4-6,2016,5411.375,1264.0,41.0,5.125,8,5.0
34.3975,0.1625,4-6,2019,8766.875,2128.0,41.0,5.125,8,5.0
34.3975,0.1625,4-6,2023,8892.75,2096.0,41.0,5.125,8,5.0
34.4025,0.1625,4-6,2016,4018.75,1072.0,35.0,4.375,8,5.0
34.4025,0.1625,4-6,2019,6977.5,1776.0,35.0,4.375,8,5.0
34.4025,0.1625,4-6,2023,6299.75,1568.0,35.0,4.375,8,5.0
34.4075,0.1625,0-3,2016,5409.625,1344.0,47.0,5.875,8,1.5
34.4075,0.1625,0-3,2019,7181.875,1776.0,47.0,5.875,8,1.5
34.4075,0.1625,0-3,2023,8973.125,1904.0,47.0,5.875,8,1.5
34.4125,0.1625,13-,2016,11273.0,2704.0,29.0,3.625,8,20.0
34.4125,0.1625,13-,2019,13814.75,3360.0,29.0,3.625,8,20.0
34.4125,0.1625,13-,2023,14074.0,3296.0,29.0,3.625,8,20.0
34.4175,0.1625,4-6,2016,8750.875,2304.0,47.0,5.875,8,5.0
34.4175,0.1625,4-6,2019,9440.625,2576.0,47.0,5.875,8,5.0
34.4175,0.1625,4-6,2023,10824.375,2880.0,47.0,5.875,8,5.0
34.4225,0.1625,7-9,2016,11923.375,3296.0,25.5,3.1875,8,8.0
34.4225,0.1625,7-9,2019,15523.75,3952.0,25.5,3.1875,8,8.0
34.4225,0.1625,7-9,2023,14779.375,3792.0,25.5,3.1875,8,8.0
34.4275,0.1625,0-3,2016,9593.875,2592.0,18.5,2.3125,8,1.5
34.4275,0.1625,0-3,2019,13169.625,3424.0,18.5,2.3125,8,1.5
34.4275,0.1625,0-3,2023,14226.125,3696.0,18.5,2.3125,8,1.5
34.4325,0.1625,0-3,2016,14029.125,3184.0,10.5,1.5,7,1.5
34.4325,0.1625,0-3,2019,16640.25,3680.0,10.5,1.5,7,1.5
34.4325,0.1625,0-3,2023,14830.375,3440.0,10.5,1.5,7,1.5
34.4375,0.1625,0-3,2016,14266.125,3216.0,7.5,1.5,5,1.5
34.4375,0.1625,0-3,2019,17199.5,3904.0,7.5,1.5,5,1.5
34.4375,0.1625,0-3,2023,15761.625,3728.0,7.5,1.5,5,1.5
34.1125,0.1675,0-3,2016,1061.5,288.0,6.0,1.5,4,1.5
34.1125,0.1675,0-3,2019,2172.5,592.0,6.0,1.5,4,1.5
34.1125,0.1675,0-3,2023,3405.625,912.0,6.0,1.5,4,1.5
34.1175,0.1675,0-3,2016,3463.25,928.0,10.5,1.5,7,1.5
34.1175,0.1675,0-3,2019,5592.125,1504.0,10.5,1.5,7,1.5
34.1175,0.1675,0-3,2023,5842.125,1584.0,10.5,1.5,7,1.5
34.1225,0.1675,0-3,2016,2879.0,720.0,12.0,1.5,8,1.5
34.1225,0.1675,0-3,2019,5146.5,1328.0,12.0,1.5,8,1.5
34.1225,0.1675,0-3,2023,6273.625,1488.0,12.0,1.5,8,1.5
34.1275,0.1675,0-3,2016,1722.875,448.0,12.0,1.5,8,1.5
34.1275,0.1675,0-3,2019,3218.875,848.0,12.0,1.5,8,1.5
34.1275,0.1675,0-3,2023,3123.375,816.0,12.0,1.5,8,1.5
34.1325,0.1675,0-3,2016,3091.25,832.0,12.0,1.5,8,1.5
34.1325,0.1675,0-3,2019,4608.875,1248.0,12.0,1.5,8,1.5
34.1325,0.1675,0-3,2023,11212.75,2608.0,12.0,1.5,8,1.5
34.1375,0.1675,0-3,2016,2369.5,672.0,18.5,2.3125,8,1.5
34.1375,0.1675,0-3,2019,3820.125,1040.0,18.5,2.3125,8,1.5
34.1375,0.1675,0-3,2023,11206.0,2448.0,18.5,2.3125,8,1.5
34.1425,0.1675,0-3,2016,1516.125,416.0,22.0,2.75,8,1.5
34.1425,0.1675,0-3,2019,2160.875,592.0,22.0,2.75,8,1.5
34.1425,0.1675,0-3,2023,3451.125,928.0,22.0,2.75,8,1.5
34.1475,0.1675,4-6,2016,6047.75,1696.0,25.0,3.125,8,5.0
34.1475,0.1675,4-6,2019,9212.0,2480.0,25.0,3.125,8,5.0
34.1475,0.1675,4-6,2023,13925.875,3280.0,25.0,3.125,8,5.0
34.1525,0.1675,0-3,2016,10546.25,2480.0,38.0,4.75,8,1.5
34.1525,0.1675,0-3,2019,13505.375,3216.0,38.0,4.75,8,1.5
34.1525,0.1675,0-3,2023,18271.625,4240.0,38.0,4.75,8,1.5
34.1575,0.1675,7-9,2016,35904.125,7952.0,71.5,8.9375,8,8.0
34.1575,0.1675,7-9,2019,44317.75,9120.0,71.5,8.9375,8,8.0
34.1575,0.1675,7-9,2023,51303.0,10800.0,71.5,8.9375,8,8.0
34.1625,0.1675,13-,2016,14071.75,3616.0,59.5,7.4375,8,20.0
34.1625,0.1675,13-,2019,18507.25,4688.0,59.5,7.4375,8,20.0
34.1625,0.1675,13-,2023,25460.75,6048.0,59.5,7.4375,8,20.0
34.1675,0.1675,7-9,2016,7445.5,1968.0,77.5,9.6875,8,8.0
34.1675,0.1675,7-9,2019,9698.75,2400.0,77.5,9.6875,8,8.0
34.1675,0.1675,7-9,2023,14658.375,3328.0,77.5,9.6875,8,8.0
34.1725,0.1675,13-,2016,15794.625,4160.0,35.0,4.375,8,20.0
34.1725,0.1675,13-,2019,19062.375,4960.0,35.0,4.375,8,20.0
34.1725,0.1675,13-,2023,22203.375,5392.0,35.0,4.375,8,20.0
34.1775,0.1675,7-9,2016,4560.5,1200.0,39.0,5.571428571428571,7,8.0
34.1775,0.1675,7-9,2019,7184.75,1840.0,39.0,5.571428571428571,7,8.0
34.1775,0.1675,7-9,2023,7529.5,1840.0,39.0,5.571428571428571,7,8.0
34.1825,0.1675,0-3,2019,174.75,48.0,27.0,5.4,5,1.5
34.1825,0.1675,0-3,2023,233.25,64.0,27.0,5.4,5,1.5
34.1925,0.1675,0-3,2016,1003.0,256.0,11.0,3.6666666666666665,3,1.5
34.1925,0.1675,0-3,2019,1486.625,384.0,11.0,3.6666666666666665,3,1.5
34.1925,0.1675,0-3,2023,1605.5,432.0,11.0,3.6666666666666665,3,1.5
34.2025,0.1675,0-3,2016,14261.0,3632.0,9.0,1.5,6,1.5
34.2025,0.1675,0-3,2019,21222.75,4928.0,9.0,1.5,6,1.5
34.2025,0.1675,0-3,2023,30352.75,6896.0,9.0,1.5,6,1.5
34.2075,0.1675,0-3,2016,21184.25,5360.0,12.0,1.5,8,1.5
34.2075,0.1675,0-3,2019,25724.375,6288.0,12.0,1.5,8,1.5
34.2075,0.1675,0-3,2023,33782.625,7792.0,12.0,1.5,8,1.5
34.2125,0.1675,0-3,2016,11127.125,2896.0,25.0,3.125,8,1.5
34.2125,0.1675,0-3,2019,14160.0,3584.0,25.0,3.125,8,1.5
34.2125,0.1675,0-3,2023,19899.5,4736.0,25.0,3.125,8,1.5
34.2175,0.1675,4-6,2016,9765.75,2608.0,53.0,6.625,8,5.0
34.2175,0.1675,4-6,2019,9121.875,2464.0,53.0,6.625,8,5.0
34.2175,0.1675,4-6,2023,14398.25,3504.0,53.0,6.625,8,5.0
34.2225,0.1675,7-9,2016,7593.625,1920.0,75.5,9.4375,8,8.0
34.2225,0.1675,7-9,2019,9497.125,2320.0,75.5,9.4375,8,8.0
34.2225,0.1675,7-9,2023,10862.625,2464.0,75.5,9.4375,8,8.0
34.2275,0.1675,4-6,2016,5721.5,1424.0,100.0,12.5,8,5.0
34.2275,0.1675,4-6,2019,13182.125,2688.0,100.0,12.5,8,5.0
34.2275,0.1675,4-6,2023,14908.75,2800.0,100.0,12.5,8,5.0
34.2325,0.1675,10-12,2016,11600.625,3152.0,109.0,13.625,8,11.0
34.2325,0.1675,10-12,2019,13716.875,3616.0,109.0,13.625,8,11.0
34.2325,0.1675,10-12,2023,21125.875,5264.0,109.0,13.625,8,11.0
34.2375,0.1675,10-12,2016,16751.0,4224.0,93.0,11.625,8,11.0
34.2375,0.1675,10-12,2019,18536.375,4400.0,93.0,11.625,8,11.0
34.2375,0.1675,10-12,2023,24063.125,5728.0,93.0,11.625,8,11.0
34.2425,0.1675,0-3,2016,25459.625,5392.0,90.5,11.3125,8,1.5
34.2425,0.1675,0-3,2019,27722.125,5744.0,90.5,11.3125,8,1.5
34.2425,0.1675,0-3,2023,46741.75,9296.0,90.5,11.3125,8,1.5
34.2475,0.1675,7-9,2016,28057.75,6128.0,47.5,5.9375,8,8.0
34.2475,0.1675,7-9,2019,36839.25,7776.0,47.5,5.9375,8,8.0
34.2475,0.1675,7-9,2023,43304.0,9184.0,47.5,5.9375,8,8.0
34.2525,0.1675,0-3,2016,17706.625,4320.0,66.5,8.3125,8,1.5
34.2525,0.1675,0-3,2019,20821.625,5056.0,66.5,8.3125,8,1.5
34.2525,0.1675,0-3,2023,35572.5,7920.0,66.5,8.3125,8,1.5
34.2575,0.1675,4-6,2016,12673.0,3152.0,40.5,5.0625,8,5.0
34.2575,0.1675,4-6,2019,15536.75,3760.0,40.5,5.0625,8,5.0
34.2575,0.1675,4-6,2023,21224.5,4864.0,40.5,5.0625,8,5.0
34.2625,0.1675,0-3,2016,2515.375,672.0,34.0,4.25,8,1.5
34.2625,0.1675,0-3,2019,3233.5,832.0,34.0,4.25,8,1.5
34.2625,0.1675,0-3,2023,4569.5,1136.0,34.0,4.25,8,1.5
34.2675,0.1675,0-3,2016,6043.25,1504.0,21.5,2.6875,8,1.5
34.2675,0.1675,0-3,2019,8855.375,2176.0,21.5,2.6875,8,1.5
34.2675,0.1675,0-3,2023,11908.5,2688.0,21.5,2.6875,8,1.5
34.2725,0.1675,0-3,2016,25092.25,6160.0,34.5,4.3125,8,1.5
34.2725,0.1675,0-3,2019,31968.875,7488.0,34.5,4.3125,8,1.5
34.2725,0.1675,0-3,2023,41272.125,9264.0,34.5,4.3125,8,1.5
34.2775,0.1675,4-6,2016,6460.125,1776.0,31.0,3.875,8,5.0
34.2775,0.1675,4-6,2019,9778.75,2416.0,31.0,3.875,8,5.0
34.2775,0.1675,4-6,2023,13903.25,3328.0,31.0,3.875,8,5.0
34.2825,0.1675,0-3,2016,12191.5,2944.0,25.0,3.125,8,1.5
34.2825,0.1675,0-3,2019,13154.875,3216.0,25.0,3.125,8,1.5
34.2825,0.1675,0-3,2023,20753.5,4576.0,25.0,3.125,8,1.5
34.2875,0.1675,0-3,2016,6846.125,1648.0,10.5,1.5,7,1.5
34.2875,0.1675,0-3,2019,10357.25,2368.0,10.5,1.5,7,1.5
34.2875,0.1675,0-3,2023,11491.625,2640.0,10.5,1.5,7,1.5
34.2925,0.1675,0-3,2016,16241.5,4144.0,6.0,1.5,4,1.5
34.2925,0.1675,0-3,2019,19508.5,4944.0,6.0,1.5,4,1.5
34.2925,0.1675,0-3,2023,28558.125,6720.0,6.0,1.5,4,1.5
34.3175,0.1675,0-3,2016,18773.0,4240.0,7.5,1.5,5,1.5
34.3175,0.1675,0-3,2019,31300.875,6832.0,7.5,1.5,5,1.5
34.3175,0.1675,0-3,2023,37527.875,8064.0,7.5,1.5,5,1.5
34.3225,0.1675,0-3,2016,4280.75,1056.0,31.5,3.9375,8,1.5
34.3225,0.1675,0-3,2019,6546.125,1600.0,31.5,3.9375,8,1.5
34.3225,0.1675,0-3,2023,8781.5,1952.0,31.5,3.9375,8,1.5
34.3275,0.1675,7-9,2016,5019.125,1344.0,50.5,6.3125,8,8.0
34.3275,0.1675,7-9,2019,6106.375,1584.0,50.5,6.3125,8,8.0
34.3275,0.1675,7-9,2023,12277.5,2896.0,50.5,6.3125,8,8.0
34.3325,0.1675,10-12,2016,9514.875,2480.0,68.0,9.714285714285714,7,11.0
34.3325,0.1675,10-12,2019,11813.625,2960.0,68.0,9.714285714285714,7,11.0
34.3325,0.1675,10-12,2023,15458.125,3728.0,68.0,9.714285714285714,7,11.0
34.3425,0.1675,4-6,2016,5712.25,1568.0,64.5,9.214285714285714,7,5.0
34.3425,0.1675,4-6,2019,8921.625,2192.0,64.5,9.214285714285714,7,5.0
34.3425,0.1675,4-6,2023,8514.125,2112.0,64.5,9.214285714285714,7,5.0
34.3475,0.1675,7-9,2016,15322.75,3936.0,66.5,8.3125,8,8.0
34.3475,0.1675,7-9,2019,19782.5,4816.0,66.5,8.3125,8,8.0
34.3475,0.1675,7-9,2023,22171.375,5072.0,66.5,8.3125,8,8.0
34.3525,0.1675,10-12,2016,15612.25,3472.0,63.5,7.9375,8,11.0
34.3525,0.1675,10-12,2019,18797.75,4336.0,63.5,7.9375,8,11.0
34.3525,0.1675,10-12,2023,21185.25,4736.0,63.5,7.9375,8,11.0
34.3575,0.1675,10-12,2016,18639.125,4704.0,47.5,5.9375,8,11.0
34.3575,0.1675,10-12,2019,21398.0,5232.0,47.5,5.9375,8,11.0
34.3575,0.1675,10-12,2023,25329.0,6016.0,47.5,5.9375,8,11.0
34.3625,0.1675,0-3,2016,7693.125,1952.0,31.5,3.9375,8,1.5
34.3625,0.1675,0-3,2019,10888.0,2624.0,31.5,3.9375,8,1.5
34.3625,0.1675,0-3,2023,12837.625,3104.0,31.5,3.9375,8,1.5
34.3675,0.1675,0-3,2016,5482.875,1552.0,28.5,3.5625,8,1.5
34.3675,0.1675,0-3,2019,7755.25,1920.0,28.5,3.5625,8,1.5
34.3675,0.1675,0-3,2023,7020.625,1712.0,28.5,3.5625,8,1.5
34.3725,0.1675,7-9,2016,17727.25,4368.0,38.0,4.75,8,8.0
34.3725,0.1675,7-9,2019,23784.0,5680.0,38.0,4.75,8,8.0
34.3725,0.1675,7-9,2023,26541.375,6016.0,38.0,4.75,8,8.0
34.3775,0.1675,10-12,2016,13554.875,3328.0,41.5,5.1875,8,11.0
34.3775,0.1675,10-12,2019,19030.375,4608.0,41.5,5.1875,8,11.0
34.3775,0.1675,10-12,2023,22916.25,5280.0,41.5,5.1875,8,11.0
34.3825,0.1675,0-3,2016,18058.375,4496.0,41.0,5.125,8,1.5
34.3825,0.1675,0-3,2019,22352.375,5664.0,41.0,5.125,8,1.5
34.3825,0.1675,0-3,2023,32659.875,7472.0,41.0,5.125,8,1.5
34.3875,0.1675,0-3,2016,2980.625,832.0,18.5,2.3125,8,1.5
34.3875,0.1675,0-3,2019,5255.25,1392.0,18.5,2.3125,8,1.5
34.3875,0.1675,0-3,2023,7435.875,1808.0,18.5,2.3125,8,1.5
34.3925,0.1675,0-3,2016,11886.625,2816.0,15.5,1.9375,8,1.5
34.3925,0.1675,0-3,2019,14439.125,3440.0,15.5,1.9375,8,1.5
34.3925,0.1675,0-3,2023,19387.125,4272.0,15.5,1.9375,8,1.5
34.3975,0.1675,0-3,2016,5131.75,1264.0,28.5,3.5625,8,1.5
34.3975,0.1675,0-3,2019,8701.625,2064.0,28.5,3.5625,8,1.5
34.3975,0.1675,0-3,2023,10686.0,2464.0,28.5,3.5625,8,1.5
34.4025,0.1675,10-12,2016,13651.25,3440.0,28.5,3.5625,8,11.0
34.4025,0.1675,10-12,2019,16847.125,4224.0,28.5,3.5625,8,11.0
34.4025,0.1675,10-12,2023,19391.875,4832.0,28.5,3.5625,8,11.0
34.4075,0.1675,0-3,2016,21301.375,4960.0,53.0,6.625,8,1.5
34.4075,0.1675,0-3,2019,27090.0,6064.0,53.0,6.625,8,1.5
34.4075,0.1675,0-3,2023,32382.875,6928.0,53.0,6.625,8,1.5
34.4125,0.1675,0-3,2016,9459.875,2416.0,50.0,6.25,8,1.5
34.4125,0.1675,0-3,2019,16537.375,4032.0,50.0,6.25,8,1.5
34.4125,0.1675,0-3,2023,19381.5,4480.0,50.0,6.25,8,1.5
34.4175,0.1675,7-9,2016,8424.5,2352.0,40.5,5.0625,8,8.0
34.4175,0.1675,7-9,2019,11306.75,3088.0,40.5,5.0625,8,8.0
34.4175,0.1675,7-9,2023,11868.875,3216.0,40.5,5.0625,8,8.0
34.4225,0.1675,0-3,2016,7957.875,2144.0,28.5,3.5625,8,1.5
34.4225,0.1675,0-3,2019,11467.5,3152.0,28.5,3.5625,8,1.5
34.4225,0.1675,0-3,2023,13790.5,3472.0,28.5,3.5625,8,1.5
34.4275,0.1675,0-3,2016,13863.375,3360.0,18.5,2.3125,8,1.5
34.4275,0.1675,0-3,2019,15379.5,3776.0,18.5,2.3125,8,1.5
34.4275,0.1675,0-3,2023,17516.75,4288.0,18.5,2.3125,8,1.5
34.4325,0.1675,0-3,2016,25614.375,5520.0,9.0,1.5,6,1.5
34.4325,0.1675,0-3,2019,28569.5,6336.0,9.0,1.5,6,1.5
34.4325,0.1675,0-3,2023,36270.375,7744.0,9.0,1.5,6,1.5
34.4425,0.1675,0-3,2016,8164.875,2128.0,1.5,1.5,1,1.5
34.4425,0.1675,0-3,2019,10526.625,2736.0,1.5,1.5,1,1.5
34.4425,0.1675,0-3,2023,14599.5,3568.0,1.5,1.5,1,1.5
34.1175,0.1725,0-3,2016,2128.375,656.0,10.5,1.5,7,1.5
34.1175,0.1725,0-3,2019,5076.875,1264.0,10.5,1.5,7,1.5
34.1175,0.1725,0-3,2023,5100.125,1296.0,10.5,1.5,7,1.5
34.1225,0.1725,0-3,2016,1874.125,576.0,12.0,1.5,8,1.5
34.1225,0.1725,0-3,2019,3757.0,992.0,12.0,1.5,8,1.5
34.1225,0.1725,0-3,2023,4519.625,1152.0,12.0,1.5,8,1.5
34.1275,0.1725,0-3,2016,3849.125,992.0,12.0,1.5,8,1.5
34.1275,0.1725,0-3,2019,4341.625,1088.0,12.0,1.5,8,1.5
34.1275,0.1725,0-3,2023,6514.625,1584.0,12.0,1.5,8,1.5
34.1325,0.1725,0-3,2016,4489.25,1168.0,12.0,1.5,8,1.5
34.1325,0.1725,0-3,2019,6580.0,1696.0,12.0,1.5,8,1.5
34.1325,0.1725,0-3,2023,9712.75,2512.0,12.0,1.5,8,1.5
34.1375,0.1725,0-3,2016,18776.625,4160.0,12.0,1.5,8,1.5
34.1375,0.1725,0-3,2019,25100.875,5232.0,12.0,1.5,8,1.5
34.1375,0.1725,0-3,2023,25982.0,5472.0,12.0,1.5,8,1.5
34.1425,0.1725,0-3,2016,9069.75,2224.0,15.5,1.9375,8,1.5
34.1425,0.1725,0-3,2019,11509.25,2736.0,15.5,1.9375,8,1.5
34.1425,0.1725,0-3,2023,11986.375,2960.0,15.5,1.9375,8,1.5
34.1475,0.1725,0-3,2016,8207.625,2112.0,15.5,1.9375,8,1.5
34.1475,0.1725,0-3,2019,11893.375,2880.0,15.5,1.9375,8,1.5
34.1475,0.1725,0-3,2023,16005.625,3744.0,15.5,1.9375,8,1.5
34.1525,0.1725,0-3,2016,7268.0,1760.0,35.0,4.375,8,1.5
34.1525,0.1725,0-3,2019,8261.25,1936.0,35.0,4.375,8,1.5
34.1525,0.1725,0-3,2023,10405.5,2448.0,35.0,4.375,8,1.5
34.1575,0.1725,10-12,2016,7875.125,2064.0,59.0,7.375,8,11.0
34.1575,0.1725,10-12,2019,11377.0,3024.0,59.0,7.375,8,11.0
34.1575,0.1725,10-12,2023,16435.875,4064.0,59.0,7.375,8,11.0
34.1625,0.1725,13-,2016,11240.625,2960.0,60.0,7.5,8,20.0
34.1625,0.1725,13-,2019,13252.0,3424.0,60.0,7.5,8,20.0
34.1625,0.1725,13-,2023,21345.625,5200.0,60.0,7.5,8,20.0
34.1675,0.1725,0-3,2016,6051.125,1472.0,81.0,10.125,8,1.5
34.1675,0.1725,0-3,2019,7233.25,1664.0,81.0,10.125,8,1.5
34.1675,0.1725,0-3,2023,9062.5,2192.0,81.0,10.125,8,1.5
34.1725,0.1725,4-6,2016,13684.75,3472.0,53.5,6.6875,8,5.0
34.1725,0.1725,4-6,2019,17144.75,4192.0,53.5,6.6875,8,5.0
34.1725,0.1725,4-6,2023,23123.5,5328.0,53.5,6.6875,8,5.0
34.1775,0.1725,7-9,2016,19179.875,4784.0,40.5,5.0625,8,8.0
34.1775,0.1725,7-9,2019,25337.0,6144.0,40.5,5.0625,8,8.0
34.1775,0.1725,7-9,2023,30853.625,7104.0,40.5,5.0625,8,8.0
34.1825,0.1725,0-3,2016,5937.875,1536.0,33.5,4.785714285714286,7,1.5
34.1825,0.1725,0-3,2019,6849.875,1808.0,33.5,4.785714285714286,7,1.5
34.1825,0.1725,0-3,2023,9234.375,2304.0,33.5,4.785714285714286,7,1.5
34.1875,0.1725,7-9,2016,11673.25,3088.0,23.5,3.357142857142857,7,8.0
34.1875,0.1725,7-9,2019,14431.75,3680.0,23.5,3.357142857142857,7,8.0
34.1875,0.1725,7-9,2023,19142.25,4576.0,23.5,3.357142857142857,7,8.0
34.1925,0.1725,0-3,2016,4061.75,1088.0,28.5,4.75,6,1.5
34.1925,0.1725,0-3,2019,4576.5,1200.0,28.5,4.75,6,1.5
34.1925,0.1725,0-3,2023,5070.0,1280.0,28.5,4.75,6,1.5
34.1975,0.1725,0-3,2016,8653.75,2368.0,20.0,2.857142857142857,7,1.5
34.1975,0.1725,0-3,2019,10151.25,2704.0,20.0,2.857142857142857,7,1.5
34.1975,0.1725,0-3,2023,13803.625,3504.0,20.0,2.857142857142857,7,1.5
34.2025,0.1725,0-3,2016,10109.875,2704.0,10.5,1.5,7,1.5
34.2025,0.1725,0-3,2019,14690.625,3568.0,10.5,1.5,7,1.5
34.2025,0.1725,0-3,2023,18625.0,4320.0,10.5,1.5,7,1.5
34.2075,0.1725,0-3,2016,22884.5,5072.0,15.5,1.9375,8,1.5
34.2075,0.1725,0-3,2019,26806.375,5888.0,15.5,1.9375,8,1.5
34.2075,0.1725,0-3,2023,41121.625,8800.0,15.5,1.9375,8,1.5
34.2125,0.1725,0-3,2016,12626.375,3344.0,35.0,4.375,8,1.5
34.2125,0.1725,0-3,2019,16347.75,4000.0,35.0,4.375,8,1.5
34.2125,0.1725,0-3,2023,27179.75,6128.0,35.0,4.375,8,1.5
34.2175,0.1725,10-12,2016,15311.625,4192.0,57.0,7.125,8,11.0
34.2175,0.1725,10-12,2019,18550.0,4624.0,57.0,7.125,8,11.0
34.2175,0.1725,10-12,2023,28531.75,6800.0,57.0,7.125,8,11.0
34.2225,0.1725,13-,2016,15534.375,3808.0,51.5,6.4375,8,20.0
34.2225,0.1725,13-,2019,18022.25,4336.0,51.5,6.4375,8,20.0
34.2225,0.1725,13-,2023,22681.125,5248.0,51.5,6.4375,8,20.0
34.2275,0.1725,4-6,2016,20143.875,4576.0,78.5,9.8125,8,5.0
34.2275,0.1725,4-6,2019,25897.125,5472.0,78.5,9.8125,8,5.0
34.2275,0.1725,4-6,2023,33586.125,6832.0,78.5,9.8125,8,5.0
34.2325,0.1725,13-,2016,11246.125,2784.0,66.5,8.3125,8,20.0
34.2325,0.1725,13-,2019,13184.75,3248.0,66.5,8.3125,8,20.0
34.2325,0.1725,13-,2023,19048.875,4608.0,66.5,8.3125,8,20.0
34.2375,0.1725,13-,2016,6704.25,1744.0,59.5,7.4375,8,20.0
34.2375,0.1725,13-,2019,21080.875,4480.0,59.5,7.4375,8,20.0
34.2375,0.1725,13-,2023,23483.5,5152.0,59.5,7.4375,8,20.0
34.2425,0.1725,0-3,2016,12014.625,3088.0,72.0,9.0,8,1.5
34.2425,0.1725,0-3,2019,13373.875,3520.0,72.0,9.0,8,1.5
34.2425,0.1725,0-3,2023,16750.25,4048.0,72.0,9.0,8,1.5
34.2475,0.1725,10-12,2016,17043.625,4288.0,41.0,5.125,8,11.0
34.2475,0.1725,10-12,2019,19822.625,4688.0,41.0,5.125,8,11.0
34.2475,0.1725,10-12,2023,30208.75,6752.0,41.0,5.125,8,11.0
34.2525,0.1725,7-9,2016,16994.75,4544.0,51.0,6.375,8,8.0
34.2525,0.1725,7-9,2019,18708.25,4800.0,51.0,6.375,8,8.0
34.2525,0.1725,7-9,2023,25900.25,6224.0,51.0,6.375,8,8.0
34.2575,0.1725,0-3,2016,42558.0,9728.0,32.0,4.0,8,1.5
34.2575,0.1725,0-3,2019,45938.875,10432.0,32.0,4.0,8,1.5
34.2575,0.1725,0-3,2023,54308.75,12016.0,32.0,4.0,8,1.5
34.2625,0.1725,0-3,2016,10465.875,2688.0,19.0,2.375,8,1.5
34.2625,0.1725,0-3,2019,12337.5,3104.0,19.0,2.375,8,1.5
34.2625,0.1725,0-3,2023,17144.75,4048.0,19.0,2.375,8,1.5
34.2675,0.1725,0-3,2016,15166.5,3856.0,12.0,1.5,8,1.5
34.2675,0.1725,0-3,2019,18476.25,4496.0,12.0,1.5,8,1.5
34.2675,0.1725,0-3,2023,24523.25,5680.0,12.0,1.5,8,1.5
34.2725,0.1725,0-3,2016,13180.625,3280.0,14.0,2.0,7,1.5
34.2725,0.1725,0-3,2019,20925.75,5136.0,14.0,2.0,7,1.5
34.2725,0.1725,0-3,2023,30433.125,7008.0,14.0,2.0,7,1.5
34.2775,0.1725,0-3,2016,7085.375,1776.0,14.0,2.0,7,1.5
34.2775,0.1725,0-3,2019,9767.625,2480.0,14.0,2.0,7,1.5
34.2775,0.1725,0-3,2023,13847.0,3200.0,14.0,2.0,7,1.5
34.2825,0.1725,0-3,2016,10721.375,2768.0,14.0,2.0,7,1.5
34.2825,0.1725,0-3,2019,15265.875,3904.0,14.0,2.0,7,1.5
34.2825,0.1725,0-3,2023,21609.375,5056.0,14.0,2.0,7,1.5
34.2875,0.1725,0-3,2016,11906.5,2912.0,10.5,1.5,7,1.5
34.2875,0.1725,0-3,2019,18595.75,4256.0,10.5,1.5,7,1.5
34.2875,0.1725,0-3,2023,20289.625,4496.0,10.5,1.5,7,1.5
34.3175,0.1725,0-3,2016,11199.0,2768.0,7.5,1.5,5,1.5
34.3175,0.1725,0-3,2019,23052.0,5104.0,7.5,1.5,5,1.5
34.3175,0.1725,0-3,2023,29671.875,6288.0,7.5,1.5,5,1.5
34.3225,0.1725,0-3,2016,4672.0,1328.0,25.0,3.125,8,1.5
34.3225,0.1725,0-3,2019,7583.125,2048.0,25.0,3.125,8,1.5
34.3225,0.1725,0-3,2023,10416.25,2608.0,25.0,3.125,8,1.5
34.3275,0.1725,7-9,2016,6882.375,1792.0,41.0,5.125,8,8.0
34.3275,0.1725,7-9,2019,9136.125,2368.0,41.0,5.125,8,8.0
34.3275,0.1725,7-9,2023,11927.625,2928.0,41.0,5.125,8,8.0
34.3325,0.1725,7-9,2016,16991.25,4064.0,67.5,9.642857142857142,7,8.0
34.3325,0.1725,7-9,2019,20267.75,4912.0,67.5,9.642857142857142,7,8.0
34.3325,0.1725,7-9,2023,23746.625,5472.0,67.5,9.642857142857142,7,8.0
34.3375,0.1725,13-,2016,7355.625,1920.0,44.5,7.416666666666667,6,20.0
34.3375,0.1725,13-,2019,11558.75,2992.0,44.5,7.416666666666667,6,20.0
34.3375,0.1725,13-,2023,15214.25,3600.0,44.5,7.416666666666667,6,20.0
34.3425,0.1725,0-3,2016,1347.0,384.0,63.0,10.5,6,1.5
34.3425,0.1725,0-3,2019,1786.25,496.0,63.0,10.5,6,1.5
34.3425,0.1725,0-3,2023,2451.625,672.0,63.0,10.5,6,1.5
34.3475,0.1725,7-9,2016,5609.25,1408.0,49.5,7.071428571428571,7,8.0
34.3475,0.1725,7-9,2019,7084.25,1824.0,49.5,7.071428571428571,7,8.0
34.3475,0.1725,7-9,2023,7774.125,1920.0,49.5,7.071428571428571,7,8.0
34.3525,0.1725,7-9,2016,8394.125,1984.0,79.0,9.875,8,8.0
34.3525,0.1725,7-9,2019,8168.625,1952.0,79.0,9.875,8,8.0
34.3525,0.1725,7-9,2023,10123.0,2368.0,79.0,9.875,8,8.0
34.3575,0.1725,4-6,2016,4057.5,1104.0,84.5,10.5625,8,5.0
34.3575,0.1725,4-6,2019,5056.375,1344.0,84.5,10.5625,8,5.0
34.3575,0.1725,4-6,2023,6586.125,1536.0,84.5,10.5625,8,5.0
34.3625,0.1725,7-9,2016,10399.375,2464.0,68.5,8.5625,8,8.0
34.3625,0.1725,7-9,2019,12799.875,2960.0,68.5,8.5625,8,8.0
34.3625,0.1725,7-9,2023,18073.0,3920.0,68.5,8.5625,8,8.0
34.3675,0.1725,0-3,2016,2576.375,704.0,50.0,6.25,8,1.5
34.3675,0.1725,0-3,2019,5260.125,1152.0,50.0,6.25,8,1.5
34.3675,0.1725,0-3,2023,6556.125,1536.0,50.0,6.25,8,1.5
34.3725,0.1725,0-3,2016,8654.75,2016.0,41.0,5.125,8,1.5
34.3725,0.1725,0-3,2019,13078.125,2864.0,41.0,5.125,8,1.5
34.3725,0.1725,0-3,2023,15761.25,3504.0,41.0,5.125,8,1.5
34.3775,0.1725,7-9,2016,4169.875,1024.0,34.5,4.3125,8,8.0
34.3775,0.1725,7-9,2019,4276.75,1040.0,34.5,4.3125,8,8.0
34.3775,0.1725,7-9,2023,4966.25,1232.0,34.5,4.3125,8,8.0
34.3825,0.1725,7-9,2016,11927.875,3264.0,28.0,3.5,8,8.0
34.3825,0.1725,7-9,2019,16466.875,4160.0,28.0,3.5,8,8.0
34.3825,0.1725,7-9,2023,17124.375,4224.0,28.0,3.5,8,8.0
34.3875,0.1725,0-3,2016,5581.125,1568.0,18.5,2.3125,8,1.5
34.3875,0.1725,0-3,2019,8870.625,2320.0,18.5,2.3125,8,1.5
34.3875,0.1725,0-3,2023,9554.875,2384.0,18.5,2.3125,8,1.5
34.3925,0.1725,0-3,2016,10420.5,2816.0,12.0,1.5,8,1.5
34.3925,0.1725,0-3,2019,12601.0,3360.0,12.0,1.5,8,1.5
34.3925,0.1725,0-3,2023,14633.875,3728.0,12.0,1.5,8,1.5
34.3975,0.1725,0-3,2016,11763.875,3040.0,21.5,2.6875,8,1.5
34.3975,0.1725,0-3,2019,13029.375,3312.0,21.5,2.6875,8,1.5
34.3975,0.1725,0-3,2023,16959.625,4176.0,21.5,2.6875,8,1.5
34.4025,0.1725,0-3,2016,12701.625,3264.0,34.5,4.3125,8,1.5
34.4025,0.1725,0-3,2019,13084.25,3472.0,34.5,4.3125,8,1.5
34.4025,0.1725,0-3,2023,14844.125,3776.0,34.5,4.3125,8,1.5
34.4075,0.1725,10-12,2016,9498.125,2560.0,28.5,3.5625,8,11.0
34.4075,0.1725,10-12,2019,13666.75,3456.0,28.5,3.5625,8,11.0
34.4075,0.1725,10-12,2023,16162.625,4064.0,28.5,3.5625,8,11.0
34.4125,0.1725,0-3,2016,7782.0,1968.0,35.0,4.375,8,1.5
34.4125,0.1725,0-3,2019,10861.0,2704.0,35.0,4.375,8,1.5
34.4125,0.1725,0-3,2023,13053.75,3184.0,35.0,4.375,8,1.5
34.4175,0.1725,0-3,2016,10048.0,2752.0,22.0,2.75,8,1.5
34.4175,0.1725,0-3,2019,11280.625,3056.0,22.0,2.75,8,1.5
34.4175,0.1725,0-3,2023,12948.5,3424.0,22.0,2.75,8,1.5
34.4225,0.1725,0-3,2016,9462.875,2464.0,18.5,2.3125,8,1.5
34.4225,0.1725,0-3,2019,12097.125,3136.0,18.5,2.3125,8,1.5
34.4225,0.1725,0-3,2023,14351.0,3584.0,18.5,2.3125,8,1.5
34.4275,0.1725,0-3,2016,8969.25,2160.0,10.5,1.5,7,1.5
34.4275,0.1725,0-3,2019,11379.25,2784.0,10.5,1.5,7,1.5
34.4275,0.1725,0-3,2023,13043.25,3184.0,10.5,1.5,7,1.5
34.4325,0.1725,0-3,2016,8992.875,2320.0,6.0,1.5,4,1.5
34.4325,0.1725,0-3,2019,11616.125,2896.0,6.0,1.5,4,1.5
34.4325,0.1725,0-3,2023,15249.625,3792.0,6.0,1.5,4,1.5
34.1125,0.1775,0-3,2016,2608.75,720.0,7.5,1.5,5,1.5
34.1125,0.1775,0-3,2019,3716.0,1040.0,7.5,1.5,5,1.5
34.1125,0.1775,0-3,2023,4873.75,1328.0,7.5,1.5,5,1.5
34.1175,0.1775,0-3,2016,1792.875,544.0,10.5,1.5,7,1.5
34.1175,0.1775,0-3,2019,2253.5,640.0,10.5,1.5,7,1.5
34.1175,0.1775,0-3,2023,2501.75,720.0,10.5,1.5,7,1.5
34.1225,0.1775,0-3,2016,2302.5,656.0,12.0,1.5,8,1.5
34.1225,0.1775,0-3,2019,3730.75,992.0,12.0,1.5,8,1.5
34.1225,0.1775,0-3,2023,4830.375,1264.0,12.0,1.5,8,1.5
34.1275,0.1775,0-3,2016,2235.125,640.0,10.5,1.5,7,1.5
34.1275,0.1775,0-3,2019,4042.375,1152.0,10.5,1.5,7,1.5
34.1275,0.1775,0-3,2023,4809.0,1312.0,10.5,1.5,7,1.5
34.1325,0.1775,0-3,2016,4250.625,1072.0,10.5,1.5,7,1.5
34.1325,0.1775,0-3,2019,4431.0,1168.0,10.5,1.5,7,1.5
34.1325,0.1775,0-3,2023,5928.375,1552.0,10.5,1.5,7,1.5
34.1375,0.1775,0-3,2016,4637.875,1216.0,10.5,1.5,7,1.5
34.1375,0.1775,0-3,2019,6812.625,1856.0,10.5,1.5,7,1.5
34.1375,0.1775,0-3,2023,10621.25,2704.0,10.5,1.5,7,1.5
34.1425,0.1775,0-3,2016,2967.125,848.0,12.0,1.5,8,1.5
34.1425,0.1775,0-3,2019,7549.5,1952.0,12.0,1.5,8,1.5
34.1425,0.1775,0-3,2023,17096.5,3952.0,12.0,1.5,8,1.5
34.1475,0.1775,0-3,2016,10538.25,2512.0,12.0,1.5,8,1.5
34.1475,0.1775,0-3,2019,18930.25,4464.0,12.0,1.5,8,1.5
34.1475,0.1775,0-3,2023,34472.5,7488.0,12.0,1.5,8,1.5
34.1525,0.1775,0-3,2016,3603.75,944.0,28.5,3.5625,8,1.5
34.1525,0.1775,0-3,2019,4845.375,1168.0,28.5,3.5625,8,1.5
34.1525,0.1775,0-3,2023,6707.375,1680.0,28.5,3.5625,8,1.5
34.1575,0.1775,4-6,2016,5660.125,1488.0,43.5,5.4375,8,5.0
34.1575,0.1775,4-6,2019,7439.5,2032.0,43.5,5.4375,8,5.0
34.1575,0.1775,4-6,2023,11422.375,2976.0,43.5,5.4375,8,5.0
34.1625,0.1775,0-3,2016,2231.875,624.0,50.5,6.3125,8,1.5
34.1625,0.1775,0-3,2019,2741.125,768.0,50.5,6.3125,8,1.5
34.1625,0.1775,0-3,2023,4949.25,1296.0,50.5,6.3125,8,1.5
34.1675,0.1775,4-6,2016,52505.75,11744.0,34.0,4.25,8,5.0
34.1675,0.1775,4-6,2019,61695.375,13296.0,34.0,4.25,8,5.0
34.1675,0.1775,4-6,2023,75999.75,15792.0,34.0,4.25,8,5.0
34.1725,0.1775,0-3,2016,16633.75,3504.0,25.5,3.1875,8,1.5
34.1725,0.1775,0-3,2019,17082.625,3808.0,25.5,3.1875,8,1.5
34.1725,0.1775,0-3,2023,22240.0,4752.0,25.5,3.1875,8,1.5
34.1775,0.1775,0-3,2016,36241.5,8048.0,22.0,2.75,8,1.5
34.1775,0.1775,0-3,2019,46824.25,10016.0,22.0,2.75,8,1.5
34.1775,0.1775,0-3,2023,56656.875,11296.0,22.0,2.75,8,1.5
34.1825,0.1775,0-3,2016,9018.0,2432.0,32.0,4.0,8,1.5
34.1825,0.1775,0-3,2019,14276.125,3760.0,32.0,4.0,8,1.5
34.1825,0.1775,0-3,2023,20733.625,5120.0,32.0,4.0,8,1.5
34.1875,0.1775,4-6,2016,13745.125,3504.0,31.5,3.9375,8,5.0
34.1875,0.1775,4-6,2019,19942.25,5040.0,31.5,3.9375,8,5.0
34.1875,0.1775,4-6,2023,28743.0,6672.0,31.5,3.9375,8,5.0
34.1925,0.1775,10-12,2016,5888.375,1552.0,25.5,3.1875,8,11.0
34.1925,0.1775,10-12,2019,8546.625,2304.0,25.5,3.1875,8,11.0
34.1925,0.1775,10-12,2023,12201.875,3024.0,25.5,3.1875,8,11.0
34.1975,0.1775,0-3,2016,9252.625,2384.0,21.5,2.6875,8,1.5
34.1975,0.1775,0-3,2019,11405.25,2880.0,21.5,2.6875,8,1.5
34.1975,0.1775,0-3,2023,15670.5,3552.0,21.5,2.6875,8,1.5
34.2025,0.1775,0-3,2016,15434.25,3856.0,12.0,1.5,8,1.5
34.2025,0.1775,0-3,2019,17840.875,4400.0,12.0,1.5,8,1.5
34.2025,0.1775,0-3,2023,23918.375,5424.0,12.0,1.5,8,1.5
34.2075,0.1775,0-3,2016,20797.75,5040.0,19.0,2.375,8,1.5
34.2075,0.1775,0-3,2019,28513.625,6480.0,19.0,2.375,8,1.5
34.2075,0.1775,0-3,2023,38685.875,8480.0,19.0,2.375,8,1.5
34.2125,0.1775,4-6,2016,31270.625,7312.0,41.0,5.125,8,5.0
34.2125,0.1775,4-6,2019,36480.875,8144.0,41.0,5.125,8,5.0
34.2125,0.1775,4-6,2023,45792.875,9728.0,41.0,5.125,8,5.0
34.2175,0.1775,7-9,2016,14614.875,3664.0,81.5,10.1875,8,8.0
34.2175,0.1775,7-9,2019,14809.75,3664.0,81.5,10.1875,8,8.0
34.2175,0.1775,7-9,2023,23025.75,5328.0,81.5,10.1875,8,8.0
34.2225,0.1775,7-9,2016,12248.75,3152.0,78.0,9.75,8,8.0
34.2225,0.1775,7-9,2019,14812.125,3680.0,78.0,9.75,8,8.0
34.2225,0.1775,7-9,2023,18502.125,4352.0,78.0,9.75,8,8.0
34.2275,0.1775,0-3,2016,6571.125,1728.0,81.0,10.125,8,1.5
34.2275,0.1775,0-3,2019,8451.25,2304.0,81.0,10.125,8,1.5
34.2275,0.1775,0-3,2023,8496.875,2240.0,81.0,10.125,8,1.5
34.2325,0.1775,4-6,2016,9578.75,2368.0,59.0,7.375,8,5.0
34.2325,0.1775,4-6,2019,10934.75,2816.0,59.0,7.375,8,5.0
34.2325,0.1775,4-6,2023,18589.0,4512.0,59.0,7.375,8,5.0
34.2375,0.1775,7-9,2016,8665.875,2016.0,52.5,6.5625,8,8.0
34.2375,0.1775,7-9,2019,10209.375,2304.0,52.5,6.5625,8,8.0
34.2375,0.1775,7-9,2023,12229.0,2832.0,52.5,6.5625,8,8.0
34.2425,0.1775,0-3,2016,8995.125,2288.0,56.0,7.0,8,1.5
34.2425,0.1775,0-3,2019,10152.25,2576.0,56.0,7.0,8,1.5
34.2425,0.1775,0-3,2023,12131.125,3024.0,56.0,7.0,8,1.5
34.2475,0.1775,10-12,2016,12289.875,3152.0,33.0,4.714285714285714,7,11.0
34.2475,0.1775,10-12,2019,12445.125,3200.0,33.0,4.714285714285714,7,11.0
34.2475,0.1775,10-12,2023,17316.875,4192.0,33.0,4.714285714285714,7,11.0
34.2525,0.1775,7-9,2016,9358.875,2480.0,38.0,6.333333333333333,6,8.0
34.2525,0.1775,7-9,2019,11877.625,3152.0,38.0,6.333333333333333,6,8.0
34.2525,0.1775,7-9,2023,18370.5,4320.0,38.0,6.333333333333333,6,8.0
34.2575,0.1775,4-6,2016,8954.25,1968.0,20.5,4.1,5,5.0
34.2575,0.1775,4-6,2019,12638.125,2944.0,20.5,4.1,5,5.0
34.2575,0.1775,4-6,2023,14938.375,3280.0,20.5,4.1,5,5.0
34.2625,0.1775,0-3,2016,15940.0,3792.0,11.0,2.2,5,1.5
34.2625,0.1775,0-3,2019,19733.875,4896.0,11.0,2.2,5,1.5
34.2625,0.1775,0-3,2023,29428.375,6688.0,11.0,2.2,5,1.5
34.2675,0.1775,0-3,2016,16674.375,4144.0,7.5,1.5,5,1.5
34.2675,0.1775,0-3,2019,26867.625,6192.0,7.5,1.5,5,1.5
34.2675,0.1775,0-3,2023,32497.625,7168.0,7.5,1.5,5,1.5
34.2725,0.1775,0-3,2016,69208.625,14112.0,6.0,1.5,4,1.5
34.2725,0.1775,0-3,2019,84322.875,16704.0,6.0,1.5,4,1.5
34.2725,0.1775,0-3,2023,112043.25,20720.0,6.0,1.5,4,1.5
34.2825,0.1775,0-3,2016,22636.125,5376.0,6.0,1.5,4,1.5
34.2825,0.1775,0-3,2019,27430.875,6128.0,6.0,1.5,4,1.5
34.2825,0.1775,0-3,2023,31582.375,6848.0,6.0,1.5,4,1.5
34.2875,0.1775,0-3,2016,29851.25,6736.0,6.0,1.5,4,1.5
34.2875,0.1775,0-3,2019,42070.75,9008.0,6.0,1.5,4,1.5
34.2875,0.1775,0-3,2023,54295.25,11088.0,6.0,1.5,4,1.5
34.2925,0.1775,0-3,2016,51198.625,10656.0,3.0,1.5,2,1.5
34.2925,0.1775,0-3,2019,65712.875,13440.0,3.0,1.5,2,1.5
34.2925,0.1775,0-3,2023,69501.125,14096.0,3.0,1.5,2,1.5
34.3175,0.1775,0-3,2016,14613.25,3584.0,7.5,1.5,5,1.5
34.3175,0.1775,0-3,2019,14894.5,3680.0,7.5,1.5,5,1.5
34.3175,0.1775,0-3,2023,23427.0,5296.0,7.5,1.5,5,1.5
34.3225,0.1775,0-3,2016,11807.0,2752.0,18.5,2.3125,8,1.5
34.3225,0.1775,0-3,2019,16991.5,3728.0,18.5,2.3125,8,1.5
34.3225,0.1775,0-3,2023,24448.5,4768.0,18.5,2.3125,8,1.5
34.3275,0.1775,0-3,2016,5158.0,1344.0,31.5,3.9375,8,1.5
34.3275,0.1775,0-3,2019,9188.5,2272.0,31.5,3.9375,8,1.5
34.3275,0.1775,0-3,2023,13826.0,3184.0,31.5,3.9375,8,1.5
34.3325,0.1775,7-9,2016,10814.0,2672.0,53.0,6.625,8,8.0
34.3325,0.1775,7-9,2019,13044.25,3200.0,53.0,6.625,8,8.0
34.3325,0.1775,7-9,2023,15974.75,3696.0,53.0,6.625,8,8.0
34.3375,0.1775,10-12,2016,9640.375,2560.0,42.0,6.0,7,11.0
34.3375,0.1775,10-12,2019,12857.0,3056.0,42.0,6.0,7,11.0
34.3375,0.1775,10-12,2023,20107.625,4400.0,42.0,6.0,7,11.0
34.3475,0.1775,10-12,2016,11692.0,2880.0,55.0,7.857142857142857,7,11.0
34.3475,0.1775,10-12,2019,13320.75,3200.0,55.0,7.857142857142857,7,11.0
34.3475,0.1775,10-12,2023,16741.0,3824.0,55.0,7.857142857142857,7,11.0
34.3525,0.1775,4-6,2016,5385.0,1296.0,103.0,12.875,8,5.0
34.3525,0.1775,4-6,2019,6515.75,1664.0,103.0,12.875,8,5.0
34.3525,0.1775,4-6,2023,7525.75,1808.0,103.0,12.875,8,5.0
34.3575,0.1775,13-,2016,8519.75,2208.0,106.0,13.25,8,20.0
34.3575,0.1775,13-,2019,9226.625,2384.0,106.0,13.25,8,20.0
34.3575,0.1775,13-,2023,10886.25,2736.0,106.0,13.25,8,20.0
34.3625,0.1775,13-,2016,7025.75,1968.0,87.5,10.9375,8,20.0
34.3625,0.1775,13-,2019,8482.25,2304.0,87.5,10.9375,8,20.0
34.3625,0.1775,13-,2023,8803.875,2240.0,87.5,10.9375,8,20.0
34.3675,0.1775,7-9,2016,5541.875,1536.0,62.5,7.8125,8,8.0
34.3675,0.1775,7-9,2019,8196.125,2160.0,62.5,7.8125,8,8.0
34.3675,0.1775,7-9,2023,9996.875,2528.0,62.5,7.8125,8,8.0
34.3725,0.1775,0-3,2016,4609.375,1264.0,32.0,4.0,8,1.5
34.3725,0.1775,0-3,2019,8216.375,2096.0,32.0,4.0,8,1.5
34.3725,0.1775,0-3,2023,7383.125,1888.0,32.0,4.0,8,1.5
34.3775,0.1775,0-3,2016,4946.25,1312.0,35.0,4.375,8,1.5
34.3775,0.1775,0-3,2019,5928.125,1472.0,35.0,4.375,8,1.5
34.3775,0.1775,0-3,2023,6540.0,1760.0,35.0,4.375,8,1.5
34.3825,0.1775,0-3,2016,3300.125,864.0,35.0,4.375,8,1.5
34.3825,0.1775,0-3,2019,4585.875,1168.0,35.0,4.375,8,1.5
34.3825,0.1775,0-3,2023,5970.875,1520.0,35.0,4.375,8,1.5
34.3875,0.1775,0-3,2016,4975.0,1312.0,27.0,3.857142857142857,7,1.5
34.3875,0.1775,0-3,2019,7354.75,1920.0,27.0,3.857142857142857,7,1.5
34.3875,0.1775,0-3,2023,8329.875,2080.0,27.0,3.857142857142857,7,1.5
34.3925,0.1775,0-3,2016,4395.5,1280.0,12.5,2.0833333333333335,6,1.5
34.3925,0.1775,0-3,2019,5420.625,1584.0,12.5,2.0833333333333335,6,1.5
34.3925,0.1775,0-3,2023,5998.25,1616.0,12.5,2.0833333333333335,6,1.5
34.3975,0.1775,0-3,2016,5636.75,1680.0,12.5,2.0833333333333335,6,1.5
34.3975,0.1775,0-3,2019,5917.625,1712.0,12.5,2.0833333333333335,6,1.5
34.3975,0.1775,0-3,2023,7288.875,1952.0,12.5,2.0833333333333335,6,1.5
34.4025,0.1775,0-3,2016,3421.375,960.0,36.5,5.214285714285714,7,1.5
34.4025,0.1775,0-3,2019,4820.375,1280.0,36.5,5.214285714285714,7,1.5
34.4025,0.1775,0-3,2023,7278.625,1792.0,36.5,5.214285714285714,7,1.5
34.4075,0.1775,4-6,2016,3958.375,1152.0,44.5,5.5625,8,5.0
34.4075,0.1775,4-6,2019,4507.5,1264.0,44.5,5.5625,8,5.0
34.4075,0.1775,4-6,2023,4568.375,1232.0,44.5,5.5625,8,5.0
34.4125,0.1775,4-6,2016,11981.25,3008.0,41.0,5.125,8,5.0
34.4125,0.1775,4-6,2019,15738.5,3904.0,41.0,5.125,8,5.0
34.4125,0.1775,4-6,2023,14674.125,3600.0,41.0,5.125,8,5.0
34.4175,0.1775,0-3,2016,10030.125,2688.0,22.0,2.75,8,1.5
34.4175,0.1775,0-3,2019,15286.125,3904.0,22.0,2.75,8,1.5
34.4175,0.1775,0-3,2023,18859.625,4752.0,22.0,2.75,8,1.5
34.4225,0.1775,0-3,2016,7788.625,2064.0,10.5,1.5,7,1.5
34.4225,0.1775,0-3,2019,10619.25,2864.0,10.5,1.5,7,1.5
34.4225,0.1775,0-3,2023,13095.375,3248.0,10.5,1.5,7,1.5
34.4275,0.1775,0-3,2016,2010.0,560.0,7.5,1.5,5,1.5
34.4275,0.1775,0-3,2019,3236.5,944.0,7.5,1.5,5,1.5
34.4275,0.1775,0-3,2023,5231.75,1392.0,7.5,1.5,5,1.5
34.1075,0.1825,0-3,2016,1690.0,336.0,6.0,1.5,4,1.5
34.1075,0.1825,0-3,2019,2783.625,640.0,6.0,1.5,4,1.5
34.1075,0.1825,0-3,2023,2581.75,656.0,6.0,1.5,4,1.5
34.1125,0.1825,0-3,2016,1967.875,592.0,10.5,1.5,7,1.5
34.1125,0.1825,0-3,2019,3507.25,992.0,10.5,1.5,7,1.5
34.1125,0.1825,0-3,2023,5293.25,1456.0,10.5,1.5,7,1.5
34.1175,0.1825,0-3,2016,3499.875,1024.0,10.5,1.5,7,1.5
34.1175,0.1825,0-3,2019,6405.75,1808.0,10.5,1.5,7,1.5
34.1175,0.1825,0-3,2023,5986.5,1760.0,10.5,1.5,7,1.5
34.1225,0.1825,0-3,2016,490.5,144.0,10.5,1.5,7,1.5
34.1225,0.1825,0-3,2019,577.25,176.0,10.5,1.5,7,1.5
34.1225,0.1825,0-3,2023,1027.375,304.0,10.5,1.5,7,1.5
34.1275,0.1825,0-3,2016,671.25,192.0,7.5,1.5,5,1.5
34.1275,0.1825,0-3,2019,1206.0,336.0,7.5,1.5,5,1.5
34.1275,0.1825,0-3,2023,2832.0,688.0,7.5,1.5,5,1.5
34.1375,0.1825,0-3,2016,1243.625,352.0,9.0,1.5,6,1.5
34.1375,0.1825,0-3,2019,3014.125,784.0,9.0,1.5,6,1.5
34.1375,0.1825,0-3,2023,4780.875,1168.0,9.0,1.5,6,1.5
34.1425,0.1825,0-3,2016,4585.625,1232.0,15.5,1.9375,8,1.5
34.1425,0.1825,0-3,2019,5838.125,1584.0,15.5,1.9375,8,1.5
34.1425,0.1825,0-3,2023,8502.375,2224.0,15.5,1.9375,8,1.5
34.1475,0.1825,0-3,2016,4088.125,1104.0,19.0,2.375,8,1.5
34.1475,0.1825,0-3,2019,5229.875,1360.0,19.0,2.375,8,1.5
34.1475,0.1825,0-3,2023,7086.375,1824.0,19.0,2.375,8,1.5
34.1525,0.1825,0-3,2016,3321.875,896.0,26.0,3.25,8,1.5
34.1525,0.1825,0-3,2019,3519.25,960.0,26.0,3.25,8,1.5
34.1525,0.1825,0-3,2023,3872.75,1088.0,26.0,3.25,8,1.5
34.1575,0.1825,4-6,2016,3266.0,896.0,19.0,2.375,8,5.0
34.1575,0.1825,4-6,2019,3452.875,992.0,19.0,2.375,8,5.0
34.1575,0.1825,4-6,2023,5998.875,1664.0,19.0,2.375,8,5.0
34.1625,0.1825,0-3,2016,8024.625,2048.0,29.0,3.625,8,1.5
34.1625,0.1825,0-3,2019,9362.25,2416.0,29.0,3.625,8,1.5
34.1625,0.1825,0-3,2023,14603.875,3456.0,29.0,3.625,8,1.5
34.1675,0.1825,0-3,2016,7865.875,2080.0,22.0,2.75,8,1.5
34.1675,0.1825,0-3,2019,8860.5,2336.0,22.0,2.75,8,1.5
34.1675,0.1825,0-3,2023,14016.0,3424.0,22.0,2.75,8,1.5
34.1725,0.1825,0-3,2016,5204.25,1360.0,25.5,3.1875,8,1.5
34.1725,0.1825,0-3,2019,7211.875,1824.0,25.5,3.1875,8,1.5
34.1725,0.1825,0-3,2023,10008.5,2416.0,25.5,3.1875,8,1.5
34.1775,0.1825,0-3,2016,10825.25,2624.0,15.5,1.9375,8,1.5
34.1775,0.1825,0-3,2019,13844.0,3216.0,15.5,1.9375,8,1.5
34.1775,0.1825,0-3,2023,20437.25,4704.0,15.5,1.9375,8,1.5
34.1825,0.1825,0-3,2016,15453.875,3904.0,22.5,2.8125,8,1.5
34.1825,0.1825,0-3,2019,22576.75,5280.0,22.5,2.8125,8,1.5
34.1825,0.1825,0-3,2023,32428.25,6976.0,22.5,2.8125,8,1.5
34.1875,0.1825,4-6,2016,13176.75,3312.0,25.0,3.125,8,5.0
34.1875,0.1825,4-6,2019,18136.375,4432.0,25.0,3.125,8,5.0
34.1875,0.1825,4-6,2023,24636.125,5392.0,25.0,3.125,8,5.0
34.1925,0.1825,0-3,2016,12084.375,3104.0,28.5,3.5625,8,1.5
34.1925,0.1825,0-3,2019,15761.625,4096.0,28.5,3.5625,8,1.5
34.1925,0.1825,0-3,2023,23736.5,5616.0,28.5,3.5625,8,1.5
34.1975,0.1825,0-3,2016,5383.875,1344.0,31.0,3.875,8,1.5
34.1975,0.1825,0-3,2019,5596.0,1360.0,31.0,3.875,8,1.5
34.1975,0.1825,0-3,2023,7993.375,1936.0,31.0,3.875,8,1.5
34.2025,0.1825,0-3,2016,13005.5,3200.0,25.0,3.125,8,1.5
34.2025,0.1825,0-3,2019,16454.875,4128.0,25.0,3.125,8,1.5
34.2025,0.1825,0-3,2023,27056.875,6176.0,25.0,3.125,8,1.5
34.2075,0.1825,0-3,2016,20722.5,4624.0,41.5,5.1875,8,1.5
34.2075,0.1825,0-3,2019,22031.125,4800.0,41.5,5.1875,8,1.5
34.2075,0.1825,0-3,2023,33501.375,6912.0,41.5,5.1875,8,1.5
34.2125,0.1825,4-6,2016,14805.375,3648.0,51.0,6.375,8,5.0
34.2125,0.1825,4-6,2019,17387.875,4368.0,51.0,6.375,8,5.0
34.2125,0.1825,4-6,2023,22831.125,5168.0,51.0,6.375,8,5.0
34.2175,0.1825,10-12,2016,21818.375,5408.0,70.0,8.75,8,11.0
34.2175,0.1825,10-12,2019,22880.875,5648.0,70.0,8.75,8,11.0
34.2175,0.1825,10-12,2023,32213.0,7248.0,70.0,8.75,8,11.0
34.2225,0.1825,13-,2016,12168.75,3232.0,44.5,5.5625,8,20.0
34.2225,0.1825,13-,2019,18601.375,4688.0,44.5,5.5625,8,20.0
34.2225,0.1825,13-,2023,20472.0,5056.0,44.5,5.5625,8,20.0
34.2275,0.1825,0-3,2016,1945.125,544.0,44.0,5.5,8,1.5
34.2275,0.1825,0-3,2019,3822.125,944.0,44.0,5.5,8,1.5
34.2275,0.1825,0-3,2023,4544.0,1168.0,44.0,5.5,8,1.5
34.2325,0.1825,0-3,2016,6853.625,1840.0,28.5,3.5625,8,1.5
34.2325,0.1825,0-3,2019,14423.0,3616.0,28.5,3.5625,8,1.5
34.2325,0.1825,0-3,2023,20801.75,5056.0,28.5,3.5625,8,1.5
34.2375,0.1825,0-3,2016,3061.25,832.0,28.5,3.5625,8,1.5
34.2375,0.1825,0-3,2019,3948.0,1120.0,28.5,3.5625,8,1.5
34.2375,0.1825,0-3,2023,7586.25,1904.0,28.5,3.5625,8,1.5
34.2425,0.1825,0-3,2016,7457.0,1776.0,34.5,4.3125,8,1.5
34.2425,0.1825,0-3,2019,11878.0,2752.0,34.5,4.3125,8,1.5
34.2425,0.1825,0-3,2023,14220.375,3296.0,34.5,4.3125,8,1.5
34.2475,0.1825,0-3,2016,3951.0,976.0,26.5,3.7857142857142856,7,1.5
34.2475,0.1825,0-3,2019,5864.0,1424.0,26.5,3.7857142857142856,7,1.5
34.2475,0.1825,0-3,2023,9059.0,2048.0,26.5,3.7857142857142856,7,1.5
34.3175,0.1825,0-3,2016,9595.125,2336.0,6.0,1.5,4,1.5
34.3175,0.1825,0-3,2019,13306.0,3184.0,6.0,1.5,4,1.5
34.3175,0.1825,0-3,2023,14078.125,3264.0,6.0,1.5,4,1.5
34.3225,0.1825,0-3,2016,15493.125,3664.0,10.5,1.5,7,1.5
34.3225,0.1825,0-3,2019,21376.75,4912.0,10.5,1.5,7,1.5
34.3225,0.1825,0-3,2023,26249.625,5680.0,10.5,1.5,7,1.5
34.3275,0.1825,0-3,2016,19835.25,5072.0,18.5,2.3125,8,1.5
34.3275,0.1825,0-3,2019,27153.0,6656.0,18.5,2.3125,8,1.5
34.3275,0.1825,0-3,2023,32864.0,7392.0,18.5,2.3125,8,1.5
34.3325,0.1825,0-3,2016,19650.75,4656.0,28.0,3.5,8,1.5
34.3325,0.1825,0-3,2019,28724.375,6592.0,28.0,3.5,8,1.5
34.3325,0.1825,0-3,2023,33836.75,7520.0,28.0,3.5,8,1.5
34.3375,0.1825,0-3,2016,11118.375,2688.0,26.5,3.7857142857142856,7,1.5
34.3375,0.1825,0-3,2019,14667.5,3504.0,26.5,3.7857142857142856,7,1.5
34.3375,0.1825,0-3,2023,17775.875,4016.0,26.5,3.7857142857142856,7,1.5
34.3425,0.1825,0-3,2016,2045.5,560.0,39.0,5.571428571428571,7,1.5
34.3425,0.1825,0-3,2019,3311.875,896.0,39.0,5.571428571428571,7,1.5
34.3425,0.1825,0-3,2023,12867.625,2176.0,39.0,5.571428571428571,7,1.5
34.3475,0.1825,10-12,2016,9364.125,2432.0,42.0,6.0,7,11.0
34.3475,0.1825,10-12,2019,13332.375,3232.0,42.0,6.0,7,11.0
34.3475,0.1825,10-12,2023,14789.0,3264.0,42.0,6.0,7,11.0
34.3525,0.1825,13-,2016,7066.25,2000.0,75.0,9.375,8,20.0
34.3525,0.1825,13-,2019,9428.75,2448.0,75.0,9.375,8,20.0
34.3525,0.1825,13-,2023,11503.125,2992.0,75.0,9.375,8,20.0
34.3575,0.1825,13-,2016,8480.0,2384.0,93.0,11.625,8,20.0
34.3575,0.1825,13-,2019,12802.25,3392.0,93.0,11.625,8,20.0
34.3575,0.1825,13-,2023,11936.125,3040.0,93.0,11.625,8,20.0
34.3625,0.1825,13-,2016,10633.625,2848.0,87.5,10.9375,8,20.0
34.3625,0.1825,13-,2019,15127.125,3792.0,87.5,10.9375,8,20.0
34.3625,0.1825,13-,2023,12780.125,3248.0,87.5,10.9375,8,20.0
34.3675,0.1825,4-6,2016,7352.5,1952.0,75.0,9.375,8,5.0
34.3675,0.1825,4-6,2019,11244.75,2736.0,75.0,9.375,8,5.0
34.3675,0.1825,4-6,2023,12396.375,2960.0,75.0,9.375,8,5.0
34.3725,0.1825,4-6,2016,21646.125,4736.0,47.5,5.9375,8,5.0
34.3725,0.1825,4-6,2019,26559.875,5776.0,47.5,5.9375,8,5.0
34.3725,0.1825,4-6,2023,32034.125,6624.0,47.5,5.9375,8,5.0
34.3775,0.1825,0-3,2016,5245.125,1408.0,47.5,5.9375,8,1.5
34.3775,0.1825,0-3,2019,9026.25,2272.0,47.5,5.9375,8,1.5
34.3775,0.1825,0-3,2023,10699.75,2704.0,47.5,5.9375,8,1.5
34.3825,0.1825,7-9,2016,11712.75,2560.0,31.5,3.9375,8,8.0
34.3825,0.1825,7-9,2019,13892.75,3072.0,31.5,3.9375,8,8.0
34.3825,0.1825,7-9,2023,14858.5,3264.0,31.5,3.9375,8,8.0
34.3875,0.1825,4-6,2016,6792.0,1792.0,22.0,3.6666666666666665,6,5.0
34.3875,0.1825,4-6,2019,8287.75,2112.0,22.0,3.6666666666666665,6,5.0
34.3875,0.1825,4-6,2023,10327.75,2608.0,22.0,3.6666666666666665,6,5.0
34.4025,0.1825,4-6,2016,2988.375,864.0,20.5,4.1,5,5.0
34.4025,0.1825,4-6,2019,3510.125,912.0,20.5,4.1,5,5.0
34.4025,0.1825,4-6,2023,4236.625,1072.0,20.5,4.1,5,5.0
34.4075,0.1825,10-12,2016,10242.25,2736.0,27.5,3.9285714285714284,7,11.0
34.4075,0.1825,10-12,2019,14161.5,3584.0,27.5,3.9285714285714284,7,11.0
34.4075,0.1825,10-12,2023,16631.5,4048.0,27.5,3.9285714285714284,7,11.0
34.4125,0.1825,7-9,2016,11938.75,2752.0,28.5,3.5625,8,8.0
34.4125,0.1825,7-9,2019,16230.0,3648.0,28.5,3.5625,8,8.0
34.4125,0.1825,7-9,2023,19719.5,4160.0,28.5,3.5625,8,8.0
34.4175,0.1825,0-3,2016,15129.5,3792.0,22.0,2.75,8,1.5
34.4175,0.1825,0-3,2019,23366.125,5568.0,22.0,2.75,8,1.5
34.4175,0.1825,0-3,2023,26014.0,5904.0,22.0,2.75,8,1.5
34.4225,0.1825,0-3,2016,8052.75,1984.0,10.5,1.5,7,1.5
34.4225,0.1825,0-3,2019,9417.25,2368.0,10.5,1.5,7,1.5
34.4225,0.1825,0-3,2023,11253.625,2864.0,10.5,1.5,7,1.5
34.1075,0.1875,0-3,2016,2183.375,528.0,6.0,1.5,4,1.5
34.1075,0.1875,0-3,2019,2738.125,768.0,6.0,1.5,4,1.5
34.1075,0.1875,0-3,2023,2266.375,608.0,6.0,1.5,4,1.5
34.1125,0.1875,0-3,2016,6109.875,1600.0,10.5,1.5,7,1.5
34.1125,0.1875,0-3,2019,10244.625,2448.0,10.5,1.5,7,1.5
34.1125,0.1875,0-3,2023,10899.25,2736.0,10.5,1.5,7,1.5
34.1175,0.1875,0-3,2016,5050.25,1200.0,10.5,1.5,7,1.5
34.1175,0.1875,0-3,2019,6437.875,1696.0,10.5,1.5,7,1.5
34.1175,0.1875,0-3,2023,7245.875,1840.0,10.5,1.5,7,1.5
34.1275,0.1875,0-3,2016,3554.5,832.0,11.0,2.2,5,1.5
34.1275,0.1875,0-3,2019,4107.75,960.0,11.0,2.2,5,1.5
34.1275,0.1875,0-3,2023,5083.875,1328.0,11.0,2.2,5,1.5
34.1375,0.1875,0-3,2016,558.5,160.0,12.5,2.0833333333333335,6,1.5
34.1375,0.1875,0-3,2019,1321.25,384.0,12.5,2.0833333333333335,6,1.5
34.1375,0.1875,0-3,2023,1449.0,416.0,12.5,2.0833333333333335,6,1.5
34.1425,0.1875,0-3,2016,4791.875,1344.0,22.0,2.75,8,1.5
34.1425,0.1875,0-3,2019,5410.625,1552.0,22.0,2.75,8,1.5
34.1425,0.1875,0-3,2023,6730.0,1840.0,22.0,2.75,8,1.5
34.1475,0.1875,4-6,2016,3155.25,912.0,25.5,3.1875,8,5.0
34.1475,0.1875,4-6,2019,4542.625,1248.0,25.5,3.1875,8,5.0
34.1475,0.1875,4-6,2023,6329.5,1568.0,25.5,3.1875,8,5.0
34.1525,0.1875,4-6,2016,7621.75,2064.0,29.0,3.625,8,5.0
34.1525,0.1875,4-6,2019,9156.0,2560.0,29.0,3.625,8,5.0
34.1525,0.1875,4-6,2023,15222.125,3872.0,29.0,3.625,8,5.0
34.1575,0.1875,0-3,2016,3002.0,864.0,22.5,2.8125,8,1.5
34.1575,0.1875,0-3,2019,4148.5,1136.0,22.5,2.8125,8,1.5
34.1575,0.1875,0-3,2023,6105.125,1488.0,22.5,2.8125,8,1.5
34.1625,0.1875,0-3,2016,19051.0,4192.0,20.5,2.9285714285714284,7,1.5
34.1625,0.1875,0-3,2019,22011.75,5024.0,20.5,2.9285714285714284,7,1.5
34.1625,0.1875,0-3,2023,33008.5,7168.0,20.5,2.9285714285714284,7,1.5
34.1675,0.1875,7-9,2016,7765.625,2032.0,10.5,1.5,7,8.0
34.1675,0.1875,7-9,2019,8782.75,2208.0,10.5,1.5,7,8.0
34.1675,0.1875,7-9,2023,12923.25,3120.0,10.5,1.5,7,8.0
34.1725,0.1875,0-3,2016,2826.5,720.0,19.0,3.1666666666666665,6,1.5
34.1725,0.1875,0-3,2019,2741.75,720.0,19.0,3.1666666666666665,6,1.5
34.1725,0.1875,0-3,2023,4112.875,1056.0,19.0,3.1666666666666665,6,1.5
34.1775,0.1875,4-6,2016,16279.875,4032.0,10.5,1.5,7,5.0
34.1775,0.1875,4-6,2019,22318.5,5392.0,10.5,1.5,7,5.0
34.1775,0.1875,4-6,2023,30030.375,7072.0,10.5,1.5,7,5.0
34.1825,0.1875,0-3,2016,13895.75,3248.0,16.0,2.6666666666666665,6,1.5
34.1825,0.1875,0-3,2019,17327.125,4016.0,16.0,2.6666666666666665,6,1.5
34.1825,0.1875,0-3,2023,24299.125,5408.0,16.0,2.6666666666666665,6,1.5
34.1875,0.1875,0-3,2016,19393.25,4720.0,12.5,2.0833333333333335,6,1.5
34.1875,0.1875,0-3,2019,29773.625,7056.0,12.5,2.0833333333333335,6,1.5
34.1875,0.1875,0-3,2023,37760.125,8352.0,12.5,2.0833333333333335,6,1.5
34.1925,0.1875,0-3,2016,14101.375,3376.0,11.0,2.2,5,1.5
34.1925,0.1875,0-3,2019,22011.375,5328.0,11.0,2.2,5,1.5
34.1925,0.1875,0-3,2023,32835.875,7248.0,11.0,2.2,5,1.5
34.1975,0.1875,0-3,2016,3725.0,1008.0,25.0,4.166666666666667,6,1.5
34.1975,0.1875,0-3,2019,6783.375,1616.0,25.0,4.166666666666667,6,1.5
34.1975,0.1875,0-3,2023,12273.875,2880.0,25.0,4.166666666666667,6,1.5
34.2025,0.1875,10-12,2016,5242.0,1296.0,39.0,5.571428571428571,7,11.0
34.2025,0.1875,10-12,2019,6249.875,1472.0,39.0,5.571428571428571,7,11.0
34.2025,0.1875,10-12,2023,9565.25,2320.0,39.0,5.571428571428571,7,11.0
34.2075,0.1875,4-6,2016,9995.25,2544.0,63.0,7.875,8,5.0
34.2075,0.1875,4-6,2019,13721.25,3376.0,63.0,7.875,8,5.0
34.2075,0.1875,4-6,2023,17031.625,4016.0,63.0,7.875,8,5.0
34.2125,0.1875,10-12,2016,13066.625,3280.0,75.5,9.4375,8,11.0
34.2125,0.1875,10-12,2019,18935.75,4640.0,75.5,9.4375,8,11.0
34.2125,0.1875,10-12,2023,22965.25,5328.0,75.5,9.4375,8,11.0
34.2175,0.1875,7-9,2016,12241.875,3280.0,82.0,10.25,8,8.0
34.2175,0.1875,7-9,2019,16461.0,4208.0,82.0,10.25,8,8.0
34.2175,0.1875,7-9,2023,22722.125,5360.0,82.0,10.25,8,8.0
34.2225,0.1875,4-6,2016,3894.125,1104.0,87.0,10.875,8,5.0
34.2225,0.1875,4-6,2019,5051.5,1392.0,87.0,10.875,8,5.0
34.2225,0.1875,4-6,2023,7937.125,2048.0,87.0,10.875,8,5.0
34.2275,0.1875,0-3,2016,2369.125,656.0,74.5,9.3125,8,1.5
34.2275,0.1875,0-3,2019,3083.125,704.0,74.5,9.3125,8,1.5
34.2275,0.1875,0-3,2023,3625.625,816.0,74.5,9.3125,8,1.5
34.2325,0.1875,0-3,2016,4269.125,1152.0,55.5,6.9375,8,1.5
34.2325,0.1875,0-3,2019,4008.625,1056.0,55.5,6.9375,8,1.5
34.2325,0.1875,0-3,2023,5327.5,1328.0,55.5,6.9375,8,1.5
34.2375,0.1875,7-9,2016,4169.5,1152.0,30.5,3.8125,8,8.0
34.2375,0.1875,7-9,2019,6219.0,1792.0,30.5,3.8125,8,8.0
34.2375,0.1875,7-9,2023,7260.0,1888.0,30.5,3.8125,8,8.0
34.2425,0.1875,0-3,2016,1494.125,464.0,18.5,2.3125,8,1.5
34.2425,0.1875,0-3,2019,2295.625,688.0,18.5,2.3125,8,1.5
34.2425,0.1875,0-3,2023,2922.125,800.0,18.5,2.3125,8,1.5
34.2475,0.1875,0-3,2016,3782.75,1040.0,10.5,1.5,7,1.5
34.2475,0.1875,0-3,2019,7051.625,1808.0,10.5,1.5,7,1.5
34.2475,0.1875,0-3,2023,6235.625,1568.0,10.5,1.5,7,1.5
34.2525,0.1875,0-3,2016,4463.75,1264.0,7.5,1.5,5,1.5
34.2525,0.1875,0-3,2019,6553.125,1808.0,7.5,1.5,5,1.5
34.2525,0.1875,0-3,2023,6240.125,1712.0,7.5,1.5,5,1.5
34.3225,0.1875,0-3,2016,13219.625,3392.0,9.0,1.5,6,1.5
34.3225,0.1875,0-3,2019,18398.75,4592.0,9.0,1.5,6,1.5
34.3225,0.1875,0-3,2023,28132.625,6336.0,9.0,1.5,6,1.5
34.3275,0.1875,0-3,2016,12041.5,3120.0,15.5,1.9375,8,1.5
34.3275,0.1875,0-3,2019,15210.125,3728.0,15.5,1.9375,8,1.5
34.3275,0.1875,0-3,2023,21059.375,4912.0,15.5,1.9375,8,1.5
34.3325,0.1875,0-3,2016,32964.25,6960.0,19.0,2.375,8,1.5
34.3325,0.1875,0-3,2019,44495.0,9168.0,19.0,2.375,8,1.5
34.3325,0.1875,0-3,2023,57246.875,11056.0,19.0,2.375,8,1.5
34.3375,0.1875,0-3,2016,10319.0,2512.0,19.0,2.375,8,1.5
34.3375,0.1875,0-3,2019,13733.625,3136.0,19.0,2.375,8,1.5
34.3375,0.1875,0-3,2023,17329.25,3808.0,19.0,2.375,8,1.5
34.3425,0.1875,0-3,2016,3268.875,800.0,25.0,3.125,8,1.5
34.3425,0.1875,0-3,2019,5727.25,1312.0,25.0,3.125,8,1.5
34.3425,0.1875,0-3,2023,9095.875,1856.0,25.0,3.125,8,1.5
34.3475,0.1875,0-3,2016,10337.0,2800.0,38.5,5.5,7,1.5
34.3475,0.1875,0-3,2019,11294.625,2944.0,38.5,5.5,7,1.5
34.3475,0.1875,0-3,2023,15067.0,3584.0,38.5,5.5,7,1.5
34.3525,0.1875,0-3,2016,11158.125,2896.0,60.5,8.642857142857142,7,1.5
34.3525,0.1875,0-3,2019,14469.625,3632.0,60.5,8.642857142857142,7,1.5
34.3525,0.1875,0-3,2023,16801.75,3968.0,60.5,8.642857142857142,7,1.5
34.3575,0.1875,4-6,2016,11426.25,3120.0,66.0,9.428571428571429,7,5.0
34.3575,0.1875,4-6,2019,17426.875,4496.0,66.0,9.428571428571429,7,5.0
34.3575,0.1875,4-6,2023,17356.75,4352.0,66.0,9.428571428571429,7,5.0
34.3625,0.1875,0-3,2016,14888.625,3568.0,66.0,8.25,8,1.5
34.3625,0.1875,0-3,2019,21919.875,5152.0,66.0,8.25,8,1.5
34.3625,0.1875,0-3,2023,28174.125,6288.0,66.0,8.25,8,1.5
34.3675,0.1875,7-9,2016,11740.5,3008.0,54.0,6.75,8,8.0
34.3675,0.1875,7-9,2019,15503.5,3936.0,54.0,6.75,8,8.0
34.3675,0.1875,7-9,2023,18307.25,4480.0,54.0,6.75,8,8.0
34.3725,0.1875,10-12,2016,11615.375,3056.0,60.5,7.5625,8,11.0
34.3725,0.1875,10-12,2019,13206.375,3216.0,60.5,7.5625,8,11.0
34.3725,0.1875,10-12,2023,14002.875,3408.0,60.5,7.5625,8,11.0
34.3775,0.1875,10-12,2016,6744.0,1840.0,66.5,8.3125,8,11.0
34.3775,0.1875,10-12,2019,9972.0,2464.0,66.5,8.3125,8,11.0
34.3775,0.1875,10-12,2023,12394.5,3136.0,66.5,8.3125,8,11.0
34.3825,0.1875,7-9,2016,9268.25,2272.0,75.0,9.375,8,8.0
34.3825,0.1875,7-9,2019,11041.75,2736.0,75.0,9.375,8,8.0
34.3825,0.1875,7-9,2023,11017.375,2640.0,75.0,9.375,8,8.0
34.3875,0.1875,0-3,2016,6508.875,1712.0,50.5,8.416666666666666,6,1.5
34.3875,0.1875,0-3,2019,9433.625,2480.0,50.5,8.416666666666666,6,1.5
34.3875,0.1875,0-3,2023,12553.875,3104.0,50.5,8.416666666666666,6,1.5
34.4075,0.1875,0-3,2016,2697.5,720.0,28.5,4.75,6,1.5
34.4075,0.1875,0-3,2019,3090.25,800.0,28.5,4.75,6,1.5
34.4075,0.1875,0-3,2023,3412.875,880.0,28.5,4.75,6,1.5
34.4125,0.1875,0-3,2016,1859.375,544.0,28.0,3.5,8,1.5
34.4125,0.1875,0-3,2019,3249.375,896.0,28.0,3.5,8,1.5
34.4125,0.1875,0-3,2023,5542.375,1424.0,28.0,3.5,8,1.5
34.4175,0.1875,0-3,2016,2928.375,768.0,22.0,2.75,8,1.5
34.4175,0.1875,0-3,2019,4242.25,1120.0,22.0,2.75,8,1.5
34.4175,0.1875,0-3,2023,8133.125,1936.0,22.0,2.75,8,1.5
34.4225,0.1875,0-3,2016,6804.25,1824.0,14.0,2.0,7,1.5
34.4225,0.1875,0-3,2019,9576.75,2464.0,14.0,2.0,7,1.5
34.4225,0.1875,0-3,2023,9878.875,2496.0,14.0,2.0,7,1.5
34.4275,0.1875,0-3,2016,5424.375,1392.0,11.0,2.2,5,1.5
34.4275,0.1875,0-3,2019,7826.875,1984.0,11.0,2.2,5,1.5
34.4275,0.1875,0-3,2023,8586.125,2192.0,11.0,2.2,5,1.5
34.1125,0.1925,0-3,2016,6530.125,1728.0,7.5,1.5,5,1.5
34.1125,0.1925,0-3,2019,8927.25,2144.0,7.5,1.5,5,1.5
34.1125,0.1925,0-3,2023,9812.125,2480.0,7.5,1.5,5,1.5
34.1175,0.1925,0-3,2016,7218.0,1744.0,9.0,1.5,6,1.5
34.1175,0.1925,0-3,2019,10070.25,2384.0,9.0,1.5,6,1.5
34.1175,0.1925,0-3,2023,11516.625,2768.0,9.0,1.5,6,1.5
34.1225,0.1925,0-3,2016,6748.125,1824.0,10.5,1.5,7,1.5
34.1225,0.1925,0-3,2019,8676.75,2320.0,10.5,1.5,7,1.5
34.1225,0.1925,0-3,2023,9755.875,2624.0,10.5,1.5,7,1.5
34.1275,0.1925,0-3,2016,6778.25,1792.0,12.5,2.0833333333333335,6,1.5
34.1275,0.1925,0-3,2019,7762.5,2032.0,12.5,2.0833333333333335,6,1.5
34.1275,0.1925,0-3,2023,8327.5,2144.0,12.5,2.0833333333333335,6,1.5
34.1325,0.1925,4-6,2016,10519.25,2768.0,14.0,2.0,7,5.0
34.1325,0.1925,4-6,2019,12013.0,3088.0,14.0,2.0,7,5.0
34.1325,0.1925,4-6,2023,12079.0,3264.0,14.0,2.0,7,5.0
34.1375,0.1925,0-3,2016,5857.5,1408.0,21.0,3.0,7,1.5
34.1375,0.1925,0-3,2019,5201.75,1200.0,21.0,3.0,7,1.5
34.1375,0.1925,0-3,2023,9822.625,2352.0,21.0,3.0,7,1.5
34.1425,0.1925,0-3,2016,8494.5,2048.0,35.5,4.4375,8,1.5
34.1425,0.1925,0-3,2019,9580.25,2304.0,35.5,4.4375,8,1.5
34.1425,0.1925,0-3,2023,14864.875,3616.0,35.5,4.4375,8,1.5
34.1475,0.1925,7-9,2016,5502.625,1488.0,32.5,4.0625,8,8.0
34.1475,0.1925,7-9,2019,6070.0,1616.0,32.5,4.0625,8,8.0
34.1475,0.1925,7-9,2023,9097.375,2320.0,32.5,4.0625,8,8.0
34.1525,0.1925,4-6,2016,4243.25,1216.0,41.5,5.1875,8,5.0
34.1525,0.1925,4-6,2019,5614.625,1552.0,41.5,5.1875,8,5.0
34.1525,0.1925,4-6,2023,6581.0,1696.0,41.5,5.1875,8,5.0
34.1575,0.1925,0-3,2016,2492.5,736.0,32.0,4.0,8,1.5
34.1575,0.1925,0-3,2019,5652.875,1424.0,32.0,4.0,8,1.5
34.1575,0.1925,0-3,2023,7229.25,1840.0,32.0,4.0,8,1.5
34.1625,0.1925,0-3,2016,8319.375,2096.0,30.0,4.285714285714286,7,1.5
34.1625,0.1925,0-3,2019,12177.375,3008.0,30.0,4.285714285714286,7,1.5
34.1625,0.1925,0-3,2023,16954.75,4128.0,30.0,4.285714285714286,7,1.5
34.1725,0.1925,0-3,2016,978.875,272.0,25.5,4.25,6,1.5
34.1725,0.1925,0-3,2019,1053.625,256.0,25.5,4.25,6,1.5
34.1725,0.1925,0-3,2023,1926.25,432.0,25.5,4.25,6,1.5
34.1825,0.1925,0-3,2016,35096.875,7664.0,14.5,2.9,5,1.5
34.1825,0.1925,0-3,2019,38677.0,8256.0,14.5,2.9,5,1.5
34.1825,0.1925,0-3,2023,55172.375,11456.0,14.5,2.9,5,1.5
34.2025,0.1925,7-9,2016,2504.875,672.0,58.5,8.357142857142858,7,8.0
34.2025,0.1925,7-9,2019,5111.0,1312.0,58.5,8.357142857142858,7,8.0
34.2025,0.1925,7-9,2023,8098.0,2000.0,58.5,8.357142857142858,7,8.0
34.2075,0.1925,13-,2016,7993.625,2048.0,61.0,7.625,8,20.0
34.2075,0.1925,13-,2019,11512.0,2976.0,61.0,7.625,8,20.0
34.2075,0.1925,13-,2023,13314.5,3200.0,61.0,7.625,8,20.0
34.2125,0.1925,4-6,2016,9680.75,2592.0,81.5,10.1875,8,5.0
34.2125,0.1925,4-6,2019,11578.75,2880.0,81.5,10.1875,8,5.0
34.2125,0.1925,4-6,2023,16799.875,3920.0,81.5,10.1875,8,5.0
34.2175,0.1925,13-,2016,9710.125,2624.0,45.5,5.6875,8,20.0
34.2175,0.1925,13-,2019,14078.0,3552.0,45.5,5.6875,8,20.0
34.2175,0.1925,13-,2023,17128.375,4112.0,45.5,5.6875,8,20.0
34.2225,0.1925,4-6,2016,4774.875,1280.0,69.0,8.625,8,5.0
34.2225,0.1925,4-6,2019,5263.125,1408.0,69.0,8.625,8,5.0
34.2225,0.1925,4-6,2023,8995.375,2160.0,69.0,8.625,8,5.0
34.2275,0.1925,13-,2016,7182.375,2016.0,47.5,5.9375,8,20.0
34.2275,0.1925,13-,2019,10541.125,2736.0,47.5,5.9375,8,20.0
34.2275,0.1925,13-,2023,13174.125,3312.0,47.5,5.9375,8,20.0
34.2325,0.1925,13-,2016,5431.75,1488.0,43.5,5.4375,8,20.0
34.2325,0.1925,13-,2019,7725.125,1920.0,43.5,5.4375,8,20.0
34.2325,0.1925,13-,2023,10177.25,2432.0,43.5,5.4375,8,20.0
34.2375,0.1925,0-3,2016,935.0,272.0,37.0,4.625,8,1.5
34.2375,0.1925,0-3,2019,1970.125,576.0,37.0,4.625,8,1.5
34.2375,0.1925,0-3,2023,3774.75,896.0,37.0,4.625,8,1.5
34.2425,0.1925,0-3,2016,651.125,224.0,25.0,3.125,8,1.5
34.2425,0.1925,0-3,2019,1006.375,320.0,25.0,3.125,8,1.5
34.2425,0.1925,0-3,2023,1734.25,464.0,25.0,3.125,8,1.5
34.2475,0.1925,0-3,2016,10010.75,2560.0,28.0,3.5,8,1.5
34.2475,0.1925,0-3,2019,12726.5,3216.0,28.0,3.5,8,1.5
34.2475,0.1925,0-3,2023,14948.25,3648.0,28.0,3.5,8,1.5
34.2525,0.1925,0-3,2016,5524.0,1488.0,45.0,6.428571428571429,7,1.5
34.2525,0.1925,0-3,2019,10172.125,2624.0,45.0,6.428571428571429,7,1.5
34.2525,0.1925,0-3,2023,13790.25,3440.0,45.0,6.428571428571429,7,1.5
34.2575,0.1925,0-3,2016,4325.375,1184.0,43.5,7.25,6,1.5
34.2575,0.1925,0-3,2019,7296.375,1776.0,43.5,7.25,6,1.5
34.2575,0.1925,0-3,2023,9936.75,2288.0,43.5,7.25,6,1.5
34.2625,0.1925,0-3,2016,8303.0,2144.0,31.0,7.75,4,1.5
34.2625,0.1925,0-3,2019,9616.0,2496.0,31.0,7.75,4,1.5
34.2625,0.1925,0-3,2023,14686.125,3456.0,31.0,7.75,4,1.5
34.3225,0.1925,0-3,2016,8929.0,2288.0,7.5,1.5,5,1.5
34.3225,0.1925,0-3,2019,13487.125,3360.0,7.5,1.5,5,1.5
34.3225,0.1925,0-3,2023,18047.0,4272.0,7.5,1.5,5,1.5
34.3275,0.1925,0-3,2016,9550.625,2464.0,19.0,2.375,8,1.5
34.3275,0.1925,0-3,2019,12672.375,3088.0,19.0,2.375,8,1.5
34.3275,0.1925,0-3,2023,13083.0,3024.0,19.0,2.375,8,1.5
34.3325,0.1925,4-6,2016,6452.25,1600.0,19.0,2.375,8,5.0
34.3325,0.1925,4-6,2019,8258.75,1984.0,19.0,2.375,8,5.0
34.3325,0.1925,4-6,2023,14303.875,3392.0,19.0,2.375,8,5.0
34.3375,0.1925,4-6,2016,19195.125,4608.0,17.5,2.5,7,5.0
34.3375,0.1925,4-6,2019,24672.0,5568.0,17.5,2.5,7,5.0
34.3375,0.1925,4-6,2023,26180.5,5824.0,17.5,2.5,7,5.0
34.3425,0.1925,0-3,2016,17027.875,3904.0,12.5,2.0833333333333335,6,1.5
34.3425,0.1925,0-3,2019,22857.625,5152.0,12.5,2.0833333333333335,6,1.5
34.3425,0.1925,0-3,2023,32616.125,6848.0,12.5,2.0833333333333335,6,1.5
34.3475,0.1925,0-3,2016,13358.625,3104.0,6.0,1.5,4,1.5
34.3475,0.1925,0-3,2019,19829.5,4352.0,6.0,1.5,4,1.5
34.3475,0.1925,0-3,2023,34312.875,6848.0,6.0,1.5,4,1.5
34.3575,0.1925,0-3,2016,9757.375,2272.0,9.5,2.375,4,1.5
34.3575,0.1925,0-3,2019,11406.75,2608.0,9.5,2.375,4,1.5
34.3575,0.1925,0-3,2023,12112.25,2544.0,9.5,2.375,4,1.5
34.3625,0.1925,0-3,2016,5930.125,1520.0,29.0,4.833333333333333,6,1.5
34.3625,0.1925,0-3,2019,7309.75,1808.0,29.0,4.833333333333333,6,1.5
34.3625,0.1925,0-3,2023,10990.25,2512.0,29.0,4.833333333333333,6,1.5
34.3675,0.1925,4-6,2016,16034.5,3808.0,36.5,5.214285714285714,7,5.0
34.3675,0.1925,4-6,2019,23291.5,5344.0,36.5,5.214285714285714,7,5.0
34.3675,0.1925,4-6,2023,26681.0,5952.0,36.5,5.214285714285714,7,5.0
34.3725,0.1925,4-6,2016,6513.125,1792.0,66.0,8.25,8,5.0
34.3725,0.1925,4-6,2019,9092.25,2352.0,66.0,8.25,8,5.0
34.3725,0.1925,4-6,2023,10348.75,2640.0,66.0,8.25,8,5.0
34.3775,0.1925,13-,2016,7307.5,2048.0,47.5,5.9375,8,20.0
34.3775,0.1925,13-,2019,8586.375,2336.0,47.5,5.9375,8,20.0
34.3775,0.1925,13-,2023,9890.75,2464.0,47.5,5.9375,8,20.0
34.3825,0.1925,7-9,2016,8336.75,2304.0,68.5,8.5625,8,8.0
34.3825,0.1925,7-9,2019,13874.25,3616.0,68.5,8.5625,8,8.0
34.3825,0.1925,7-9,2023,13630.25,3488.0,68.5,8.5625,8,8.0
34.3875,0.1925,13-,2016,8305.875,2208.0,25.5,4.25,6,20.0
34.3875,0.1925,13-,2019,9928.125,2592.0,25.5,4.25,6,20.0
34.3875,0.1925,13-,2023,11003.0,2768.0,25.5,4.25,6,20.0
34.3925,0.1925,0-3,2016,11221.625,2752.0,26.5,8.833333333333334,3,1.5
34.3925,0.1925,0-3,2019,16348.625,3936.0,26.5,8.833333333333334,3,1.5
34.3925,0.1925,0-3,2023,20281.875,4608.0,26.5,8.833333333333334,3,1.5
34.4075,0.1925,0-3,2016,5248.625,1392.0,6.0,1.5,4,1.5
34.4075,0.1925,0-3,2019,7251.875,1920.0,6.0,1.5,4,1.5
34.4075,0.1925,0-3,2023,9228.625,2256.0,6.0,1.5,4,1.5
34.4125,0.1925,0-3,2016,8064.75,2144.0,10.5,1.5,7,1.5
34.4125,0.1925,0-3,2019,9222.25,2400.0,10.5,1.5,7,1.5
34.4125,0.1925,0-3,2023,10544.25,2720.0,10.5,1.5,7,1.5
34.4175,0.1925,0-3,2016,6057.125,1648.0,22.0,2.75,8,1.5
34.4175,0.1925,0-3,2019,11516.0,2832.0,22.0,2.75,8,1.5
34.4175,0.1925,0-3,2023,12444.625,3008.0,22.0,2.75,8,1.5
34.4225,0.1925,4-6,2016,12888.25,3072.0,37.0,4.625,8,5.0
34.4225,0.1925,4-6,2019,17604.875,4064.0,37.0,4.625,8,5.0
34.4225,0.1925,4-6,2023,17566.125,4080.0,37.0,4.625,8,5.0
34.4275,0.1925,0-3,2016,13202.375,3344.0,45.5,6.5,7,1.5
34.4275,0.1925,0-3,2019,14981.75,3680.0,45.5,6.5,7,1.5
34.4275,0.1925,0-3,2023,18009.125,4288.0,45.5,6.5,7,1.5
34.4325,0.1925,0-3,2016,8557.375,2064.0,31.0,7.75,4,1.5
34.4325,0.1925,0-3,2019,13470.625,3136.0,31.0,7.75,4,1.5
34.4325,0.1925,0-3,2023,13870.125,3136.0,31.0,7.75,4,1.5
34.1175,0.1975,0-3,2016,5910.125,1584.0,24.0,3.4285714285714284,7,1.5
34.1175,0.1975,0-3,2019,8496.5,2112.0,24.0,3.4285714285714284,7,1.5
34.1175,0.1975,0-3,2023,11467.25,2688.0,24.0,3.4285714285714284,7,1.5
34.1225,0.1975,0-3,2016,10815.375,2656.0,22.5,2.8125,8,1.5
34.1225,0.1975,0-3,2019,20657.0,4656.0,22.5,2.8125,8,1.5
34.1225,0.1975,0-3,2023,23475.375,4896.0,22.5,2.8125,8,1.5
34.1275,0.1975,0-3,2016,4613.0,1312.0,26.0,3.25,8,1.5
34.1275,0.1975,0-3,2019,5515.875,1520.0,26.0,3.25,8,1.5
34.1275,0.1975,0-3,2023,6477.375,1744.0,26.0,3.25,8,1.5
34.1325,0.1975,0-3,2016,4551.75,1344.0,44.5,5.5625,8,1.5
34.1325,0.1975,0-3,2019,5664.625,1488.0,44.5,5.5625,8,1.5
34.1325,0.1975,0-3,2023,6121.625,1600.0,44.5,5.5625,8,1.5
34.1375,0.1975,4-6,2016,8390.0,1968.0,50.5,6.3125,8,5.0
34.1375,0.1975,4-6,2019,9648.5,2208.0,50.5,6.3125,8,5.0
34.1375,0.1975,4-6,2023,20901.875,4544.0,50.5,6.3125,8,5.0
34.1425,0.1975,4-6,2016,5174.125,1120.0,75.0,9.375,8,5.0
34.1425,0.1975,4-6,2019,6743.0,1552.0,75.0,9.375,8,5.0
34.1425,0.1975,4-6,2023,8745.125,1936.0,75.0,9.375,8,5.0
34.1475,0.1975,7-9,2016,5596.5,1520.0,53.5,6.6875,8,8.0
34.1475,0.1975,7-9,2019,6858.625,1872.0,53.5,6.6875,8,8.0
34.1475,0.1975,7-9,2023,7632.625,2144.0,53.5,6.6875,8,8.0
34.1525,0.1975,0-3,2016,1034.875,288.0,56.5,7.0625,8,1.5
34.1525,0.1975,0-3,2019,1363.5,352.0,56.5,7.0625,8,1.5
34.1525,0.1975,0-3,2023,2589.375,656.0,56.5,7.0625,8,1.5
34.1575,0.1975,10-12,2016,6082.625,1552.0,22.5,2.8125,8,11.0
34.1575,0.1975,10-12,2019,8369.125,2144.0,22.5,2.8125,8,11.0
34.1575,0.1975,10-12,2023,12768.625,3216.0,22.5,2.8125,8,11.0
34.1625,0.1975,4-6,2016,4537.375,1120.0,30.0,4.285714285714286,7,5.0
34.1625,0.1975,4-6,2019,6098.875,1520.0,30.0,4.285714285714286,7,5.0
34.1625,0.1975,4-6,2023,9620.625,2432.0,30.0,4.285714285714286,7,5.0
34.1675,0.1975,0-3,2016,5201.75,1328.0,34.0,4.857142857142857,7,1.5
34.1675,0.1975,0-3,2019,7298.875,1824.0,34.0,4.857142857142857,7,1.5
34.1675,0.1975,0-3,2023,14074.125,3152.0,34.0,4.857142857142857,7,1.5
34.1725,0.1975,7-9,2016,1272.0,352.0,17.5,3.5,5,8.0
34.1725,0.1975,7-9,2019,1587.625,448.0,17.5,3.5,5,8.0
34.1725,0.1975,7-9,2023,1853.375,512.0,17.5,3.5,5,8.0
34.1775,0.1975,0-3,2016,4587.375,1136.0,21.0,4.2,5,1.5
34.1775,0.1975,0-3,2019,6693.125,1680.0,21.0,4.2,5,1.5
34.1775,0.1975,0-3,2023,7921.125,1872.0,21.0,4.2,5,1.5
34.1825,0.1975,4-6,2016,16587.25,4208.0,3.0,1.5,2,5.0
34.1825,0.1975,4-6,2019,21257.5,5168.0,3.0,1.5,2,5.0
34.1825,0.1975,4-6,2023,30268.125,6816.0,3.0,1.5,2,5.0
34.1975,0.1975,4-6,2016,11395.375,2736.0,19.5,4.875,4,5.0
34.1975,0.1975,4-6,2019,20394.5,4528.0,19.5,4.875,4,5.0
34.1975,0.1975,4-6,2023,29476.25,6272.0,19.5,4.875,4,5.0
34.2025,0.1975,4-6,2016,3583.625,960.0,61.5,8.785714285714286,7,5.0
34.2025,0.1975,4-6,2019,3685.125,992.0,61.5,8.785714285714286,7,5.0
34.2025,0.1975,4-6,2023,5096.25,1232.0,61.5,8.785714285714286,7,5.0
34.2075,0.1975,10-12,2016,12057.375,3152.0,66.5,8.3125,8,11.0
34.2075,0.1975,10-12,2019,14297.75,3776.0,66.5,8.3125,8,11.0
34.2075,0.1975,10-12,2023,19560.0,4720.0,66.5,8.3125,8,11.0
34.2125,0.1975,4-6,2016,11667.125,3168.0,99.5,12.4375,8,5.0
34.2125,0.1975,4-6,2019,13309.5,3584.0,99.5,12.4375,8,5.0
34.2125,0.1975,4-6,2023,25158.375,6048.0,99.5,12.4375,8,5.0
34.2175,0.1975,0-3,2016,6475.125,1632.0,72.5,9.0625,8,1.5
34.2175,0.1975,0-3,2019,8695.0,2224.0,72.5,9.0625,8,1.5
34.2175,0.1975,0-3,2023,16234.625,3824.0,72.5,9.0625,8,1.5
34.2225,0.1975,4-6,2016,9546.25,2384.0,77.5,9.6875,8,5.0
34.2225,0.1975,4-6,2019,12274.5,3040.0,77.5,9.6875,8,5.0
34.2225,0.1975,4-6,2023,14542.75,3472.0,77.5,9.6875,8,5.0
34.2275,0.1975,7-9,2016,12305.875,3264.0,56.0,7.0,8,8.0
34.2275,0.1975,7-9,2019,16419.875,4208.0,56.0,7.0,8,8.0
34.2275,0.1975,7-9,2023,18271.375,4464.0,56.0,7.0,8,8.0
34.2325,0.1975,0-3,2016,4312.125,1168.0,55.5,6.9375,8,1.5
34.2325,0.1975,0-3,2019,6274.5,1584.0,55.5,6.9375,8,1.5
34.2325,0.1975,0-3,2023,7326.375,1856.0,55.5,6.9375,8,1.5
34.2375,0.1975,0-3,2016,7628.5,1632.0,30.5,3.8125,8,1.5
34.2375,0.1975,0-3,2019,11297.5,2208.0,30.5,3.8125,8,1.5
34.2375,0.1975,0-3,2023,22141.125,3856.0,30.5,3.8125,8,1.5
34.2425,0.1975,0-3,2016,4608.75,1184.0,37.0,4.625,8,1.5
34.2425,0.1975,0-3,2019,7187.5,1856.0,37.0,4.625,8,1.5
34.2425,0.1975,0-3,2023,8081.125,1872.0,37.0,4.625,8,1.5
34.2475,0.1975,7-9,2016,8430.75,2192.0,58.5,7.3125,8,8.0
34.2475,0.1975,7-9,2019,12863.5,3248.0,58.5,7.3125,8,8.0
34.2475,0.1975,7-9,2023,18112.25,4304.0,58.5,7.3125,8,8.0
34.2525,0.1975,10-12,2016,13522.875,3632.0,83.5,10.4375,8,11.0
34.2525,0.1975,10-12,2019,16827.625,4416.0,83.5,10.4375,8,11.0
34.2525,0.1975,10-12,2023,23691.125,5712.0,83.5,10.4375,8,11.0
34.2575,0.1975,13-,2016,9325.75,2496.0,62.5,7.8125,8,20.0
34.2575,0.1975,13-,2019,10064.25,2720.0,62.5,7.8125,8,20.0
34.2575,0.1975,13-,2023,13419.25,3408.0,62.5,7.8125,8,20.0
34.2625,0.1975,7-9,2016,9999.125,2624.0,45.0,6.428571428571429,7,8.0
34.2625,0.1975,7-9,2019,12657.625,3328.0,45.0,6.428571428571429,7,8.0
34.2625,0.1975,7-9,2023,20075.125,4784.0,45.0,6.428571428571429,7,8.0
34.2675,0.1975,0-3,2016,12066.25,3024.0,22.0,3.6666666666666665,6,1.5
34.2675,0.1975,0-3,2019,16769.625,4208.0,22.0,3.6666666666666665,6,1.5
34.2675,0.1975,0-3,2023,18690.125,4320.0,22.0,3.6666666666666665,6,1.5
34.2725,0.1975,0-3,2016,8682.0,2112.0,6.0,1.5,4,1.5
34.2725,0.1975,0-3,2019,9175.375,2288.0,6.0,1.5,4,1.5
34.2725,0.1975,0-3,2023,13328.75,3056.0,6.0,1.5,4,1.5
34.3125,0.1975,0-3,2016,2656.375,688.0,33.0,11.0,3,1.5
34.3125,0.1975,0-3,2019,3303.625,832.0,33.0,11.0,3,1.5
34.3125,0.1975,0-3,2023,4873.125,1152.0,33.0,11.0,3,1.5
34.3225,0.1975,0-3,2016,2511.0,624.0,15.5,2.5833333333333335,6,1.5
34.3225,0.1975,0-3,2019,5350.0,1136.0,15.5,2.5833333333333335,6,1.5
34.3225,0.1975,0-3,2023,5472.375,1184.0,15.5,2.5833333333333335,6,1.5
34.3275,0.1975,0-3,2016,1828.375,496.0,22.5,2.8125,8,1.5
34.3275,0.1975,0-3,2019,2669.375,656.0,22.5,2.8125,8,1.5
34.3275,0.1975,0-3,2023,4124.375,1024.0,22.5,2.8125,8,1.5
34.3325,0.1975,4-6,2016,5964.625,1680.0,22.5,2.8125,8,5.0
34.3325,0.1975,4-6,2019,9522.25,2432.0,22.5,2.8125,8,5.0
34.3325,0.1975,4-6,2023,13344.5,3296.0,22.5,2.8125,8,5.0
34.3375,0.1975,0-3,2016,5760.75,1616.0,28.0,4.0,7,1.5
34.3375,0.1975,0-3,2019,9819.75,2464.0,28.0,4.0,7,1.5
34.3375,0.1975,0-3,2023,12440.75,2960.0,28.0,4.0,7,1.5
34.3675,0.1975,7-9,2016,15942.875,3856.0,13.0,3.25,4,8.0
34.3675,0.1975,7-9,2019,18286.375,4272.0,13.0,3.25,4,8.0
34.3675,0.1975,7-9,2023,21717.0,4832.0,13.0,3.25,4,8.0
34.3725,0.1975,0-3,2016,23724.625,5088.0,41.0,6.833333333333333,6,1.5
34.3725,0.1975,0-3,2019,28299.25,6064.0,41.0,6.833333333333333,6,1.5
34.3725,0.1975,0-3,2023,32976.25,7248.0,41.0,6.833333333333333,6,1.5
34.3775,0.1975,0-3,2016,14041.375,3776.0,39.0,5.571428571428571,7,1.5
34.3775,0.1975,0-3,2019,18302.375,4672.0,39.0,5.571428571428571,7,1.5
34.3775,0.1975,0-3,2023,19545.5,4816.0,39.0,5.571428571428571,7,1.5
34.3825,0.1975,0-3,2016,9439.75,2288.0,62.5,7.8125,8,1.5
34.3825,0.1975,0-3,2019,12244.375,2800.0,62.5,7.8125,8,1.5
34.3825,0.1975,0-3,2023,14386.625,3392.0,62.5,7.8125,8,1.5
34.3875,0.1975,4-6,2016,14091.5,3648.0,39.0,5.571428571428571,7,5.0
34.3875,0.1975,4-6,2019,15704.875,4032.0,39.0,5.571428571428571,7,5.0
34.3875,0.1975,4-6,2023,16317.75,4064.0,39.0,5.571428571428571,7,5.0
34.4125,0.1975,0-3,2016,4738.25,1296.0,6.0,1.5,4,1.5
34.4125,0.1975,0-3,2019,5702.125,1504.0,6.0,1.5,4,1.5
34.4125,0.1975,0-3,2023,8316.75,2048.0,6.0,1.5,4,1.5
34.4175,0.1975,0-3,2016,12983.625,2992.0,17.5,3.5,5,1.5
34.4175,0.1975,0-3,2019,15037.25,3328.0,17.5,3.5,5,1.5
34.4175,0.1975,0-3,2023,16104.5,3456.0,17.5,3.5,5,1.5
34.4225,0.1975,7-9,2016,6412.0,1760.0,31.0,5.166666666666667,6,8.0
34.4225,0.1975,7-9,2019,8077.125,2080.0,31.0,5.166666666666667,6,8.0
34.4225,0.1975,7-9,2023,9618.5,2400.0,31.0,5.166666666666667,6,8.0
34.4275,0.1975,13-,2016,8217.875,2240.0,33.5,4.785714285714286,7,20.0
34.4275,0.1975,13-,2019,8707.75,2384.0,33.5,4.785714285714286,7,20.0
34.4275,0.1975,13-,2023,10324.875,2720.0,33.5,4.785714285714286,7,20.0
34.4325,0.1975,7-9,2016,15596.0,3312.0,37.5,6.25,6,8.0
34.4325,0.1975,7-9,2019,19142.375,4080.0,37.5,6.25,6,8.0
34.4325,0.1975,7-9,2023,21793.875,4480.0,37.5,6.25,6,8.0
34.1125,0.2025,7-9,2016,5052.125,1312.0,31.5,7.875,4,8.0
34.1125,0.2025,7-9,2019,6085.5,1600.0,31.5,7.875,4,8.0
34.1125,0.2025,7-9,2023,8435.125,1984.0,31.5,7.875,4,8.0
34.1175,0.2025,4-6,2016,4330.125,1232.0,41.0,6.833333333333333,6,5.0
34.1175,0.2025,4-6,2019,7834.0,2096.0,41.0,6.833333333333333,6,5.0
34.1175,0.2025,4-6,2023,8411.75,2192.0,41.0,6.833333333333333,6,5.0
34.1225,0.2025,4-6,2016,18971.25,4544.0,36.0,5.142857142857143,7,5.0
34.1225,0.2025,4-6,2019,23704.125,5536.0,36.0,5.142857142857143,7,5.0
34.1225,0.2025,4-6,2023,23655.25,5440.0,36.0,5.142857142857143,7,5.0
34.1275,0.2025,4-6,2016,17258.5,3376.0,17.5,2.5,7,5.0
34.1275,0.2025,4-6,2019,21986.125,4128.0,17.5,2.5,7,5.0
34.1275,0.2025,4-6,2023,25534.875,5200.0,17.5,2.5,7,5.0
34.1325,0.2025,4-6,2016,2655.125,720.0,37.5,4.6875,8,5.0
34.1325,0.2025,4-6,2019,5582.875,1488.0,37.5,4.6875,8,5.0
34.1325,0.2025,4-6,2023,6913.5,1792.0,37.5,4.6875,8,5.0
34.1375,0.2025,13-,2016,4492.5,1168.0,32.0,4.0,8,20.0
34.1375,0.2025,13-,2019,6337.875,1792.0,32.0,4.0,8,20.0
34.1375,0.2025,13-,2023,13867.75,3184.0,32.0,4.0,8,20.0
34.1425,0.2025,10-12,2016,3710.375,960.0,66.0,8.25,8,11.0
34.1425,0.2025,10-12,2019,5649.75,1408.0,66.0,8.25,8,11.0
34.1425,0.2025,10-12,2023,5672.125,1344.0,66.0,8.25,8,11.0
34.1475,0.2025,13-,2016,7216.875,1888.0,38.5,4.8125,8,20.0
34.1475,0.2025,13-,2019,7940.25,2112.0,38.5,4.8125,8,20.0
34.1475,0.2025,13-,2023,8876.375,2320.0,38.5,4.8125,8,20.0
34.1525,0.2025,0-3,2016,743.875,176.0,57.0,7.125,8,1.5
34.1525,0.2025,0-3,2019,1218.25,288.0,57.0,7.125,8,1.5
34.1525,0.2025,0-3,2023,1798.5,384.0,57.0,7.125,8,1.5
34.1575,0.2025,0-3,2016,4367.375,1184.0,42.0,5.25,8,1.5
34.1575,0.2025,0-3,2019,7189.75,1744.0,42.0,5.25,8,1.5
34.1575,0.2025,0-3,2023,11407.625,2640.0,42.0,5.25,8,1.5
34.1625,0.2025,4-6,2016,6494.875,1712.0,60.0,7.5,8,5.0
34.1625,0.2025,4-6,2019,8204.125,2144.0,60.0,7.5,8,5.0
34.1625,0.2025,4-6,2023,10832.0,2784.0,60.0,7.5,8,5.0
34.1675,0.2025,7-9,2016,6553.625,1728.0,72.5,9.0625,8,8.0
34.1675,0.2025,7-9,2019,8470.0,2208.0,72.5,9.0625,8,8.0
34.1675,0.2025,7-9,2023,9462.5,2400.0,72.5,9.0625,8,8.0
34.1725,0.2025,4-6,2016,3456.375,944.0,59.0,9.833333333333334,6,5.0
34.1725,0.2025,4-6,2019,4727.375,1264.0,59.0,9.833333333333334,6,5.0
34.1725,0.2025,4-6,2023,6862.75,1744.0,59.0,9.833333333333334,6,5.0
34.1975,0.2025,4-6,2016,16367.875,3888.0,13.0,3.25,4,5.0
34.1975,0.2025,4-6,2019,18444.625,4416.0,13.0,3.25,4,5.0
34.1975,0.2025,4-6,2023,21892.0,4896.0,13.0,3.25,4,5.0
34.2025,0.2025,0-3,2016,7529.875,1872.0,40.0,5.714285714285714,7,1.5
34.2025,0.2025,0-3,2019,8475.125,2160.0,40.0,5.714285714285714,7,1.5
34.2025,0.2025,0-3,2023,12620.125,2944.0,40.0,5.714285714285714,7,1.5
34.2075,0.2025,10-12,2016,12226.375,3264.0,47.5,5.9375,8,11.0
34.2075,0.2025,10-12,2019,14863.5,3888.0,47.5,5.9375,8,11.0
34.2075,0.2025,10-12,2023,20510.0,5040.0,47.5,5.9375,8,11.0
34.2125,0.2025,10-12,2016,14706.0,3840.0,62.5,7.8125,8,11.0
34.2125,0.2025,10-12,2019,20703.125,5152.0,62.5,7.8125,8,11.0
34.2125,0.2025,10-12,2023,24351.375,5728.0,62.5,7.8125,8,11.0
34.2175,0.2025,13-,2016,11452.75,2912.0,38.0,4.75,8,20.0
34.2175,0.2025,13-,2019,13404.25,3408.0,38.0,4.75,8,20.0
34.2175,0.2025,13-,2023,18356.75,4384.0,38.0,4.75,8,20.0
34.2225,0.2025,0-3,2016,16411.625,3568.0,40.5,5.0625,8,1.5
34.2225,0.2025,0-3,2019,16536.875,3632.0,40.5,5.0625,8,1.5
34.2225,0.2025,0-3,2023,21982.0,4752.0,40.5,5.0625,8,1.5
34.2275,0.2025,0-3,2016,9843.375,2688.0,22.0,2.75,8,1.5
34.2275,0.2025,0-3,2019,13999.625,3552.0,22.0,2.75,8,1.5
34.2275,0.2025,0-3,2023,19676.0,4448.0,22.0,2.75,8,1.5
34.2325,0.2025,0-3,2016,8728.375,2224.0,18.5,2.3125,8,1.5
34.2325,0.2025,0-3,2019,9159.625,2400.0,18.5,2.3125,8,1.5
34.2325,0.2025,0-3,2023,12535.25,3024.0,18.5,2.3125,8,1.5
34.2375,0.2025,0-3,2016,7680.125,2096.0,12.0,1.5,8,1.5
34.2375,0.2025,0-3,2019,10120.375,2656.0,12.0,1.5,8,1.5
34.2375,0.2025,0-3,2023,16624.625,3840.0,12.0,1.5,8,1.5
34.2425,0.2025,0-3,2016,4917.25,1248.0,37.0,4.625,8,1.5
34.2425,0.2025,0-3,2019,8172.375,2112.0,37.0,4.625,8,1.5
34.2425,0.2025,0-3,2023,10935.875,2656.0,37.0,4.625,8,1.5
34.2475,0.2025,13-,2016,19643.375,4352.0,50.0,6.25,8,20.0
34.2475,0.2025,13-,2019,24773.0,5552.0,50.0,6.25,8,20.0
34.2475,0.2025,13-,2023,28744.75,6384.0,50.0,6.25,8,20.0
34.2525,0.2025,13-,2016,24421.875,5808.0,84.5,10.5625,8,20.0
34.2525,0.2025,13-,2019,33389.625,7616.0,84.5,10.5625,8,20.0
34.2525,0.2025,13-,2023,42646.125,9344.0,84.5,10.5625,8,20.0
34.2575,0.2025,10-12,2016,16732.375,4384.0,88.0,11.0,8,11.0
34.2575,0.2025,10-12,2019,18557.25,4832.0,88.0,11.0,8,11.0
34.2575,0.2025,10-12,2023,27262.875,6400.0,88.0,11.0,8,11.0
34.2625,0.2025,7-9,2016,8383.5,2256.0,59.5,7.4375,8,8.0
34.2625,0.2025,7-9,2019,10673.875,2784.0,59.5,7.4375,8,8.0
34.2625,0.2025,7-9,2023,12236.25,3008.0,59.5,7.4375,8,8.0
34.2675,0.2025,0-3,2016,16041.0,3632.0,31.5,3.9375,8,1.5
34.2675,0.2025,0-3,2019,22651.875,5072.0,31.5,3.9375,8,1.5
34.2675,0.2025,0-3,2023,27765.0,5824.0,31.5,3.9375,8,1.5
34.2725,0.2025,0-3,2016,11303.625,2640.0,14.0,2.0,7,1.5
34.2725,0.2025,0-3,2019,15325.375,3616.0,14.0,2.0,7,1.5
34.2725,0.2025,0-3,2023,20458.0,4512.0,14.0,2.0,7,1.5
34.2775,0.2025,0-3,2016,5255.375,1200.0,12.5,2.0833333333333335,6,1.5
34.2775,0.2025,0-3,2019,8609.75,1984.0,12.5,2.0833333333333335,6,1.5
34.2775,0.2025,0-3,2023,10744.25,2256.0,12.5,2.0833333333333335,6,1.5
34.2825,0.2025,0-3,2016,8491.875,2096.0,11.0,2.2,5,1.5
34.2825,0.2025,0-3,2019,11161.25,2672.0,11.0,2.2,5,1.5
34.2825,0.2025,0-3,2023,13138.25,3104.0,11.0,2.2,5,1.5
34.2875,0.2025,0-3,2016,5864.0,1456.0,24.5,6.125,4,1.5
34.2875,0.2025,0-3,2019,9197.0,2208.0,24.5,6.125,4,1.5
34.2875,0.2025,0-3,2023,10490.875,2384.0,24.5,6.125,4,1.5
34.2975,0.2025,0-3,2016,5511.75,1440.0,68.0,17.0,4,1.5
34.2975,0.2025,0-3,2019,7782.0,1984.0,68.0,17.0,4,1.5
34.2975,0.2025,0-3,2023,9471.0,2256.0,68.0,17.0,4,1.5
34.3025,0.2025,7-9,2016,6280.25,1648.0,54.5,10.9,5,8.0
34.3025,0.2025,7-9,2019,8103.5,2080.0,54.5,10.9,5,8.0
34.3025,0.2025,7-9,2023,11397.25,2720.0,54.5,10.9,5,8.0
34.3075,0.2025,4-6,2016,8405.75,2096.0,77.5,12.916666666666666,6,5.0
34.3075,0.2025,4-6,2019,9550.5,2304.0,77.5,12.916666666666666,6,5.0
34.3075,0.2025,4-6,2023,13351.0,2912.0,77.5,12.916666666666666,6,5.0
34.3125,0.2025,13-,2016,8304.875,2320.0,50.5,8.416666666666666,6,20.0
34.3125,0.2025,13-,2019,10800.625,2880.0,50.5,8.416666666666666,6,20.0
34.3125,0.2025,13-,2023,12420.375,3168.0,50.5,8.416666666666666,6,20.0
34.3175,0.2025,7-9,2016,7866.625,2208.0,54.0,7.714285714285714,7,8.0
34.3175,0.2025,7-9,2019,10274.5,2720.0,54.0,7.714285714285714,7,8.0
34.3175,0.2025,7-9,2023,13318.875,3280.0,54.0,7.714285714285714,7,8.0
34.3225,0.2025,0-3,2016,4121.0,1152.0,23.5,3.357142857142857,7,1.5
34.3225,0.2025,0-3,2019,7253.375,1888.0,23.5,3.357142857142857,7,1.5
34.3225,0.2025,0-3,2023,10287.75,2544.0,23.5,3.357142857142857,7,1.5
34.3275,0.2025,0-3,2016,10051.75,2640.0,22.5,2.8125,8,1.5
34.3275,0.2025,0-3,2019,13235.0,3360.0,22.5,2.8125,8,1.5
34.3275,0.2025,0-3,2023,19922.75,4512.0,22.5,2.8125,8,1.5
34.3325,0.2025,4-6,2016,5739.5,1632.0,22.5,2.8125,8,5.0
34.3325,0.2025,4-6,2019,8362.375,2128.0,22.5,2.8125,8,5.0
34.3325,0.2025,4-6,2023,11561.875,2688.0,22.5,2.8125,8,5.0
34.3375,0.2025,0-3,2016,7506.25,2016.0,37.5,5.357142857142857,7,1.5
34.3375,0.2025,0-3,2019,12567.375,3152.0,37.5,5.357142857142857,7,1.5
34.3375,0.2025,0-3,2023,14378.125,3376.0,37.5,5.357142857142857,7,1.5
34.3425,0.2025,4-6,2016,9240.75,2288.0,29.0,4.833333333333333,6,5.0
34.3425,0.2025,4-6,2019,11829.5,2816.0,29.0,4.833333333333333,6,5.0
34.3425,0.2025,4-6,2023,12763.375,2944.0,29.0,4.833333333333333,6,5.0
34.3475,0.2025,4-6,2016,12489.75,2992.0,21.0,7.0,3,5.0
34.3475,0.2025,4-6,2019,16386.875,3904.0,21.0,7.0,3,5.0
34.3475,0.2025,4-6,2023,25528.75,5520.0,21.0,7.0,3,5.0
34.3775,0.2025,0-3,2016,15037.625,3440.0,22.0,3.6666666666666665,6,1.5
34.3775,0.2025,0-3,2019,18174.375,4016.0,22.0,3.6666666666666665,6,1.5
34.3775,0.2025,0-3,2023,19739.125,4304.0,22.0,3.6666666666666665,6,1.5
34.3825,0.2025,0-3,2016,29590.875,6336.0,32.0,4.0,8,1.5
34.3825,0.2025,0-3,2019,33381.0,7024.0,32.0,4.0,8,1.5
34.3825,0.2025,0-3,2023,45882.375,8992.0,32.0,4.0,8,1.5
34.3875,0.2025,4-6,2016,14498.0,3664.0,19.0,3.1666666666666665,6,5.0
34.3875,0.2025,4-6,2019,21835.625,5200.0,19.0,3.1666666666666665,6,5.0
34.3875,0.2025,4-6,2023,27559.125,6288.0,19.0,3.1666666666666665,6,5.0
34.3925,0.2025,0-3,2016,6132.375,1664.0,11.5,3.8333333333333335,3,1.5
34.3925,0.2025,0-3,2019,10706.625,2608.0,11.5,3.8333333333333335,3,1.5
34.3925,0.2025,0-3,2023,14285.875,3392.0,11.5,3.8333333333333335,3,1.5
34.4275,0.2025,0-3,2016,9677.125,2448.0,50.5,8.416666666666666,6,1.5
34.4275,0.2025,0-3,2019,14920.125,3712.0,50.5,8.416666666666666,6,1.5
34.4275,0.2025,0-3,2023,15144.0,3680.0,50.5,8.416666666666666,6,1.5
34.4325,0.2025,7-9,2016,10476.25,2880.0,46.0,6.571428571428571,7,8.0
34.4325,0.2025,7-9,2019,12017.375,3152.0,46.0,6.571428571428571,7,8.0
34.4325,0.2025,7-9,2023,15296.375,3856.0,46.0,6.571428571428571,7,8.0
34.4375,0.2025,4-6,2016,13957.25,3328.0,54.0,9.0,6,5.0
34.4375,0.2025,4-6,2019,16841.75,4032.0,54.0,9.0,6,5.0
34.4375,0.2025,4-6,2023,19427.25,4592.0,54.0,9.0,6,5.0
34.4425,0.2025,7-9,2016,8125.75,2048.0,49.0,9.8,5,8.0
34.4425,0.2025,7-9,2019,9614.25,2464.0,49.0,9.8,5,8.0
34.4425,0.2025,7-9,2023,9439.625,2368.0,49.0,9.8,5,8.0
34.4475,0.2025,7-9,2016,5074.0,1296.0,39.0,13.0,3,8.0
34.4475,0.2025,7-9,2019,6996.75,1824.0,39.0,13.0,3,8.0
34.4475,0.2025,7-9,2023,7223.5,1824.0,39.0,13.0,3,8.0
34.1125,0.2075,4-6,2016,5762.25,1440.0,38.0,9.5,4,5.0
34.1125,0.2075,4-6,2019,8765.25,2192.0,38.0,9.5,4,5.0
34.1125,0.2075,4-6,2023,9269.125,2352.0,38.0,9.5,4,5.0
34.1175,0.2075,13-,2016,8786.125,2320.0,33.0,5.5,6,20.0
34.1175,0.2075,13-,2019,10582.75,2736.0,33.0,5.5,6,20.0
34.1175,0.2075,13-,2023,10297.875,2720.0,33.0,5.5,6,20.0
34.1275,0.2075,0-3,2016,3195.375,896.0,24.5,3.5,7,1.5
34.1275,0.2075,0-3,2019,5838.875,1488.0,24.5,3.5,7,1.5
34.1275,0.2075,0-3,2023,7879.375,1984.0,24.5,3.5,7,1.5
34.1325,0.2075,0-3,2016,2589.5,704.0,37.5,4.6875,8,1.5
34.1325,0.2075,0-3,2019,3302.25,912.0,37.5,4.6875,8,1.5
34.1325,0.2075,0-3,2023,3891.0,1040.0,37.5,4.6875,8,1.5
34.1375,0.2075,0-3,2016,3172.25,912.0,43.5,5.4375,8,1.5
34.1375,0.2075,0-3,2019,4630.75,1280.0,43.5,5.4375,8,1.5
34.1375,0.2075,0-3,2023,5575.75,1536.0,43.5,5.4375,8,1.5
34.1425,0.2075,0-3,2016,4236.25,1056.0,62.0,7.75,8,1.5
34.1425,0.2075,0-3,2019,8458.625,1984.0,62.0,7.75,8,1.5
34.1425,0.2075,0-3,2023,11123.625,2480.0,62.0,7.75,8,1.5
34.1475,0.2075,4-6,2016,4989.625,1344.0,50.0,6.25,8,5.0
34.1475,0.2075,4-6,2019,7225.0,1728.0,50.0,6.25,8,5.0
34.1475,0.2075,4-6,2023,9102.375,2288.0,50.0,6.25,8,5.0
34.1525,0.2075,4-6,2016,3357.625,912.0,42.5,6.071428571428571,7,5.0
34.1525,0.2075,4-6,2019,4843.25,1408.0,42.5,6.071428571428571,7,5.0
34.1525,0.2075,4-6,2023,5386.5,1504.0,42.5,6.071428571428571,7,5.0
34.1575,0.2075,4-6,2016,2608.625,768.0,40.0,5.714285714285714,7,5.0
34.1575,0.2075,4-6,2019,3276.625,896.0,40.0,5.714285714285714,7,5.0
34.1575,0.2075,4-6,2023,8694.25,2032.0,40.0,5.714285714285714,7,5.0
34.1625,0.2075,7-9,2016,10440.625,2672.0,55.5,7.928571428571429,7,8.0
34.1625,0.2075,7-9,2019,15028.25,3584.0,55.5,7.928571428571429,7,8.0
34.1625,0.2075,7-9,2023,16554.875,4096.0,55.5,7.928571428571429,7,8.0
34.1675,0.2075,13-,2016,11494.875,3024.0,70.0,8.75,8,20.0
34.1675,0.2075,13-,2019,12056.25,3264.0,70.0,8.75,8,20.0
34.1675,0.2075,13-,2023,14010.0,3776.0,70.0,8.75,8,20.0
34.1725,0.2075,13-,2016,8930.0,2352.0,46.0,9.2,5,20.0
34.1725,0.2075,13-,2019,9332.875,2400.0,46.0,9.2,5,20.0
34.1725,0.2075,13-,2023,11855.0,2944.0,46.0,9.2,5,20.0
34.2025,0.2075,0-3,2016,5627.25,1520.0,23.5,3.357142857142857,7,1.5
34.2025,0.2075,0-3,2019,7967.25,1920.0,23.5,3.357142857142857,7,1.5
34.2025,0.2075,0-3,2023,12560.125,2960.0,23.5,3.357142857142857,7,1.5
34.2075,0.2075,0-3,2016,5117.5,1312.0,59.0,7.375,8,1.5
34.2075,0.2075,0-3,2019,6067.375,1536.0,59.0,7.375,8,1.5
34.2075,0.2075,0-3,2023,8505.75,2064.0,59.0,7.375,8,1.5
34.2125,0.2075,10-12,2016,11697.875,3152.0,74.5,9.3125,8,11.0
34.2125,0.2075,10-12,2019,14084.75,3728.0,74.5,9.3125,8,11.0
34.2125,0.2075,10-12,2023,17856.875,4496.0,74.5,9.3125,8,11.0
34.2175,0.2075,0-3,2016,37113.5,8848.0,78.0,9.75,8,1.5
34.2175,0.2075,0-3,2019,49407.125,10448.0,78.0,9.75,8,1.5
34.2175,0.2075,0-3,2023,71181.0,14224.0,78.0,9.75,8,1.5
34.2225,0.2075,0-3,2016,14929.5,3392.0,44.0,5.5,8,1.5
34.2225,0.2075,0-3,2019,21347.125,4880.0,44.0,5.5,8,1.5
34.2225,0.2075,0-3,2023,27772.625,5984.0,44.0,5.5,8,1.5
34.2275,0.2075,0-3,2016,6573.125,1776.0,25.5,3.1875,8,1.5
34.2275,0.2075,0-3,2019,9133.0,2464.0,25.5,3.1875,8,1.5
34.2275,0.2075,0-3,2023,12511.25,3072.0,25.5,3.1875,8,1.5
34.2325,0.2075,0-3,2016,7080.0,1792.0,22.0,2.75,8,1.5
34.2325,0.2075,0-3,2019,8435.125,2144.0,22.0,2.75,8,1.5
34.2325,0.2075,0-3,2023,13465.75,3184.0,22.0,2.75,8,1.5
34.2375,0.2075,0-3,2016,8724.375,2032.0,18.5,2.3125,8,1.5
34.2375,0.2075,0-3,2019,9974.25,2464.0,18.5,2.3125,8,1.5
34.2375,0.2075,0-3,2023,11125.25,2608.0,18.5,2.3125,8,1.5
34.2425,0.2075,0-3,2016,10429.125,2704.0,30.5,3.8125,8,1.5
34.2425,0.2075,0-3,2019,13290.875,3456.0,30.5,3.8125,8,1.5
34.2425,0.2075,0-3,2023,16363.0,3984.0,30.5,3.8125,8,1.5
34.2475,0.2075,0-3,2016,10966.5,2432.0,56.0,7.0,8,1.5
34.2475,0.2075,0-3,2019,13861.875,2960.0,56.0,7.0,8,1.5
34.2475,0.2075,0-3,2023,16199.375,3392.0,56.0,7.0,8,1.5
34.2525,0.2075,4-6,2016,6776.125,1824.0,68.5,8.5625,8,5.0
34.2525,0.2075,4-6,2019,8668.875,2208.0,68.5,8.5625,8,5.0
34.2525,0.2075,4-6,2023,14573.25,3344.0,68.5,8.5625,8,5.0
34.2575,0.2075,7-9,2016,19382.75,4544.0,78.5,9.8125,8,8.0
34.2575,0.2075,7-9,2019,26558.5,6272.0,78.5,9.8125,8,8.0
34.2575,0.2075,7-9,2023,32049.125,7248.0,78.5,9.8125,8,8.0
34.2625,0.2075,7-9,2016,12218.75,3232.0,53.0,6.625,8,8.0
34.2625,0.2075,7-9,2019,18307.0,4656.0,53.0,6.625,8,8.0
34.2625,0.2075,7-9,2023,22799.25,5216.0,53.0,6.625,8,8.0
34.2675,0.2075,0-3,2016,21690.75,4464.0,43.5,5.4375,8,1.5
34.2675,0.2075,0-3,2019,34630.5,7232.0,43.5,5.4375,8,1.5
34.2675,0.2075,0-3,2023,38311.125,7632.0,43.5,5.4375,8,1.5
34.2725,0.2075,0-3,2016,13982.875,3216.0,34.0,4.25,8,1.5
34.2725,0.2075,0-3,2019,14914.875,3600.0,34.0,4.25,8,1.5
34.2725,0.2075,0-3,2023,17632.25,3952.0,34.0,4.25,8,1.5
34.2775,0.2075,4-6,2016,8753.625,2224.0,40.0,5.0,8,5.0
34.2775,0.2075,4-6,2019,10756.75,2640.0,40.0,5.0,8,5.0
34.2775,0.2075,4-6,2023,13169.875,3088.0,40.0,5.0,8,5.0
34.2825,0.2075,0-3,2016,4070.25,1072.0,62.0,7.75,8,1.5
34.2825,0.2075,0-3,2019,4875.625,1312.0,62.0,7.75,8,1.5
34.2825,0.2075,0-3,2023,9723.0,2400.0,62.0,7.75,8,1.5
34.2875,0.2075,0-3,2016,7836.5,1920.0,57.0,8.142857142857142,7,1.5
34.2875,0.2075,0-3,2019,9858.375,2464.0,57.0,8.142857142857142,7,1.5
34.2875,0.2075,0-3,2023,12328.875,3008.0,57.0,8.142857142857142,7,1.5
34.2925,0.2075,13-,2016,11624.5,3056.0,57.0,8.142857142857142,7,20.0
34.2925,0.2075,13-,2019,12696.75,3152.0,57.0,8.142857142857142,7,20.0
34.2925,0.2075,13-,2023,15743.0,3856.0,57.0,8.142857142857142,7,20.0
34.2975,0.2075,13-,2016,28673.875,6640.0,82.0,11.714285714285714,7,20.0
34.2975,0.2075,13-,2019,41320.0,8960.0,82.0,11.714285714285714,7,20.0
34.2975,0.2075,13-,2023,52559.5,10880.0,82.0,11.714285714285714,7,20.0
34.3025,0.2075,13-,2016,28898.875,6976.0,81.5,10.1875,8,20.0
34.3025,0.2075,13-,2019,35474.0,8464.0,81.5,10.1875,8,20.0
34.3025,0.2075,13-,2023,44557.75,9856.0,81.5,10.1875,8,20.0
34.3075,0.2075,7-9,2016,19060.875,4672.0,102.5,12.8125,8,8.0
34.3075,0.2075,7-9,2019,22632.5,5376.0,102.5,12.8125,8,8.0
34.3075,0.2075,7-9,2023,29973.375,6800.0,102.5,12.8125,8,8.0
34.3125,0.2075,13-,2016,19278.5,4848.0,63.5,7.9375,8,20.0
34.3125,0.2075,13-,2019,22836.875,5584.0,63.5,7.9375,8,20.0
34.3125,0.2075,13-,2023,22231.0,5536.0,63.5,7.9375,8,20.0
34.3175,0.2075,7-9,2016,10026.625,2848.0,59.0,7.375,8,8.0
34.3175,0.2075,7-9,2019,14284.0,4048.0,59.0,7.375,8,8.0
34.3175,0.2075,7-9,2023,23599.125,5712.0,59.0,7.375,8,8.0
34.3225,0.2075,0-3,2016,4760.75,1344.0,32.0,4.0,8,1.5
34.3225,0.2075,0-3,2019,6562.875,1776.0,32.0,4.0,8,1.5
34.3225,0.2075,0-3,2023,11528.5,2928.0,32.0,4.0,8,1.5
34.3275,0.2075,0-3,2016,10248.875,2448.0,29.0,3.625,8,1.5
34.3275,0.2075,0-3,2019,14912.25,3408.0,29.0,3.625,8,1.5
34.3275,0.2075,0-3,2023,20303.125,4512.0,29.0,3.625,8,1.5
34.3325,0.2075,4-6,2016,9916.0,2672.0,38.5,4.8125,8,5.0
34.3325,0.2075,4-6,2019,13125.5,3328.0,38.5,4.8125,8,5.0
34.3325,0.2075,4-6,2023,18000.0,4336.0,38.5,4.8125,8,5.0
34.3375,0.2075,4-6,2016,11385.625,2880.0,54.5,6.8125,8,5.0
34.3375,0.2075,4-6,2019,18633.75,4448.0,54.5,6.8125,8,5.0
34.3375,0.2075,4-6,2023,21786.875,5072.0,54.5,6.8125,8,5.0
34.3425,0.2075,10-12,2016,14861.125,3888.0,42.0,5.25,8,11.0
34.3425,0.2075,10-12,2019,19068.375,4640.0,42.0,5.25,8,11.0
34.3425,0.2075,10-12,2023,23963.5,5600.0,42.0,5.25,8,11.0
34.3475,0.2075,4-6,2016,20815.125,5056.0,30.5,6.1,5,5.0
34.3475,0.2075,4-6,2019,27683.375,6432.0,30.5,6.1,5,5.0
34.3475,0.2075,4-6,2023,28611.125,6560.0,30.5,6.1,5,5.0
34.3575,0.2075,0-3,2016,17908.75,3808.0,3.0,1.5,2,1.5
34.3575,0.2075,0-3,2019,24166.875,5120.0,3.0,1.5,2,1.5
34.3575,0.2075,0-3,2023,25269.0,5296.0,3.0,1.5,2,1.5
34.3775,0.2075,7-9,2016,16616.0,3776.0,25.0,4.166666666666667,6,8.0
34.3775,0.2075,7-9,2019,22737.375,4944.0,25.0,4.166666666666667,6,8.0
34.3775,0.2075,7-9,2023,24661.25,5344.0,25.0,4.166666666666667,6,8.0
34.3825,0.2075,7-9,2016,14938.5,3968.0,22.0,2.75,8,8.0
34.3825,0.2075,7-9,2019,18579.375,4816.0,22.0,2.75,8,8.0
34.3825,0.2075,7-9,2023,19899.625,5120.0,22.0,2.75,8,8.0
34.3875,0.2075,0-3,2016,7673.5,2032.0,20.5,2.9285714285714284,7,1.5
34.3875,0.2075,0-3,2019,9778.5,2400.0,20.5,2.9285714285714284,7,1.5
34.3875,0.2075,0-3,2023,12218.625,2848.0,20.5,2.9285714285714284,7,1.5
34.4275,0.2075,0-3,2016,2968.75,784.0,16.0,4.0,4,1.5
34.4275,0.2075,0-3,2019,4742.75,1184.0,16.0,4.0,4,1.5
34.4275,0.2075,0-3,2023,4579.25,1040.0,16.0,4.0,4,1.5
34.4325,0.2075,4-6,2016,15679.125,3840.0,24.0,3.4285714285714284,7,5.0
34.4325,0.2075,4-6,2019,20234.5,4768.0,24.0,3.4285714285714284,7,5.0
34.4325,0.2075,4-6,2023,21128.5,4832.0,24.0,3.4285714285714284,7,5.0
34.4375,0.2075,4-6,2016,15606.75,3904.0,50.5,6.3125,8,5.0
34.4375,0.2075,4-6,2019,21591.625,5392.0,50.5,6.3125,8,5.0
34.4375,0.2075,4-6,2023,21297.875,5376.0,50.5,6.3125,8,5.0
34.4425,0.2075,13-,2016,13858.25,3408.0,45.0,5.625,8,20.0
34.4425,0.2075,13-,2019,18425.125,4544.0,45.0,5.625,8,20.0
34.4425,0.2075,13-,2023,19877.25,4848.0,45.0,5.625,8,20.0
34.4475,0.2075,10-12,2016,11273.5,2880.0,42.5,8.5,5,11.0
34.4475,0.2075,10-12,2019,14133.0,3600.0,42.5,8.5,5,11.0
34.4475,0.2075,10-12,2023,15404.125,3808.0,42.5,8.5,5,11.0
34.1175,0.2125,4-6,2016,5604.875,1344.0,33.0,6.6,5,5.0
34.1175,0.2125,4-6,2019,5976.5,1440.0,33.0,6.6,5,5.0
34.1175,0.2125,4-6,2023,7782.0,1856.0,33.0,6.6,5,5.0
34.1225,0.2125,4-6,2016,10663.125,2608.0,32.5,4.642857142857143,7,5.0
34.1225,0.2125,4-6,2019,12537.125,3024.0,32.5,4.642857142857143,7,5.0
34.1225,0.2125,4-6,2023,15325.875,3552.0,32.5,4.642857142857143,7,5.0
34.1275,0.2125,0-3,2016,2097.5,560.0,14.0,2.0,7,1.5
34.1275,0.2125,0-3,2019,3770.25,1024.0,14.0,2.0,7,1.5
34.1275,0.2125,0-3,2023,3592.5,1008.0,14.0,2.0,7,1.5
34.1325,0.2125,0-3,2016,3914.25,1024.0,12.0,1.5,8,1.5
34.1325,0.2125,0-3,2019,6204.125,1616.0,12.0,1.5,8,1.5
34.1325,0.2125,0-3,2023,8721.125,2192.0,12.0,1.5,8,1.5
34.1375,0.2125,0-3,2016,4778.5,1296.0,12.0,1.5,8,1.5
34.1375,0.2125,0-3,2019,5510.875,1440.0,12.0,1.5,8,1.5
34.1375,0.2125,0-3,2023,7650.75,1888.0,12.0,1.5,8,1.5
34.1425,0.2125,0-3,2016,4972.875,1232.0,15.5,1.9375,8,1.5
34.1425,0.2125,0-3,2019,5848.75,1536.0,15.5,1.9375,8,1.5
34.1425,0.2125,0-3,2023,8412.375,2160.0,15.5,1.9375,8,1.5
34.1475,0.2125,0-3,2016,3591.625,1008.0,25.5,3.1875,8,1.5
34.1475,0.2125,0-3,2019,5992.375,1696.0,25.5,3.1875,8,1.5
34.1475,0.2125,0-3,2023,8127.125,2208.0,25.5,3.1875,8,1.5
34.1525,0.2125,7-9,2016,5724.875,1504.0,21.0,3.0,7,8.0
34.1525,0.2125,7-9,2019,10045.375,2656.0,21.0,3.0,7,8.0
34.1525,0.2125,7-9,2023,12476.875,3152.0,21.0,3.0,7,8.0
34.1625,0.2125,10-12,2016,6422.375,1744.0,46.0,6.571428571428571,7,11.0
34.1625,0.2125,10-12,2019,9646.0,2624.0,46.0,6.571428571428571,7,11.0
34.1625,0.2125,10-12,2023,11094.5,2960.0,46.0,6.571428571428571,7,11.0
34.1675,0.2125,4-6,2016,6865.625,1856.0,78.5,9.8125,8,5.0
34.1675,0.2125,4-6,2019,10042.875,2640.0,78.5,9.8125,8,5.0
34.1675,0.2125,4-6,2023,15825.25,3920.0,78.5,9.8125,8,5.0
34.1725,0.2125,7-9,2016,7800.0,1936.0,55.0,11.0,5,8.0
34.1725,0.2125,7-9,2019,7196.125,1808.0,55.0,11.0,5,8.0
34.1725,0.2125,7-9,2023,8506.25,2128.0,55.0,11.0,5,8.0
34.1975,0.2125,0-3,2016,13154.375,2992.0,7.5,1.5,5,1.5
34.1975,0.2125,0-3,2019,16001.75,3856.0,7.5,1.5,5,1.5
34.1975,0.2125,0-3,2023,33616.875,6960.0,7.5,1.5,5,1.5
34.2025,0.2125,0-3,2016,6874.5,1888.0,14.0,2.0,7,1.5
34.2025,0.2125,0-3,2019,10422.375,2720.0,14.0,2.0,7,1.5
34.2025,0.2125,0-3,2023,15699.125,3856.0,14.0,2.0,7,1.5
34.2075,0.2125,0-3,2016,8621.75,2272.0,50.0,6.25,8,1.5
34.2075,0.2125,0-3,2019,11664.75,3024.0,50.0,6.25,8,1.5
34.2075,0.2125,0-3,2023,25591.75,5792.0,50.0,6.25,8,1.5
34.2125,0.2125,13-,2016,7038.875,1872.0,41.5,5.1875,8,20.0
34.2125,0.2125,13-,2019,8440.375,2240.0,41.5,5.1875,8,20.0
34.2125,0.2125,13-,2023,12447.625,3072.0,41.5,5.1875,8,20.0
34.2175,0.2125,7-9,2016,9540.875,2192.0,57.0,7.125,8,8.0
34.2175,0.2125,7-9,2019,12375.75,2992.0,57.0,7.125,8,8.0
34.2175,0.2125,7-9,2023,19536.5,4528.0,57.0,7.125,8,8.0
34.2225,0.2125,4-6,2016,5630.875,1456.0,47.5,5.9375,8,5.0
34.2225,0.2125,4-6,2019,7952.875,2096.0,47.5,5.9375,8,5.0
34.2225,0.2125,4-6,2023,10248.125,2496.0,47.5,5.9375,8,5.0
34.2275,0.2125,4-6,2016,8735.25,2304.0,47.5,5.9375,8,5.0
34.2275,0.2125,4-6,2019,11204.125,2944.0,47.5,5.9375,8,5.0
34.2275,0.2125,4-6,2023,13842.25,3472.0,47.5,5.9375,8,5.0
34.2325,0.2125,7-9,2016,5564.625,1488.0,37.5,4.6875,8,8.0
34.2325,0.2125,7-9,2019,7280.0,1824.0,37.5,4.6875,8,8.0
34.2325,0.2125,7-9,2023,9902.5,2352.0,37.5,4.6875,8,8.0
34.2375,0.2125,0-3,2016,6556.625,1728.0,20.5,2.9285714285714284,7,1.5
34.2375,0.2125,0-3,2019,9116.0,2304.0,20.5,2.9285714285714284,7,1.5
34.2375,0.2125,0-3,2023,12620.75,2928.0,20.5,2.9285714285714284,7,1.5
34.2425,0.2125,0-3,2016,14128.75,3696.0,14.0,2.0,7,1.5
34.2425,0.2125,0-3,2019,18362.875,4784.0,14.0,2.0,7,1.5
34.2425,0.2125,0-3,2023,25535.375,6192.0,14.0,2.0,7,1.5
34.2475,0.2125,0-3,2016,21747.125,5072.0,24.5,3.5,7,1.5
34.2475,0.2125,0-3,2019,23654.875,5680.0,24.5,3.5,7,1.5
34.2475,0.2125,0-3,2023,36491.125,7936.0,24.5,3.5,7,1.5
34.2525,0.2125,4-6,2016,13781.375,3120.0,29.0,3.625,8,5.0
34.2525,0.2125,4-6,2019,21395.25,4656.0,29.0,3.625,8,5.0
34.2525,0.2125,4-6,2023,31399.75,6064.0,29.0,3.625,8,5.0
34.2575,0.2125,0-3,2016,18610.125,4176.0,54.0,6.75,8,1.5
34.2575,0.2125,0-3,2019,27981.125,5984.0,54.0,6.75,8,1.5
34.2575,0.2125,0-3,2023,39790.125,8080.0,54.0,6.75,8,1.5
34.2625,0.2125,13-,2016,38936.375,9456.0,34.5,4.3125,8,20.0
34.2625,0.2125,13-,2019,54329.375,12672.0,34.5,4.3125,8,20.0
34.2625,0.2125,13-,2023,60728.875,13328.0,34.5,4.3125,8,20.0
34.2675,0.2125,0-3,2016,21088.25,5168.0,46.5,5.8125,8,1.5
34.2675,0.2125,0-3,2019,34881.875,8144.0,46.5,5.8125,8,1.5
34.2675,0.2125,0-3,2023,47615.5,10304.0,46.5,5.8125,8,1.5
34.2725,0.2125,0-3,2016,13695.75,3376.0,53.0,6.625,8,1.5
34.2725,0.2125,0-3,2019,21158.875,5312.0,53.0,6.625,8,1.5
34.2725,0.2125,0-3,2023,26606.625,6000.0,53.0,6.625,8,1.5
34.2775,0.2125,13-,2016,17751.75,4224.0,34.5,4.3125,8,20.0
34.2775,0.2125,13-,2019,23392.75,5296.0,34.5,4.3125,8,20.0
34.2775,0.2125,13-,2023,27078.125,5808.0,34.5,4.3125,8,20.0
34.2825,0.2125,10-12,2016,12314.375,2912.0,62.0,7.75,8,11.0
34.2825,0.2125,10-12,2019,18084.375,4016.0,62.0,7.75,8,11.0
34.2825,0.2125,10-12,2023,20087.625,4272.0,62.0,7.75,8,11.0
34.2875,0.2125,13-,2016,7663.5,1968.0,40.0,5.0,8,20.0
34.2875,0.2125,13-,2019,10081.625,2480.0,40.0,5.0,8,20.0
34.2875,0.2125,13-,2023,12482.875,3008.0,40.0,5.0,8,20.0
34.2925,0.2125,0-3,2016,528.25,144.0,77.0,9.625,8,1.5
34.2925,0.2125,0-3,2019,333.625,96.0,77.0,9.625,8,1.5
34.2925,0.2125,0-3,2023,8765.625,1648.0,77.0,9.625,8,1.5
34.2975,0.2125,10-12,2016,4825.625,1264.0,86.0,10.75,8,11.0
34.2975,0.2125,10-12,2019,7944.875,2032.0,86.0,10.75,8,11.0
34.2975,0.2125,10-12,2023,12413.0,3024.0,86.0,10.75,8,11.0
34.3025,0.2125,13-,2016,10520.375,2832.0,78.0,9.75,8,20.0
34.3025,0.2125,13-,2019,16427.25,4144.0,78.0,9.75,8,20.0
34.3025,0.2125,13-,2023,20545.0,5008.0,78.0,9.75,8,20.0
34.3075,0.2125,7-9,2016,17074.75,4368.0,99.0,12.375,8,8.0
34.3075,0.2125,7-9,2019,21801.5,5408.0,99.0,12.375,8,8.0
34.3075,0.2125,7-9,2023,28798.875,6832.0,99.0,12.375,8,8.0
34.3125,0.2125,0-3,2016,12004.5,3312.0,85.0,10.625,8,1.5
34.3125,0.2125,0-3,2019,16563.75,4336.0,85.0,10.625,8,1.5
34.3125,0.2125,0-3,2023,23668.0,5712.0,85.0,10.625,8,1.5
34.3175,0.2125,4-6,2016,5238.375,1392.0,80.5,10.0625,8,5.0
34.3175,0.2125,4-6,2019,6697.25,1840.0,80.5,10.0625,8,5.0
34.3175,0.2125,4-6,2023,7538.5,1936.0,80.5,10.0625,8,5.0
34.3225,0.2125,0-3,2016,3500.875,912.0,57.0,7.125,8,1.5
34.3225,0.2125,0-3,2019,4355.0,1200.0,57.0,7.125,8,1.5
34.3225,0.2125,0-3,2023,5649.0,1520.0,57.0,7.125,8,1.5
34.3275,0.2125,4-6,2016,2769.625,752.0,65.5,8.1875,8,5.0
34.3275,0.2125,4-6,2019,4653.625,1264.0,65.5,8.1875,8,5.0
34.3275,0.2125,4-6,2023,5410.75,1392.0,65.5,8.1875,8,5.0
34.3325,0.2125,7-9,2016,8366.625,2336.0,75.5,9.4375,8,8.0
34.3325,0.2125,7-9,2019,10570.0,2784.0,75.5,9.4375,8,8.0
34.3325,0.2125,7-9,2023,14452.875,3584.0,75.5,9.4375,8,8.0
34.3375,0.2125,10-12,2016,8498.5,2288.0,85.0,10.625,8,11.0
34.3375,0.2125,10-12,2019,9058.25,2368.0,85.0,10.625,8,11.0
34.3375,0.2125,10-12,2023,14641.0,3424.0,85.0,10.625,8,11.0
34.3425,0.2125,7-9,2016,10403.875,2752.0,63.0,7.875,8,8.0
34.3425,0.2125,7-9,2019,13958.375,3504.0,63.0,7.875,8,8.0
34.3425,0.2125,7-9,2023,21006.25,4976.0,63.0,7.875,8,8.0
34.3475,0.2125,0-3,2016,11716.0,3216.0,44.5,7.416666666666667,6,1.5
34.3475,0.2125,0-3,2019,14700.0,3872.0,44.5,7.416666666666667,6,1.5
34.3475,0.2125,0-3,2023,19259.125,4864.0,44.5,7.416666666666667,6,1.5
34.3575,0.2125,0-3,2016,14575.125,3600.0,17.0,3.4,5,1.5
34.3575,0.2125,0-3,2019,18799.5,4624.0,17.0,3.4,5,1.5
34.3575,0.2125,0-3,2023,23177.375,5248.0,17.0,3.4,5,1.5
34.3625,0.2125,0-3,2016,8186.0,2192.0,12.5,2.0833333333333335,6,1.5
34.3625,0.2125,0-3,2019,10024.625,2608.0,12.5,2.0833333333333335,6,1.5
34.3625,0.2125,0-3,2023,11180.5,2832.0,12.5,2.0833333333333335,6,1.5
34.3675,0.2125,0-3,2016,501.125,144.0,30.0,6.0,5,1.5
34.3675,0.2125,0-3,2019,608.75,160.0,30.0,6.0,5,1.5
34.3675,0.2125,0-3,2023,1127.5,288.0,30.0,6.0,5,1.5
34.3725,0.2125,10-12,2016,12025.375,3056.0,38.0,6.333333333333333,6,11.0
34.3725,0.2125,10-12,2019,15581.25,3872.0,38.0,6.333333333333333,6,11.0
34.3725,0.2125,10-12,2023,16982.5,3936.0,38.0,6.333333333333333,6,11.0
34.3775,0.2125,0-3,2016,15921.625,3824.0,52.0,7.428571428571429,7,1.5
34.3775,0.2125,0-3,2019,20137.75,4768.0,52.0,7.428571428571429,7,1.5
34.3775,0.2125,0-3,2023,21777.75,4896.0,52.0,7.428571428571429,7,1.5
34.3825,0.2125,0-3,2016,16252.25,3824.0,34.5,4.3125,8,1.5
34.3825,0.2125,0-3,2019,19324.875,4432.0,34.5,4.3125,8,1.5
34.3825,0.2125,0-3,2023,25410.125,5344.0,34.5,4.3125,8,1.5
34.3875,0.2125,0-3,2016,858.875,240.0,15.5,2.5833333333333335,6,1.5
34.3875,0.2125,0-3,2019,2184.0,560.0,15.5,2.5833333333333335,6,1.5
34.3875,0.2125,0-3,2023,2585.375,688.0,15.5,2.5833333333333335,6,1.5
34.3925,0.2125,0-3,2016,3875.5,1056.0,4.5,1.5,3,1.5
34.3925,0.2125,0-3,2019,5908.875,1520.0,4.5,1.5,3,1.5
34.3925,0.2125,0-3,2023,6355.75,1584.0,4.5,1.5,3,1.5
34.4325,0.2125,0-3,2016,3716.125,976.0,13.0,3.25,4,1.5
34.4325,0.2125,0-3,2019,5716.25,1456.0,13.0,3.25,4,1.5
34.4325,0.2125,0-3,2023,5525.375,1392.0,13.0,3.25,4,1.5
34.4375,0.2125,0-3,2016,9549.75,2432.0,34.5,5.75,6,1.5
34.4375,0.2125,0-3,2019,14790.125,3584.0,34.5,5.75,6,1.5
34.4375,0.2125,0-3,2023,18318.875,4144.0,34.5,5.75,6,1.5
34.4425,0.2125,0-3,2016,11198.75,2832.0,44.0,7.333333333333333,6,1.5
34.4425,0.2125,0-3,2019,13122.375,3296.0,44.0,7.333333333333333,6,1.5
34.4425,0.2125,0-3,2023,14577.375,3584.0,44.0,7.333333333333333,6,1.5
34.4475,0.2125,4-6,2016,13701.625,3376.0,34.0,8.5,4,5.0
34.4475,0.2125,4-6,2019,20773.875,4864.0,34.0,8.5,4,5.0
34.4475,0.2125,4-6,2023,22485.375,5296.0,34.0,8.5,4,5.0
34.1175,0.2175,0-3,2016,1385.875,368.0,33.0,6.6,5,1.5
34.1175,0.2175,0-3,2019,1660.5,448.0,33.0,6.6,5,1.5
34.1175,0.2175,0-3,2023,1948.75,512.0,33.0,6.6,5,1.5
34.1225,0.2175,0-3,2016,5789.625,1616.0,44.0,5.5,8,1.5
34.1225,0.2175,0-3,2019,7556.25,2032.0,44.0,5.5,8,1.5
34.1225,0.2175,0-3,2023,9660.5,2576.0,44.0,5.5,8,1.5
34.1275,0.2175,0-3,2016,5843.375,1584.0,47.0,5.875,8,1.5
34.1275,0.2175,0-3,2019,8493.25,2272.0,47.0,5.875,8,1.5
34.1275,0.2175,0-3,2023,9880.75,2544.0,47.0,5.875,8,1.5
34.1325,0.2175,0-3,2016,3502.75,992.0,25.0,3.125,8,1.5
34.1325,0.2175,0-3,2019,4505.125,1264.0,25.0,3.125,8,1.5
34.1325,0.2175,0-3,2023,5159.125,1440.0,25.0,3.125,8,1.5
34.1375,0.2175,0-3,2016,10429.75,2688.0,18.5,2.3125,8,1.5
34.1375,0.2175,0-3,2019,13661.375,3424.0,18.5,2.3125,8,1.5
34.1375,0.2175,0-3,2023,15821.125,3888.0,18.5,2.3125,8,1.5
34.1425,0.2175,0-3,2016,8069.75,2000.0,12.0,1.5,8,1.5
34.1425,0.2175,0-3,2019,9270.375,2320.0,12.0,1.5,8,1.5
34.1425,0.2175,0-3,2023,12773.375,3248.0,12.0,1.5,8,1.5
34.1475,0.2175,0-3,2016,5541.375,1488.0,28.0,3.5,8,1.5
34.1475,0.2175,0-3,2019,6500.5,1840.0,28.0,3.5,8,1.5
34.1475,0.2175,0-3,2023,9308.625,2464.0,28.0,3.5,8,1.5
34.1525,0.2175,0-3,2016,4299.25,1088.0,30.0,4.285714285714286,7,1.5
34.1525,0.2175,0-3,2019,5117.375,1312.0,30.0,4.285714285714286,7,1.5
34.1525,0.2175,0-3,2023,7048.875,1840.0,30.0,4.285714285714286,7,1.5
34.1575,0.2175,0-3,2016,9829.25,2224.0,39.5,5.642857142857143,7,1.5
34.1575,0.2175,0-3,2019,11379.0,2592.0,39.5,5.642857142857143,7,1.5
34.1575,0.2175,0-3,2023,14423.375,3232.0,39.5,5.642857142857143,7,1.5
34.1625,0.2175,0-3,2016,8483.375,2336.0,30.5,4.357142857142857,7,1.5
34.1625,0.2175,0-3,2019,10538.5,2784.0,30.5,4.357142857142857,7,1.5
34.1625,0.2175,0-3,2023,13076.125,3376.0,30.5,4.357142857142857,7,1.5
34.1675,0.2175,4-6,2016,5484.625,1584.0,33.5,4.785714285714286,7,5.0
34.1675,0.2175,4-6,2019,7286.5,2048.0,33.5,4.785714285714286,7,5.0
34.1675,0.2175,4-6,2023,11250.625,2960.0,33.5,4.785714285714286,7,5.0
34.1725,0.2175,4-6,2016,1366.375,416.0,19.5,4.875,4,5.0
34.1725,0.2175,4-6,2019,1701.125,480.0,19.5,4.875,4,5.0
34.1725,0.2175,4-6,2023,1935.625,512.0,19.5,4.875,4,5.0
34.1925,0.2175,0-3,2016,5221.375,1504.0,6.0,1.5,4,1.5
34.1925,0.2175,0-3,2019,6448.0,1872.0,6.0,1.5,4,1.5
34.1925,0.2175,0-3,2023,8162.5,2176.0,6.0,1.5,4,1.5
34.1975,0.2175,0-3,2016,4089.375,1088.0,10.5,1.5,7,1.5
34.1975,0.2175,0-3,2019,5391.5,1472.0,10.5,1.5,7,1.5
34.1975,0.2175,0-3,2023,9187.75,2320.0,10.5,1.5,7,1.5
34.2025,0.2175,0-3,2016,20369.0,4640.0,34.0,4.25,8,1.5
34.2025,0.2175,0-3,2019,21487.0,5152.0,34.0,4.25,8,1.5
34.2025,0.2175,0-3,2023,34307.25,7424.0,34.0,4.25,8,1.5
34.2075,0.2175,4-6,2016,16280.625,3840.0,62.0,7.75,8,5.0
34.2075,0.2175,4-6,2019,17662.5,4352.0,62.0,7.75,8,5.0
34.2075,0.2175,4-6,2023,20253.75,4736.0,62.0,7.75,8,5.0
34.2125,0.2175,7-9,2016,6310.0,1520.0,72.5,9.0625,8,8.0
34.2125,0.2175,7-9,2019,7170.125,1744.0,72.5,9.0625,8,8.0
34.2125,0.2175,7-9,2023,8588.875,2000.0,72.5,9.0625,8,8.0
34.2175,0.2175,4-6,2016,7951.125,2112.0,64.0,8.0,8,5.0
34.2175,0.2175,4-6,2019,9149.25,2272.0,64.0,8.0,8,5.0
34.2175,0.2175,4-6,2023,14814.625,3616.0,64.0,8.0,8,5.0
34.2225,0.2175,4-6,2016,10454.25,2528.0,54.5,6.8125,8,5.0
34.2225,0.2175,4-6,2019,17125.75,4016.0,54.5,6.8125,8,5.0
34.2225,0.2175,4-6,2023,25453.25,5488.0,54.5,6.8125,8,5.0
34.2275,0.2175,13-,2016,11426.5,2992.0,45.5,5.6875,8,20.0
34.2275,0.2175,13-,2019,16098.875,4128.0,45.5,5.6875,8,20.0
34.2275,0.2175,13-,2023,20400.125,4992.0,45.5,5.6875,8,20.0
34.2325,0.2175,4-6,2016,5551.125,1520.0,56.5,7.0625,8,5.0
34.2325,0.2175,4-6,2019,7624.0,2000.0,56.5,7.0625,8,5.0
34.2325,0.2175,4-6,2023,9907.5,2432.0,56.5,7.0625,8,5.0
34.2375,0.2175,0-3,2016,5840.25,1552.0,46.0,6.571428571428571,7,1.5
34.2375,0.2175,0-3,2019,6607.375,1776.0,46.0,6.571428571428571,7,1.5
34.2375,0.2175,0-3,2023,8364.875,2064.0,46.0,6.571428571428571,7,1.5
34.2475,0.2175,4-6,2016,8053.25,2048.0,49.0,7.0,7,5.0
34.2475,0.2175,4-6,2019,8487.375,2240.0,49.0,7.0,7,5.0
34.2475,0.2175,4-6,2023,11346.625,2560.0,49.0,7.0,7,5.0
34.2525,0.2175,4-6,2016,7661.0,1936.0,47.5,5.9375,8,5.0
34.2525,0.2175,4-6,2019,8426.875,2080.0,47.5,5.9375,8,5.0
34.2525,0.2175,4-6,2023,9589.625,2192.0,47.5,5.9375,8,5.0
34.2575,0.2175,0-3,2016,11020.5,2688.0,54.0,6.75,8,1.5
34.2575,0.2175,0-3,2019,18973.375,4512.0,54.0,6.75,8,1.5
34.2575,0.2175,0-3,2023,26612.0,5968.0,54.0,6.75,8,1.5
34.2625,0.2175,0-3,2016,26102.625,6256.0,59.5,7.4375,8,1.5
34.2625,0.2175,0-3,2019,36854.125,8592.0,59.5,7.4375,8,1.5
34.2625,0.2175,0-3,2023,51542.875,11072.0,59.5,7.4375,8,1.5
34.2675,0.2175,10-12,2016,39532.625,9168.0,62.0,7.75,8,11.0
34.2675,0.2175,10-12,2019,57358.375,12896.0,62.0,7.75,8,11.0
34.2675,0.2175,10-12,2023,83384.5,17072.0,62.0,7.75,8,11.0
34.2725,0.2175,0-3,2016,15452.5,3680.0,74.5,9.3125,8,1.5
34.2725,0.2175,0-3,2019,17817.375,4416.0,74.5,9.3125,8,1.5
34.2725,0.2175,0-3,2023,27028.0,6192.0,74.5,9.3125,8,1.5
34.2775,0.2175,10-12,2016,10923.875,2912.0,58.5,7.3125,8,11.0
34.2775,0.2175,10-12,2019,13950.0,3776.0,58.5,7.3125,8,11.0
34.2775,0.2175,10-12,2023,20780.75,5168.0,58.5,7.3125,8,11.0
34.2825,0.2175,0-3,2016,3050.75,864.0,68.0,8.5,8,1.5
34.2825,0.2175,0-3,2019,3747.625,992.0,68.0,8.5,8,1.5
34.2825,0.2175,0-3,2023,5425.0,1408.0,68.0,8.5,8,1.5
34.2875,0.2175,0-3,2016,5474.25,1376.0,40.0,5.0,8,1.5
34.2875,0.2175,0-3,2019,6982.875,1680.0,40.0,5.0,8,1.5
34.2875,0.2175,0-3,2023,7680.875,1760.0,40.0,5.0,8,1.5
34.2925,0.2175,0-3,2016,349.125,128.0,40.0,5.0,8,1.5
34.2925,0.2175,0-3,2019,1432.375,320.0,40.0,5.0,8,1.5
34.2925,0.2175,0-3,2023,1359.75,304.0,40.0,5.0,8,1.5
34.2975,0.2175,0-3,2016,12154.125,3216.0,40.0,5.0,8,1.5
34.2975,0.2175,0-3,2019,14937.625,3760.0,40.0,5.0,8,1.5
34.2975,0.2175,0-3,2023,19066.5,4560.0,40.0,5.0,8,1.5
34.3025,0.2175,0-3,2016,10852.875,3008.0,71.5,8.9375,8,1.5
34.3025,0.2175,0-3,2019,16668.0,4384.0,71.5,8.9375,8,1.5
34.3025,0.2175,0-3,2023,20349.0,5024.0,71.5,8.9375,8,1.5
34.3075,0.2175,7-9,2016,17536.0,4320.0,83.5,10.4375,8,8.0
34.3075,0.2175,7-9,2019,24551.125,5824.0,83.5,10.4375,8,8.0
34.3075,0.2175,7-9,2023,24094.625,5664.0,83.5,10.4375,8,8.0
34.3125,0.2175,13-,2016,12211.0,3104.0,66.5,8.3125,8,20.0
34.3125,0.2175,13-,2019,16689.0,4224.0,66.5,8.3125,8,20.0
34.3125,0.2175,13-,2023,22174.5,5120.0,66.5,8.3125,8,20.0
34.3175,0.2175,7-9,2016,4604.125,1216.0,69.0,8.625,8,8.0
34.3175,0.2175,7-9,2019,7279.5,1888.0,69.0,8.625,8,8.0
34.3175,0.2175,7-9,2023,8629.25,2128.0,69.0,8.625,8,8.0
34.3225,0.2175,13-,2016,7674.75,2192.0,39.0,4.875,8,20.0
34.3225,0.2175,13-,2019,13403.5,3456.0,39.0,4.875,8,20.0
34.3225,0.2175,13-,2023,17338.625,4224.0,39.0,4.875,8,20.0
34.3275,0.2175,7-9,2016,11861.625,2640.0,69.0,8.625,8,8.0
34.3275,0.2175,7-9,2019,13919.5,3376.0,69.0,8.625,8,8.0
34.3275,0.2175,7-9,2023,20808.5,4848.0,69.0,8.625,8,8.0
34.3325,0.2175,13-,2016,10096.5,2752.0,69.5,8.6875,8,20.0
34.3325,0.2175,13-,2019,14638.375,3856.0,69.5,8.6875,8,20.0
34.3325,0.2175,13-,2023,17812.0,4336.0,69.5,8.6875,8,20.0
34.3375,0.2175,13-,2016,9086.25,2432.0,91.0,11.375,8,20.0
34.3375,0.2175,13-,2019,11886.75,2992.0,91.0,11.375,8,20.0
34.3375,0.2175,13-,2023,12912.75,3152.0,91.0,11.375,8,20.0
34.3425,0.2175,7-9,2016,8154.125,2032.0,71.5,8.9375,8,8.0
34.3425,0.2175,7-9,2019,11730.75,2864.0,71.5,8.9375,8,8.0
34.3425,0.2175,7-9,2023,18850.375,4336.0,71.5,8.9375,8,8.0
34.3475,0.2175,0-3,2016,10211.625,2512.0,58.0,8.285714285714286,7,1.5
34.3475,0.2175,0-3,2019,15616.125,3632.0,58.0,8.285714285714286,7,1.5
34.3475,0.2175,0-3,2023,14632.75,3296.0,58.0,8.285714285714286,7,1.5
34.3525,0.2175,10-12,2016,9985.875,2528.0,17.0,2.4285714285714284,7,11.0
34.3525,0.2175,10-12,2019,13004.0,3312.0,17.0,2.4285714285714284,7,11.0
34.3525,0.2175,10-12,2023,16155.25,3712.0,17.0,2.4285714285714284,7,11.0
34.3575,0.2175,0-3,2016,3885.875,1104.0,33.0,4.714285714285714,7,1.5
34.3575,0.2175,0-3,2019,5711.875,1488.0,33.0,4.714285714285714,7,1.5
34.3575,0.2175,0-3,2023,7249.375,1904.0,33.0,4.714285714285714,7,1.5
34.3625,0.2175,0-3,2016,8645.75,2416.0,25.5,3.1875,8,1.5
34.3625,0.2175,0-3,2019,13263.0,3488.0,25.5,3.1875,8,1.5
34.3625,0.2175,0-3,2023,16498.25,3920.0,25.5,3.1875,8,1.5
34.3675,0.2175,4-6,2016,4902.5,1328.0,59.5,7.4375,8,5.0
34.3675,0.2175,4-6,2019,7221.75,1920.0,59.5,7.4375,8,5.0
34.3675,0.2175,4-6,2023,8249.375,2144.0,59.5,7.4375,8,5.0
34.3725,0.2175,10-12,2016,10156.0,2800.0,66.0,8.25,8,11.0
34.3725,0.2175,10-12,2019,14514.125,3744.0,66.0,8.25,8,11.0
34.3725,0.2175,10-12,2023,18619.625,4464.0,66.0,8.25,8,11.0
34.3775,0.2175,10-12,2016,14196.75,3504.0,68.5,8.5625,8,11.0
34.3775,0.2175,10-12,2019,20393.125,5008.0,68.5,8.5625,8,11.0
34.3775,0.2175,10-12,2023,22670.875,5456.0,68.5,8.5625,8,11.0
34.3825,0.2175,0-3,2016,11694.75,2592.0,39.0,5.571428571428571,7,1.5
34.3825,0.2175,0-3,2019,14584.625,3344.0,39.0,5.571428571428571,7,1.5
34.3825,0.2175,0-3,2023,18248.0,4160.0,39.0,5.571428571428571,7,1.5
34.3875,0.2175,0-3,2016,1504.875,384.0,17.0,3.4,5,1.5
34.3875,0.2175,0-3,2019,2642.75,640.0,17.0,3.4,5,1.5
34.3875,0.2175,0-3,2023,3227.625,720.0,17.0,3.4,5,1.5
34.4425,0.2175,0-3,2016,59645.75,12976.0,8.0,2.6666666666666665,3,1.5
34.4425,0.2175,0-3,2019,63270.625,13360.0,8.0,2.6666666666666665,3,1.5
34.4425,0.2175,0-3,2023,69373.375,14704.0,8.0,2.6666666666666665,3,1.5
34.1175,0.2225,0-3,2016,1501.375,400.0,48.0,9.6,5,1.5
34.1175,0.2225,0-3,2019,2092.625,496.0,48.0,9.6,5,1.5
34.1175,0.2225,0-3,2023,1798.5,464.0,48.0,9.6,5,1.5
34.1225,0.2225,13-,2016,5519.875,1520.0,50.0,6.25,8,20.0
34.1225,0.2225,13-,2019,7367.5,2064.0,50.0,6.25,8,20.0
34.1225,0.2225,13-,2023,7397.0,2128.0,50.0,6.25,8,20.0
34.1275,0.2225,7-9,2016,6417.375,1632.0,71.5,8.9375,8,8.0
34.1275,0.2225,7-9,2019,8340.375,2192.0,71.5,8.9375,8,8.0
34.1275,0.2225,7-9,2023,8382.0,2144.0,71.5,8.9375,8,8.0
34.1325,0.2225,7-9,2016,5454.125,1360.0,34.5,4.3125,8,8.0
34.1325,0.2225,7-9,2019,6370.5,1616.0,34.5,4.3125,8,8.0
34.1325,0.2225,7-9,2023,7234.875,1728.0,34.5,4.3125,8,8.0
34.1375,0.2225,0-3,2016,29340.375,5744.0,25.0,3.125,8,1.5
34.1375,0.2225,0-3,2019,34080.375,6720.0,25.0,3.125,8,1.5
34.1375,0.2225,0-3,2023,38860.0,7664.0,25.0,3.125,8,1.5
34.1425,0.2225,0-3,2016,5699.25,1504.0,12.0,1.5,8,1.5
34.1425,0.2225,0-3,2019,9850.375,2688.0,12.0,1.5,8,1.5
34.1425,0.2225,0-3,2023,15361.875,3808.0,12.0,1.5,8,1.5
34.1475,0.2225,0-3,2016,2325.0,656.0,31.0,3.875,8,1.5
34.1475,0.2225,0-3,2019,3053.875,848.0,31.0,3.875,8,1.5
34.1475,0.2225,0-3,2023,2846.25,752.0,31.0,3.875,8,1.5
34.1525,0.2225,10-12,2016,4345.0,1200.0,28.5,3.5625,8,11.0
34.1525,0.2225,10-12,2019,4539.0,1248.0,28.5,3.5625,8,11.0
34.1525,0.2225,10-12,2023,7981.0,2080.0,28.5,3.5625,8,11.0
34.1575,0.2225,4-6,2016,6729.625,1808.0,34.5,4.3125,8,5.0
34.1575,0.2225,4-6,2019,8855.75,2448.0,34.5,4.3125,8,5.0
34.1575,0.2225,4-6,2023,9671.5,2640.0,34.5,4.3125,8,5.0
34.1625,0.2225,0-3,2016,6971.625,1808.0,22.5,2.8125,8,1.5
34.1625,0.2225,0-3,2019,9968.0,2560.0,22.5,2.8125,8,1.5
34.1625,0.2225,0-3,2023,13406.375,3408.0,22.5,2.8125,8,1.5
34.1675,0.2225,0-3,2016,11435.125,2848.0,17.5,2.5,7,1.5
34.1675,0.2225,0-3,2019,15221.375,3600.0,17.5,2.5,7,1.5
34.1675,0.2225,0-3,2023,24050.5,5616.0,17.5,2.5,7,1.5
34.1925,0.2225,0-3,2016,7459.875,1904.0,12.5,2.0833333333333335,6,1.5
34.1925,0.2225,0-3,2019,9663.625,2416.0,12.5,2.0833333333333335,6,1.5
34.1925,0.2225,0-3,2023,13264.5,3232.0,12.5,2.0833333333333335,6,1.5
34.1975,0.2225,0-3,2016,10071.5,2336.0,12.0,1.5,8,1.5
34.1975,0.2225,0-3,2019,13574.75,3168.0,12.0,1.5,8,1.5
34.1975,0.2225,0-3,2023,14050.5,3232.0,12.0,1.5,8,1.5
34.2025,0.2225,0-3,2016,17591.0,4224.0,37.5,4.6875,8,1.5
34.2025,0.2225,0-3,2019,19381.875,4640.0,37.5,4.6875,8,1.5
34.2025,0.2225,0-3,2023,20260.5,4752.0,37.5,4.6875,8,1.5
34.2075,0.2225,13-,2016,9899.375,2592.0,32.0,4.0,8,20.0
34.2075,0.2225,13-,2019,12098.375,3024.0,32.0,4.0,8,20.0
34.2075,0.2225,13-,2023,16415.25,3904.0,32.0,4.0,8,20.0
34.2125,0.2225,7-9,2016,8456.125,2224.0,51.0,6.375,8,8.0
34.2125,0.2225,7-9,2019,9962.25,2560.0,51.0,6.375,8,8.0
34.2125,0.2225,7-9,2023,16789.5,4016.0,51.0,6.375,8,8.0
34.2175,0.2225,4-6,2016,3237.625,912.0,35.5,4.4375,8,5.0
34.2175,0.2225,4-6,2019,7188.625,1904.0,35.5,4.4375,8,5.0
34.2175,0.2225,4-6,2023,9144.75,2288.0,35.5,4.4375,8,5.0
34.2225,0.2225,4-6,2016,4247.375,1184.0,41.0,5.125,8,5.0
34.2225,0.2225,4-6,2019,8576.625,2128.0,41.0,5.125,8,5.0
34.2225,0.2225,4-6,2023,12413.0,3056.0,41.0,5.125,8,5.0
34.2275,0.2225,0-3,2016,12143.875,3056.0,54.0,6.75,8,1.5
34.2275,0.2225,0-3,2019,15809.0,3792.0,54.0,6.75,8,1.5
34.2275,0.2225,0-3,2023,18001.375,4288.0,54.0,6.75,8,1.5
34.2325,0.2225,10-12,2016,7030.0,1760.0,47.5,5.9375,8,11.0
34.2325,0.2225,10-12,2019,9980.375,2416.0,47.5,5.9375,8,11.0
34.2325,0.2225,10-12,2023,13913.375,3472.0,47.5,5.9375,8,11.0
34.2375,0.2225,7-9,2016,4079.75,1008.0,58.5,8.357142857142858,7,8.0
34.2375,0.2225,7-9,2019,5483.0,1424.0,58.5,8.357142857142858,7,8.0
34.2375,0.2225,7-9,2023,7116.625,1696.0,58.5,8.357142857142858,7,8.0
34.2425,0.2225,10-12,2016,19931.75,4736.0,61.0,8.714285714285714,7,11.0
34.2425,0.2225,10-12,2019,27134.5,6192.0,61.0,8.714285714285714,7,11.0
34.2425,0.2225,10-12,2023,34038.5,7600.0,61.0,8.714285714285714,7,11.0
34.2475,0.2225,13-,2016,5785.5,1488.0,49.0,7.0,7,20.0
34.2475,0.2225,13-,2019,11600.0,3056.0,49.0,7.0,7,20.0
34.2475,0.2225,13-,2023,13722.25,3360.0,49.0,7.0,7,20.0
34.2525,0.2225,4-6,2016,14517.875,3520.0,50.5,6.3125,8,5.0
34.2525,0.2225,4-6,2019,23864.75,5472.0,50.5,6.3125,8,5.0
34.2525,0.2225,4-6,2023,28640.875,6032.0,50.5,6.3125,8,5.0
34.2575,0.2225,7-9,2016,7460.875,1936.0,32.0,4.0,8,8.0
34.2575,0.2225,7-9,2019,11761.125,3088.0,32.0,4.0,8,8.0
34.2575,0.2225,7-9,2023,15866.625,3680.0,32.0,4.0,8,8.0
34.2625,0.2225,7-9,2016,8427.5,2064.0,50.5,6.3125,8,8.0
34.2625,0.2225,7-9,2019,12433.625,3248.0,50.5,6.3125,8,8.0
34.2625,0.2225,7-9,2023,20914.0,4784.0,50.5,6.3125,8,8.0
34.2675,0.2225,7-9,2016,17276.25,4336.0,65.5,8.1875,8,8.0
34.2675,0.2225,7-9,2019,22259.0,5552.0,65.5,8.1875,8,8.0
34.2675,0.2225,7-9,2023,30281.375,6800.0,65.5,8.1875,8,8.0
34.2725,0.2225,13-,2016,9332.375,2496.0,60.0,7.5,8,20.0
34.2725,0.2225,13-,2019,11233.25,3072.0,60.0,7.5,8,20.0
34.2725,0.2225,13-,2023,17897.875,4288.0,60.0,7.5,8,20.0
34.2775,0.2225,0-3,2016,3671.625,976.0,56.5,7.0625,8,1.5
34.2775,0.2225,0-3,2019,5806.625,1536.0,56.5,7.0625,8,1.5
34.2775,0.2225,0-3,2023,6096.25,1504.0,56.5,7.0625,8,1.5
34.2825,0.2225,0-3,2016,2728.0,720.0,38.0,4.75,8,1.5
34.2825,0.2225,0-3,2019,3590.375,992.0,38.0,4.75,8,1.5
34.2825,0.2225,0-3,2023,5284.5,1312.0,38.0,4.75,8,1.5
34.2875,0.2225,0-3,2016,5913.625,1536.0,25.0,3.125,8,1.5
34.2875,0.2225,0-3,2019,7991.875,2016.0,25.0,3.125,8,1.5
34.2875,0.2225,0-3,2023,9350.625,2192.0,25.0,3.125,8,1.5
34.2925,0.2225,0-3,2016,4470.875,1248.0,21.5,2.6875,8,1.5
34.2925,0.2225,0-3,2019,6581.75,1696.0,21.5,2.6875,8,1.5
34.2925,0.2225,0-3,2023,9694.75,2384.0,21.5,2.6875,8,1.5
34.2975,0.2225,0-3,2016,954.75,272.0,10.5,1.5,7,1.5
34.2975,0.2225,0-3,2019,1243.625,352.0,10.5,1.5,7,1.5
34.2975,0.2225,0-3,2023,1424.875,384.0,10.5,1.5,7,1.5
34.3025,0.2225,0-3,2016,12160.25,2832.0,35.5,5.071428571428571,7,1.5
34.3025,0.2225,0-3,2019,13611.625,3088.0,35.5,5.071428571428571,7,1.5
34.3025,0.2225,0-3,2023,16527.5,3696.0,35.5,5.071428571428571,7,1.5
34.3075,0.2225,13-,2016,13311.375,3664.0,45.0,6.428571428571429,7,20.0
34.3075,0.2225,13-,2019,18820.375,4880.0,45.0,6.428571428571429,7,20.0
34.3075,0.2225,13-,2023,20286.375,5088.0,45.0,6.428571428571429,7,20.0
34.3125,0.2225,10-12,2016,18378.375,4752.0,65.5,8.1875,8,11.0
34.3125,0.2225,10-12,2019,25933.125,6432.0,65.5,8.1875,8,11.0
34.3125,0.2225,10-12,2023,27308.875,6592.0,65.5,8.1875,8,11.0
34.3175,0.2225,4-6,2016,11961.125,2736.0,87.0,10.875,8,5.0
34.3175,0.2225,4-6,2019,15160.875,3504.0,87.0,10.875,8,5.0
34.3175,0.2225,4-6,2023,18467.625,4160.0,87.0,10.875,8,5.0
34.3225,0.2225,4-6,2016,6214.75,1568.0,72.0,9.0,8,5.0
34.3225,0.2225,4-6,2019,8201.0,2000.0,72.0,9.0,8,5.0
34.3225,0.2225,4-6,2023,12508.625,2800.0,72.0,9.0,8,5.0
34.3275,0.2225,0-3,2016,18319.875,4496.0,90.5,11.3125,8,1.5
34.3275,0.2225,0-3,2019,39578.75,7792.0,90.5,11.3125,8,1.5
34.3275,0.2225,0-3,2023,58142.75,11168.0,90.5,11.3125,8,1.5
34.3325,0.2225,7-9,2016,6168.875,1760.0,68.5,8.5625,8,8.0
34.3325,0.2225,7-9,2019,9349.25,2384.0,68.5,8.5625,8,8.0
34.3325,0.2225,7-9,2023,15061.0,3392.0,68.5,8.5625,8,8.0
34.3375,0.2225,7-9,2016,6011.5,1776.0,80.5,10.0625,8,8.0
34.3375,0.2225,7-9,2019,8550.25,2272.0,80.5,10.0625,8,8.0
34.3375,0.2225,7-9,2023,8354.875,2192.0,80.5,10.0625,8,8.0
34.3425,0.2225,13-,2016,7677.375,2112.0,50.0,6.25,8,20.0
34.3425,0.2225,13-,2019,10523.75,2928.0,50.0,6.25,8,20.0
34.3425,0.2225,13-,2023,13881.125,3408.0,50.0,6.25,8,20.0
34.3475,0.2225,0-3,2016,8850.875,2432.0,63.0,7.875,8,1.5
34.3475,0.2225,0-3,2019,14799.0,3776.0,63.0,7.875,8,1.5
34.3475,0.2225,0-3,2023,14096.0,3376.0,63.0,7.875,8,1.5
34.3525,0.2225,7-9,2016,10893.375,2576.0,31.5,3.9375,8,8.0
34.3525,0.2225,7-9,2019,12877.25,2848.0,31.5,3.9375,8,8.0
34.3525,0.2225,7-9,2023,20278.125,4272.0,31.5,3.9375,8,8.0
34.3575,0.2225,0-3,2016,15670.5,4064.0,47.5,5.9375,8,1.5
34.3575,0.2225,0-3,2019,25381.875,6192.0,47.5,5.9375,8,1.5
34.3575,0.2225,0-3,2023,28506.125,6736.0,47.5,5.9375,8,1.5
34.3625,0.2225,7-9,2016,11752.75,3216.0,32.0,4.0,8,8.0
34.3625,0.2225,7-9,2019,14580.875,3744.0,32.0,4.0,8,8.0
34.3625,0.2225,7-9,2023,18611.125,4592.0,32.0,4.0,8,8.0
34.3675,0.2225,4-6,2016,10491.875,2576.0,66.5,8.3125,8,5.0
34.3675,0.2225,4-6,2019,14263.625,3440.0,66.5,8.3125,8,5.0
34.3675,0.2225,4-6,2023,18132.25,4240.0,66.5,8.3125,8,5.0
34.3725,0.2225,13-,2016,4177.375,1120.0,73.0,9.125,8,20.0
34.3725,0.2225,13-,2019,6035.25,1568.0,73.0,9.125,8,20.0
34.3725,0.2225,13-,2023,8413.375,1968.0,73.0,9.125,8,20.0
34.3775,0.2225,10-12,2016,7422.5,2016.0,84.5,10.5625,8,11.0
34.3775,0.2225,10-12,2019,11577.875,3088.0,84.5,10.5625,8,11.0
34.3775,0.2225,10-12,2023,12644.75,3216.0,84.5,10.5625,8,11.0
34.3825,0.2225,10-12,2016,4973.125,1440.0,51.5,7.357142857142857,7,11.0
34.3825,0.2225,10-12,2019,7379.25,1968.0,51.5,7.357142857142857,7,11.0
34.3825,0.2225,10-12,2023,9697.375,2512.0,51.5,7.357142857142857,7,11.0
34.1175,0.2275,4-6,2016,1355.0,384.0,57.5,11.5,5,5.0
34.1175,0.2275,4-6,2019,2273.125,608.0,57.5,11.5,5,5.0
34.1175,0.2275,4-6,2023,2590.375,704.0,57.5,11.5,5,5.0
34.1225,0.2275,13-,2016,4801.75,1408.0,63.0,7.875,8,20.0
34.1225,0.2275,13-,2019,6607.5,1792.0,63.0,7.875,8,20.0
34.1225,0.2275,13-,2023,6435.125,1824.0,63.0,7.875,8,20.0
34.1275,0.2275,10-12,2016,4777.125,1280.0,78.0,9.75,8,11.0
34.1275,0.2275,10-12,2019,6031.125,1648.0,78.0,9.75,8,11.0
34.1275,0.2275,10-12,2023,8451.5,2272.0,78.0,9.75,8,11.0
34.1325,0.2275,7-9,2016,16743.5,4272.0,34.5,4.3125,8,8.0
34.1325,0.2275,7-9,2019,23427.625,5712.0,34.5,4.3125,8,8.0
34.1325,0.2275,7-9,2023,26135.875,6304.0,34.5,4.3125,8,8.0
34.1375,0.2275,0-3,2016,6235.875,1584.0,25.0,3.125,8,1.5
34.1375,0.2275,0-3,2019,8973.625,2208.0,25.0,3.125,8,1.5
34.1375,0.2275,0-3,2023,9726.0,2464.0,25.0,3.125,8,1.5
34.1425,0.2275,0-3,2016,4043.125,1152.0,12.0,1.5,8,1.5
34.1425,0.2275,0-3,2019,7566.625,2112.0,12.0,1.5,8,1.5
34.1425,0.2275,0-3,2023,7751.25,2128.0,12.0,1.5,8,1.5
34.1475,0.2275,0-3,2016,1529.0,432.0,49.5,6.1875,8,1.5
34.1475,0.2275,0-3,2019,1611.875,464.0,49.5,6.1875,8,1.5
34.1475,0.2275,0-3,2023,2081.5,592.0,49.5,6.1875,8,1.5
34.1525,0.2275,10-12,2016,7545.25,2032.0,47.0,5.875,8,11.0
34.1525,0.2275,10-12,2019,8087.625,2208.0,47.0,5.875,8,11.0
34.1525,0.2275,10-12,2023,9477.25,2496.0,47.0,5.875,8,11.0
34.1575,0.2275,4-6,2016,10575.5,2560.0,53.0,6.625,8,5.0
34.1575,0.2275,4-6,2019,11662.125,2976.0,53.0,6.625,8,5.0
34.1575,0.2275,4-6,2023,15041.25,4016.0,53.0,6.625,8,5.0
34.1625,0.2275,0-3,2016,22877.125,4656.0,19.0,2.375,8,1.5
34.1625,0.2275,0-3,2019,33157.0,6064.0,19.0,2.375,8,1.5
34.1625,0.2275,0-3,2023,33588.875,6304.0,19.0,2.375,8,1.5
34.1675,0.2275,0-3,2016,13959.375,3520.0,17.0,2.4285714285714284,7,1.5
34.1675,0.2275,0-3,2019,17357.5,4400.0,17.0,2.4285714285714284,7,1.5
34.1675,0.2275,0-3,2023,20808.125,5056.0,17.0,2.4285714285714284,7,1.5
34.1725,0.2275,0-3,2016,5805.625,1536.0,19.0,3.1666666666666665,6,1.5
34.1725,0.2275,0-3,2019,7970.625,2064.0,19.0,3.1666666666666665,6,1.5
34.1725,0.2275,0-3,2023,9524.625,2368.0,19.0,3.1666666666666665,6,1.5
34.1775,0.2275,0-3,2016,1240.875,368.0,42.5,8.5,5,1.5
34.1775,0.2275,0-3,2019,1675.25,448.0,42.5,8.5,5,1.5
34.1775,0.2275,0-3,2023,1752.75,464.0,42.5,8.5,5,1.5
34.1825,0.2275,13-,2016,7405.5,1904.0,39.5,7.9,5,20.0
34.1825,0.2275,13-,2019,11154.125,2976.0,39.5,7.9,5,20.0
34.1825,0.2275,13-,2023,12879.75,3376.0,39.5,7.9,5,20.0
34.1875,0.2275,4-6,2016,3292.125,928.0,52.5,8.75,6,5.0
34.1875,0.2275,4-6,2019,7954.875,1760.0,52.5,8.75,6,5.0
34.1875,0.2275,4-6,2023,8196.75,1808.0,52.5,8.75,6,5.0
34.1925,0.2275,0-3,2016,6124.125,1712.0,32.5,4.642857142857143,7,1.5
34.1925,0.2275,0-3,2019,6823.25,1888.0,32.5,4.642857142857143,7,1.5
34.1925,0.2275,0-3,2023,10389.625,2688.0,32.5,4.642857142857143,7,1.5
34.1975,0.2275,0-3,2016,8562.625,2224.0,12.0,1.5,8,1.5
34.1975,0.2275,0-3,2019,12109.375,3072.0,12.0,1.5,8,1.5
34.1975,0.2275,0-3,2023,15692.5,3920.0,12.0,1.5,8,1.5
34.2025,0.2275,0-3,2016,5408.25,1392.0,52.5,6.5625,8,1.5
34.2025,0.2275,0-3,2019,6474.625,1696.0,52.5,6.5625,8,1.5
34.2025,0.2275,0-3,2023,11478.75,2816.0,52.5,6.5625,8,1.5
34.2075,0.2275,4-6,2016,2496.375,688.0,74.0,9.25,8,5.0
34.2075,0.2275,4-6,2019,3288.375,912.0,74.0,9.25,8,5.0
34.2075,0.2275,4-6,2023,3420.0,960.0,74.0,9.25,8,5.0
34.2125,0.2275,0-3,2016,9764.5,2480.0,84.5,10.5625,8,1.5
34.2125,0.2275,0-3,2019,15071.5,3584.0,84.5,10.5625,8,1.5
34.2125,0.2275,0-3,2023,17989.375,4352.0,84.5,10.5625,8,1.5
34.2175,0.2275,0-3,2016,7378.875,1984.0,51.0,6.375,8,1.5
34.2175,0.2275,0-3,2019,8328.625,2208.0,51.0,6.375,8,1.5
34.2175,0.2275,0-3,2023,14794.875,3632.0,51.0,6.375,8,1.5
34.2225,0.2275,0-3,2016,3079.625,784.0,29.5,3.6875,8,1.5
34.2225,0.2275,0-3,2019,4275.0,1072.0,29.5,3.6875,8,1.5
34.2225,0.2275,0-3,2023,7122.0,1808.0,29.5,3.6875,8,1.5
34.2275,0.2275,0-3,2016,7097.75,1808.0,35.5,4.4375,8,1.5
34.2275,0.2275,0-3,2019,11849.625,2976.0,35.5,4.4375,8,1.5
34.2275,0.2275,0-3,2023,14466.5,3616.0,35.5,4.4375,8,1.5
34.2325,0.2275,4-6,2016,7955.5,2112.0,38.5,4.8125,8,5.0
34.2325,0.2275,4-6,2019,14584.625,3616.0,38.5,4.8125,8,5.0
34.2325,0.2275,4-6,2023,17148.625,4208.0,38.5,4.8125,8,5.0
34.2375,0.2275,4-6,2016,7296.125,1760.0,63.0,7.875,8,5.0
34.2375,0.2275,4-6,2019,8630.0,2128.0,63.0,7.875,8,5.0
34.2375,0.2275,4-6,2023,10290.875,2448.0,63.0,7.875,8,5.0
34.2425,0.2275,13-,2016,20258.75,4768.0,53.5,6.6875,8,20.0
34.2425,0.2275,13-,2019,25917.0,5968.0,53.5,6.6875,8,20.0
34.2425,0.2275,13-,2023,27840.125,6048.0,53.5,6.6875,8,20.0
34.2475,0.2275,0-3,2016,16546.125,4016.0,62.0,7.75,8,1.5
34.2475,0.2275,0-3,2019,19495.875,4560.0,62.0,7.75,8,1.5
34.2475,0.2275,0-3,2023,27286.0,6080.0,62.0,7.75,8,1.5
34.2525,0.2275,0-3,2016,16152.25,3632.0,47.0,5.875,8,1.5
34.2525,0.2275,0-3,2019,25642.375,5904.0,47.0,5.875,8,1.5
34.2525,0.2275,0-3,2023,30737.75,6752.0,47.0,5.875,8,1.5
34.2575,0.2275,7-9,2016,9620.875,2512.0,28.5,3.5625,8,8.0
34.2575,0.2275,7-9,2019,15336.125,3728.0,28.5,3.5625,8,8.0
34.2575,0.2275,7-9,2023,17004.375,4048.0,28.5,3.5625,8,8.0
34.2625,0.2275,0-3,2016,5296.625,1440.0,54.0,6.75,8,1.5
34.2625,0.2275,0-3,2019,7493.75,1968.0,54.0,6.75,8,1.5
34.2625,0.2275,0-3,2023,9286.125,2208.0,54.0,6.75,8,1.5
34.2675,0.2275,10-12,2016,16370.25,4080.0,63.0,7.875,8,11.0
34.2675,0.2275,10-12,2019,23382.25,5472.0,63.0,7.875,8,11.0
34.2675,0.2275,10-12,2023,30193.5,7040.0,63.0,7.875,8,11.0
34.2725,0.2275,10-12,2016,13186.0,3504.0,60.0,7.5,8,11.0
34.2725,0.2275,10-12,2019,18108.25,4560.0,60.0,7.5,8,11.0
34.2725,0.2275,10-12,2023,21635.5,5024.0,60.0,7.5,8,11.0
34.2775,0.2275,4-6,2016,4158.625,1088.0,50.5,6.3125,8,5.0
34.2775,0.2275,4-6,2019,6804.0,1872.0,50.5,6.3125,8,5.0
34.2775,0.2275,4-6,2023,12968.5,2912.0,50.5,6.3125,8,5.0
34.2825,0.2275,4-6,2016,9179.875,2400.0,28.5,3.5625,8,5.0
34.2825,0.2275,4-6,2019,12428.625,3312.0,28.5,3.5625,8,5.0
34.2825,0.2275,4-6,2023,18433.375,4720.0,28.5,3.5625,8,5.0
34.2875,0.2275,10-12,2016,4695.25,1344.0,17.5,2.5,7,11.0
34.2875,0.2275,10-12,2019,8010.25,2112.0,17.5,2.5,7,11.0
34.2875,0.2275,10-12,2023,10802.25,2592.0,17.5,2.5,7,11.0
34.2925,0.2275,0-3,2016,1542.125,400.0,18.5,3.0833333333333335,6,1.5
34.2925,0.2275,0-3,2019,2494.0,624.0,18.5,3.0833333333333335,6,1.5
34.2925,0.2275,0-3,2023,3039.875,752.0,18.5,3.0833333333333335,6,1.5
34.2975,0.2275,0-3,2016,1414.875,400.0,7.5,1.5,5,1.5
34.2975,0.2275,0-3,2019,2527.625,656.0,7.5,1.5,5,1.5
34.2975,0.2275,0-3,2023,2361.25,592.0,7.5,1.5,5,1.5
34.3075,0.2275,0-3,2016,8971.125,2400.0,38.5,5.5,7,1.5
34.3075,0.2275,0-3,2019,12347.25,3168.0,38.5,5.5,7,1.5
34.3075,0.2275,0-3,2023,13570.0,3296.0,38.5,5.5,7,1.5
34.3125,0.2275,0-3,2016,8605.25,2320.0,43.5,5.4375,8,1.5
34.3125,0.2275,0-3,2019,12433.0,3136.0,43.5,5.4375,8,1.5
34.3125,0.2275,0-3,2023,14679.375,3584.0,43.5,5.4375,8,1.5
34.3175,0.2275,0-3,2016,19249.25,4384.0,53.5,6.6875,8,1.5
34.3175,0.2275,0-3,2019,25815.625,5632.0,53.5,6.6875,8,1.5
34.3175,0.2275,0-3,2023,34717.625,7328.0,53.5,6.6875,8,1.5
34.3225,0.2275,13-,2016,15951.375,3952.0,50.5,6.3125,8,20.0
34.3225,0.2275,13-,2019,19544.75,4640.0,50.5,6.3125,8,20.0
34.3225,0.2275,13-,2023,24724.875,5760.0,50.5,6.3125,8,20.0
34.3275,0.2275,7-9,2016,13476.0,3712.0,65.5,8.1875,8,8.0
34.3275,0.2275,7-9,2019,18412.5,4928.0,65.5,8.1875,8,8.0
34.3275,0.2275,7-9,2023,23514.875,6064.0,65.5,8.1875,8,8.0
34.3325,0.2275,0-3,2016,8749.375,2560.0,50.0,6.25,8,1.5
34.3325,0.2275,0-3,2019,11966.125,3136.0,50.0,6.25,8,1.5
34.3325,0.2275,0-3,2023,20273.125,5152.0,50.0,6.25,8,1.5
34.3375,0.2275,0-3,2016,7199.75,2064.0,43.5,5.4375,8,1.5
34.3375,0.2275,0-3,2019,10692.75,2832.0,43.5,5.4375,8,1.5
34.3375,0.2275,0-3,2023,12475.375,3328.0,43.5,5.4375,8,1.5
34.3425,0.2275,0-3,2016,1799.375,528.0,50.0,6.25,8,1.5
34.3425,0.2275,0-3,2019,2585.875,768.0,50.0,6.25,8,1.5
34.3425,0.2275,0-3,2023,3923.25,1008.0,50.0,6.25,8,1.5
34.3475,0.2275,7-9,2016,16586.0,4080.0,53.5,6.6875,8,8.0
34.3475,0.2275,7-9,2019,23145.625,5440.0,53.5,6.6875,8,8.0
34.3475,0.2275,7-9,2023,26145.5,5776.0,53.5,6.6875,8,8.0
34.3525,0.2275,4-6,2016,10093.125,2560.0,38.0,4.75,8,5.0
34.3525,0.2275,4-6,2019,12280.625,2960.0,38.0,4.75,8,5.0
34.3525,0.2275,4-6,2023,19897.625,4336.0,38.0,4.75,8,5.0
34.3575,0.2275,0-3,2016,9964.875,2448.0,44.5,5.5625,8,1.5
34.3575,0.2275,0-3,2019,14408.0,3504.0,44.5,5.5625,8,1.5
34.3575,0.2275,0-3,2023,18952.25,4272.0,44.5,5.5625,8,1.5
34.3625,0.2275,10-12,2016,14213.25,3168.0,25.5,3.1875,8,11.0
34.3625,0.2275,10-12,2019,17301.875,4000.0,25.5,3.1875,8,11.0
34.3625,0.2275,10-12,2023,23208.375,5232.0,25.5,3.1875,8,11.0
34.3675,0.2275,4-6,2016,6148.625,1760.0,72.0,9.0,8,5.0
34.3675,0.2275,4-6,2019,8058.875,2208.0,72.0,9.0,8,5.0
34.3675,0.2275,4-6,2023,10322.25,2704.0,72.0,9.0,8,5.0
34.3725,0.2275,4-6,2016,3639.5,1008.0,102.5,12.8125,8,5.0
34.3725,0.2275,4-6,2019,5192.5,1360.0,102.5,12.8125,8,5.0
34.3725,0.2275,4-6,2023,5690.125,1376.0,102.5,12.8125,8,5.0
34.3775,0.2275,13-,2016,7042.75,1936.0,93.5,11.6875,8,20.0
34.3775,0.2275,13-,2019,8679.625,2368.0,93.5,11.6875,8,20.0
34.3775,0.2275,13-,2023,10091.0,2672.0,93.5,11.6875,8,20.0
34.3825,0.2275,4-6,2016,4443.75,1136.0,66.5,9.5,7,5.0
34.3825,0.2275,4-6,2019,4859.0,1280.0,66.5,9.5,7,5.0
34.3825,0.2275,4-6,2023,7198.375,1728.0,66.5,9.5,7,5.0
34.3875,0.2275,0-3,2016,4390.375,1184.0,20.5,4.1,5,1.5
34.3875,0.2275,0-3,2019,6979.875,1728.0,20.5,4.1,5,1.5
34.3875,0.2275,0-3,2023,9418.5,2416.0,20.5,4.1,5,1.5
34.1175,0.2325,4-6,2016,2208.625,576.0,49.0,9.8,5,5.0
34.1175,0.2325,4-6,2019,3337.125,880.0,49.0,9.8,5,5.0
34.1175,0.2325,4-6,2023,3457.125,960.0,49.0,9.8,5,5.0
34.1225,0.2325,10-12,2016,6523.375,1856.0,66.5,8.3125,8,11.0
34.1225,0.2325,10-12,2019,9969.0,2640.0,66.5,8.3125,8,11.0
34.1225,0.2325,10-12,2023,9901.875,2704.0,66.5,8.3125,8,11.0
34.1275,0.2325,0-3,2016,5046.375,1248.0,75.5,9.4375,8,1.5
34.1275,0.2325,0-3,2019,5877.875,1520.0,75.5,9.4375,8,1.5
34.1275,0.2325,0-3,2023,5593.375,1488.0,75.5,9.4375,8,1.5
34.1325,0.2325,0-3,2016,7381.5,1856.0,44.0,5.5,8,1.5
34.1325,0.2325,0-3,2019,14171.5,3168.0,44.0,5.5,8,1.5
34.1325,0.2325,0-3,2023,14665.125,3440.0,44.0,5.5,8,1.5
34.1375,0.2325,0-3,2016,4926.5,1216.0,31.5,3.9375,8,1.5
34.1375,0.2325,0-3,2019,6209.375,1552.0,31.5,3.9375,8,1.5
34.1375,0.2325,0-3,2023,7377.625,1808.0,31.5,3.9375,8,1.5
34.1425,0.2325,0-3,2016,1666.75,496.0,37.0,4.625,8,1.5
34.1425,0.2325,0-3,2019,2382.5,720.0,37.0,4.625,8,1.5
34.1425,0.2325,0-3,2023,4228.5,1120.0,37.0,4.625,8,1.5
34.1475,0.2325,0-3,2016,1605.625,432.0,71.5,8.9375,8,1.5
34.1475,0.2325,0-3,2019,1792.5,528.0,71.5,8.9375,8,1.5
34.1475,0.2325,0-3,2023,2135.0,576.0,71.5,8.9375,8,1.5
34.1525,0.2325,13-,2016,6224.875,1632.0,53.5,6.6875,8,20.0
34.1525,0.2325,13-,2019,9009.625,2384.0,53.5,6.6875,8,20.0
34.1525,0.2325,13-,2023,7624.125,2000.0,53.5,6.6875,8,20.0
34.1575,0.2325,0-3,2016,4115.5,1104.0,53.5,6.6875,8,1.5
34.1575,0.2325,0-3,2019,6346.25,1712.0,53.5,6.6875,8,1.5
34.1575,0.2325,0-3,2023,7285.5,1872.0,53.5,6.6875,8,1.5
34.1625,0.2325,0-3,2016,7837.875,1920.0,19.0,2.375,8,1.5
34.1625,0.2325,0-3,2019,10114.5,2480.0,19.0,2.375,8,1.5
34.1625,0.2325,0-3,2023,12435.25,2976.0,19.0,2.375,8,1.5
34.1675,0.2325,0-3,2016,8633.25,2064.0,28.0,3.5,8,1.5
34.1675,0.2325,0-3,2019,10754.375,2688.0,28.0,3.5,8,1.5
34.1675,0.2325,0-3,2023,16897.625,4032.0,28.0,3.5,8,1.5
34.1725,0.2325,7-9,2016,10637.0,2608.0,23.5,3.357142857142857,7,8.0
34.1725,0.2325,7-9,2019,14180.625,3712.0,23.5,3.357142857142857,7,8.0
34.1725,0.2325,7-9,2023,15168.5,3664.0,23.5,3.357142857142857,7,8.0
34.1775,0.2325,4-6,2016,1923.375,576.0,51.5,7.357142857142857,7,5.0
34.1775,0.2325,4-6,2019,3062.5,864.0,51.5,7.357142857142857,7,5.0
34.1775,0.2325,4-6,2023,3543.0,1008.0,51.5,7.357142857142857,7,5.0
34.1825,0.2325,7-9,2016,5693.625,1568.0,54.5,7.785714285714286,7,8.0
34.1825,0.2325,7-9,2019,7401.875,2032.0,54.5,7.785714285714286,7,8.0
34.1825,0.2325,7-9,2023,8972.875,2384.0,54.5,7.785714285714286,7,8.0
34.1875,0.2325,13-,2016,8007.875,2176.0,40.5,5.0625,8,20.0
34.1875,0.2325,13-,2019,10991.0,3088.0,40.5,5.0625,8,20.0
34.1875,0.2325,13-,2023,14076.0,3680.0,40.5,5.0625,8,20.0
34.1925,0.2325,0-3,2016,3684.625,976.0,34.0,4.25,8,1.5
34.1925,0.2325,0-3,2019,3668.375,1008.0,34.0,4.25,8,1.5
34.1925,0.2325,0-3,2023,5517.125,1424.0,34.0,4.25,8,1.5
34.1975,0.2325,0-3,2016,4264.5,1152.0,12.0,1.5,8,1.5
34.1975,0.2325,0-3,2019,6474.5,1600.0,12.0,1.5,8,1.5
34.1975,0.2325,0-3,2023,7464.625,1792.0,12.0,1.5,8,1.5
34.2025,0.2325,0-3,2016,6138.875,1440.0,43.5,5.4375,8,1.5
34.2025,0.2325,0-3,2019,7800.375,1888.0,43.5,5.4375,8,1.5
34.2025,0.2325,0-3,2023,8885.125,1952.0,43.5,5.4375,8,1.5
34.2075,0.2325,13-,2016,6702.75,1840.0,62.0,7.75,8,20.0
34.2075,0.2325,13-,2019,8938.125,2320.0,62.0,7.75,8,20.0
34.2075,0.2325,13-,2023,9059.125,2336.0,62.0,7.75,8,20.0
34.2125,0.2325,13-,2016,8384.875,2080.0,69.0,8.625,8,20.0
34.2125,0.2325,13-,2019,13189.875,3184.0,69.0,8.625,8,20.0
34.2125,0.2325,13-,2023,14017.75,3360.0,69.0,8.625,8,20.0
34.2175,0.2325,4-6,2016,19396.375,4096.0,65.5,8.1875,8,5.0
34.2175,0.2325,4-6,2019,22821.625,4752.0,65.5,8.1875,8,5.0
34.2175,0.2325,4-6,2023,31386.875,6304.0,65.5,8.1875,8,5.0
34.2225,0.2325,4-6,2016,10984.0,2672.0,32.0,4.0,8,5.0
34.2225,0.2325,4-6,2019,10762.875,2688.0,32.0,4.0,8,5.0
34.2225,0.2325,4-6,2023,14676.125,3504.0,32.0,4.0,8,5.0
34.2275,0.2325,4-6,2016,4159.0,1136.0,27.0,3.857142857142857,7,5.0
34.2275,0.2325,4-6,2019,6845.125,1888.0,27.0,3.857142857142857,7,5.0
34.2275,0.2325,4-6,2023,9435.5,2288.0,27.0,3.857142857142857,7,5.0
34.2325,0.2325,0-3,2016,10067.25,2608.0,28.0,4.0,7,1.5
34.2325,0.2325,0-3,2019,12938.25,3264.0,28.0,4.0,7,1.5
34.2325,0.2325,0-3,2023,17146.375,4080.0,28.0,4.0,7,1.5
34.2375,0.2325,4-6,2016,11030.375,2864.0,39.5,5.642857142857143,7,5.0
34.2375,0.2325,4-6,2019,14884.125,3760.0,39.5,5.642857142857143,7,5.0
34.2375,0.2325,4-6,2023,17816.0,4288.0,39.5,5.642857142857143,7,5.0
34.2425,0.2325,0-3,2016,7794.75,2096.0,41.0,5.125,8,1.5
34.2425,0.2325,0-3,2019,9580.375,2560.0,41.0,5.125,8,1.5
34.2425,0.2325,0-3,2023,12544.625,3248.0,41.0,5.125,8,1.5
34.2475,0.2325,0-3,2016,6937.375,1920.0,30.5,3.8125,8,1.5
34.2475,0.2325,0-3,2019,13875.875,3328.0,30.5,3.8125,8,1.5
34.2475,0.2325,0-3,2023,17761.75,4256.0,30.5,3.8125,8,1.5
34.2525,0.2325,0-3,2016,15576.375,3680.0,18.5,2.3125,8,1.5
34.2525,0.2325,0-3,2019,18673.375,4560.0,18.5,2.3125,8,1.5
34.2525,0.2325,0-3,2023,21506.25,4912.0,18.5,2.3125,8,1.5
34.2575,0.2325,0-3,2016,8965.5,2288.0,18.5,2.3125,8,1.5
34.2575,0.2325,0-3,2019,13352.25,3328.0,18.5,2.3125,8,1.5
34.2575,0.2325,0-3,2023,19407.25,4432.0,18.5,2.3125,8,1.5
34.2625,0.2325,0-3,2016,8651.125,2272.0,53.0,6.625,8,1.5
34.2625,0.2325,0-3,2019,11495.5,3072.0,53.0,6.625,8,1.5
34.2625,0.2325,0-3,2023,12362.0,3152.0,53.0,6.625,8,1.5
34.2675,0.2325,7-9,2016,7003.5,1776.0,62.5,7.8125,8,8.0
34.2675,0.2325,7-9,2019,9941.25,2512.0,62.5,7.8125,8,8.0
34.2675,0.2325,7-9,2023,13625.0,3328.0,62.5,7.8125,8,8.0
34.2725,0.2325,4-6,2016,7309.125,1920.0,69.0,8.625,8,5.0
34.2725,0.2325,4-6,2019,8943.25,2304.0,69.0,8.625,8,5.0
34.2725,0.2325,4-6,2023,12459.75,3040.0,69.0,8.625,8,5.0
34.2775,0.2325,0-3,2016,6773.5,1824.0,45.0,5.625,8,1.5
34.2775,0.2325,0-3,2019,11389.5,2928.0,45.0,5.625,8,1.5
34.2775,0.2325,0-3,2023,13025.875,3280.0,45.0,5.625,8,1.5
34.2825,0.2325,4-6,2016,7665.75,2128.0,28.5,3.5625,8,5.0
34.2825,0.2325,4-6,2019,12167.0,3088.0,28.5,3.5625,8,5.0
34.2825,0.2325,4-6,2023,16586.875,4016.0,28.5,3.5625,8,5.0
34.2875,0.2325,0-3,2016,7439.875,1968.0,27.0,3.857142857142857,7,1.5
34.2875,0.2325,0-3,2019,11274.5,3008.0,27.0,3.857142857142857,7,1.5
34.2875,0.2325,0-3,2023,12726.75,3136.0,27.0,3.857142857142857,7,1.5
34.3025,0.2325,0-3,2016,168.5,64.0,6.0,1.5,4,1.5
34.3025,0.2325,0-3,2019,164.0,48.0,6.0,1.5,4,1.5
34.3025,0.2325,0-3,2023,914.5,240.0,6.0,1.5,4,1.5
34.3075,0.2325,0-3,2016,4925.75,1376.0,9.0,1.5,6,1.5
34.3075,0.2325,0-3,2019,5325.0,1392.0,9.0,1.5,6,1.5
34.3075,0.2325,0-3,2023,7565.75,1824.0,9.0,1.5,6,1.5
34.3125,0.2325,0-3,2016,7497.875,2000.0,10.5,1.5,7,1.5
34.3125,0.2325,0-3,2019,14015.5,3568.0,10.5,1.5,7,1.5
34.3125,0.2325,0-3,2023,16703.0,4128.0,10.5,1.5,7,1.5
34.3175,0.2325,0-3,2016,11240.125,2832.0,35.5,5.071428571428571,7,1.5
34.3175,0.2325,0-3,2019,14051.25,3424.0,35.5,5.071428571428571,7,1.5
34.3175,0.2325,0-3,2023,15975.875,4000.0,35.5,5.071428571428571,7,1.5
34.3225,0.2325,7-9,2016,5448.625,1488.0,54.0,7.714285714285714,7,8.0
34.3225,0.2325,7-9,2019,6922.0,1856.0,54.0,7.714285714285714,7,8.0
34.3225,0.2325,7-9,2023,7174.25,1904.0,54.0,7.714285714285714,7,8.0
34.3275,0.2325,13-,2016,6558.75,1920.0,43.5,5.4375,8,20.0
34.3275,0.2325,13-,2019,10561.75,2896.0,43.5,5.4375,8,20.0
34.3275,0.2325,13-,2023,9667.625,2576.0,43.5,5.4375,8,20.0
34.3325,0.2325,0-3,2016,5079.25,1440.0,37.0,4.625,8,1.5
34.3325,0.2325,0-3,2019,6728.75,1776.0,37.0,4.625,8,1.5
34.3325,0.2325,0-3,2023,11707.75,3120.0,37.0,4.625,8,1.5
34.3375,0.2325,0-3,2016,3409.25,1008.0,10.5,1.5,7,1.5
34.3375,0.2325,0-3,2019,5308.25,1408.0,10.5,1.5,7,1.5
34.3375,0.2325,0-3,2023,6721.25,1728.0,10.5,1.5,7,1.5
34.3425,0.2325,0-3,2016,4903.0,1376.0,23.5,3.357142857142857,7,1.5
34.3425,0.2325,0-3,2019,10202.0,2640.0,23.5,3.357142857142857,7,1.5
34.3425,0.2325,0-3,2023,9495.25,2400.0,23.5,3.357142857142857,7,1.5
34.3475,0.2325,7-9,2016,14978.75,4048.0,27.0,3.857142857142857,7,8.0
34.3475,0.2325,7-9,2019,17338.875,4480.0,27.0,3.857142857142857,7,8.0
34.3475,0.2325,7-9,2023,20922.75,5312.0,27.0,3.857142857142857,7,8.0
34.3525,0.2325,7-9,2016,7650.625,2112.0,27.0,3.857142857142857,7,8.0
34.3525,0.2325,7-9,2019,11918.375,3040.0,27.0,3.857142857142857,7,8.0
34.3525,0.2325,7-9,2023,15244.0,3584.0,27.0,3.857142857142857,7,8.0
34.3575,0.2325,0-3,2016,7625.625,1808.0,30.0,4.285714285714286,7,1.5
34.3575,0.2325,0-3,2019,9472.0,2288.0,30.0,4.285714285714286,7,1.5
34.3575,0.2325,0-3,2023,10909.375,2720.0,30.0,4.285714285714286,7,1.5
34.3625,0.2325,0-3,2016,7880.5,1632.0,42.0,6.0,7,1.5
34.3625,0.2325,0-3,2019,11205.375,2384.0,42.0,6.0,7,1.5
34.3625,0.2325,0-3,2023,15172.625,3120.0,42.0,6.0,7,1.5
34.3675,0.2325,0-3,2016,4570.125,1152.0,65.5,8.1875,8,1.5
34.3675,0.2325,0-3,2019,5014.5,1296.0,65.5,8.1875,8,1.5
34.3675,0.2325,0-3,2023,5577.875,1312.0,65.5,8.1875,8,1.5
34.3725,0.2325,13-,2016,9427.0,2512.0,74.5,9.3125,8,20.0
34.3725,0.2325,13-,2019,10956.0,2992.0,74.5,9.3125,8,20.0
34.3725,0.2325,13-,2023,14228.0,3648.0,74.5,9.3125,8,20.0
34.3775,0.2325,13-,2016,10977.75,2752.0,74.5,9.3125,8,20.0
34.3775,0.2325,13-,2019,14835.875,3632.0,74.5,9.3125,8,20.0
34.3775,0.2325,13-,2023,15784.0,3808.0,74.5,9.3125,8,20.0
34.3825,0.2325,0-3,2016,6289.75,1760.0,71.0,8.875,8,1.5
34.3825,0.2325,0-3,2019,9041.75,2384.0,71.0,8.875,8,1.5
34.3825,0.2325,0-3,2023,8871.625,2192.0,71.0,8.875,8,1.5
34.3875,0.2325,0-3,2016,3341.625,864.0,32.5,4.642857142857143,7,1.5
34.3875,0.2325,0-3,2019,4550.625,1200.0,32.5,4.642857142857143,7,1.5
34.3875,0.2325,0-3,2023,5579.625,1376.0,32.5,4.642857142857143,7,1.5
34.3925,0.2325,0-3,2016,3081.125,880.0,12.5,2.0833333333333335,6,1.5
34.3925,0.2325,0-3,2019,3626.0,976.0,12.5,2.0833333333333335,6,1.5
34.3925,0.2325,0-3,2023,4909.125,1264.0,12.5,2.0833333333333335,6,1.5
34.3975,0.2325,0-3,2016,2367.25,576.0,9.5,2.375,4,1.5
34.3975,0.2325,0-3,2019,3129.75,768.0,9.5,2.375,4,1.5
34.3975,0.2325,0-3,2023,3821.5,944.0,9.5,2.375,4,1.5
34.1175,0.2375,7-9,2016,5564.625,1312.0,26.0,6.5,4,8.0
34.1175,0.2375,7-9,2019,6881.625,1712.0,26.0,6.5,4,8.0
34.1175,0.2375,7-9,2023,7947.375,2016.0,26.0,6.5,4,8.0
34.1225,0.2375,4-6,2016,9505.25,2256.0,46.5,6.642857142857143,7,5.0
34.1225,0.2375,4-6,2019,13842.375,3328.0,46.5,6.642857142857143,7,5.0
34.1225,0.2375,4-6,2023,16533.75,3984.0,46.5,6.642857142857143,7,5.0
34.1275,0.2375,10-12,2016,6155.125,1680.0,48.0,6.0,8,11.0
34.1275,0.2375,10-12,2019,7808.375,2128.0,48.0,6.0,8,11.0
34.1275,0.2375,10-12,2023,8230.375,2160.0,48.0,6.0,8,11.0
34.1325,0.2375,7-9,2016,3011.625,848.0,44.0,5.5,8,8.0
34.1325,0.2375,7-9,2019,3851.375,1072.0,44.0,5.5,8,8.0
34.1325,0.2375,7-9,2023,4631.125,1264.0,44.0,5.5,8,8.0
34.1375,0.2375,0-3,2019,155.0,48.0,53.5,6.6875,8,1.5
34.1375,0.2375,0-3,2023,38.625,16.0,53.5,6.6875,8,1.5
34.1425,0.2375,7-9,2016,2575.875,736.0,56.0,7.0,8,8.0
34.1425,0.2375,7-9,2019,3392.25,1024.0,56.0,7.0,8,8.0
34.1425,0.2375,7-9,2023,3468.0,992.0,56.0,7.0,8,8.0
34.1475,0.2375,13-,2016,7341.375,1856.0,59.5,7.4375,8,20.0
34.1475,0.2375,13-,2019,9867.0,2640.0,59.5,7.4375,8,20.0
34.1475,0.2375,13-,2023,10849.25,2864.0,59.5,7.4375,8,20.0
34.1525,0.2375,7-9,2016,5151.0,1392.0,62.5,7.8125,8,8.0
34.1525,0.2375,7-9,2019,5896.875,1648.0,62.5,7.8125,8,8.0
34.1525,0.2375,7-9,2023,6293.875,1744.0,62.5,7.8125,8,8.0
34.1575,0.2375,4-6,2016,6021.625,1584.0,39.0,5.571428571428571,7,5.0
34.1575,0.2375,4-6,2019,6104.25,1648.0,39.0,5.571428571428571,7,5.0
34.1575,0.2375,4-6,2023,11014.25,2464.0,39.0,5.571428571428571,7,5.0
34.1625,0.2375,0-3,2016,5401.0,1440.0,21.0,3.0,7,1.5
34.1625,0.2375,0-3,2019,9798.125,2496.0,21.0,3.0,7,1.5
34.1625,0.2375,0-3,2023,11365.375,2912.0,21.0,3.0,7,1.5
34.1675,0.2375,0-3,2016,14631.875,3456.0,48.5,6.928571428571429,7,1.5
34.1675,0.2375,0-3,2019,19066.5,4224.0,48.5,6.928571428571429,7,1.5
34.1675,0.2375,0-3,2023,21576.375,5056.0,48.5,6.928571428571429,7,1.5
34.1725,0.2375,10-12,2016,6879.625,1920.0,41.0,6.833333333333333,6,11.0
34.1725,0.2375,10-12,2019,15277.5,3632.0,41.0,6.833333333333333,6,11.0
34.1725,0.2375,10-12,2023,17186.375,4016.0,41.0,6.833333333333333,6,11.0
34.1825,0.2375,0-3,2016,5121.125,1392.0,37.5,6.25,6,1.5
34.1825,0.2375,0-3,2019,7875.875,2080.0,37.5,6.25,6,1.5
34.1825,0.2375,0-3,2023,10486.0,2800.0,37.5,6.25,6,1.5
34.1875,0.2375,0-3,2016,18561.25,4592.0,37.0,4.625,8,1.5
34.1875,0.2375,0-3,2019,27305.625,6224.0,37.0,4.625,8,1.5
34.1875,0.2375,0-3,2023,28372.25,6704.0,37.0,4.625,8,1.5
34.1925,0.2375,0-3,2016,10296.875,2592.0,34.0,4.25,8,1.5
34.1925,0.2375,0-3,2019,13828.25,3328.0,34.0,4.25,8,1.5
34.1925,0.2375,0-3,2023,15375.875,3728.0,34.0,4.25,8,1.5
34.1975,0.2375,0-3,2016,2079.25,528.0,34.0,4.25,8,1.5
34.1975,0.2375,0-3,2019,3640.0,896.0,34.0,4.25,8,1.5
34.1975,0.2375,0-3,2023,4833.25,1184.0,34.0,4.25,8,1.5
34.2025,0.2375,0-3,2016,927.125,288.0,62.0,7.75,8,1.5
34.2025,0.2375,0-3,2019,1178.875,336.0,62.0,7.75,8,1.5
34.2025,0.2375,0-3,2023,1767.5,464.0,62.0,7.75,8,1.5
34.2075,0.2375,10-12,2016,5244.125,1408.0,92.5,11.5625,8,11.0
34.2075,0.2375,10-12,2019,6074.25,1584.0,92.5,11.5625,8,11.0
34.2075,0.2375,10-12,2023,6397.625,1616.0,92.5,11.5625,8,11.0
34.2125,0.2375,13-,2016,5940.75,1600.0,78.5,9.8125,8,20.0
34.2125,0.2375,13-,2019,8116.625,2128.0,78.5,9.8125,8,20.0
34.2125,0.2375,13-,2023,9810.875,2576.0,78.5,9.8125,8,20.0
34.2175,0.2375,4-6,2016,8899.625,2240.0,97.0,12.125,8,5.0
34.2175,0.2375,4-6,2019,12892.5,3152.0,97.0,12.125,8,5.0
34.2175,0.2375,4-6,2023,17012.5,3920.0,97.0,12.125,8,5.0
34.2225,0.2375,10-12,2016,7760.75,1952.0,51.0,6.375,8,11.0
34.2225,0.2375,10-12,2019,9614.875,2464.0,51.0,6.375,8,11.0
34.2225,0.2375,10-12,2023,12350.125,3024.0,51.0,6.375,8,11.0
34.2275,0.2375,0-3,2016,4027.5,944.0,45.5,6.5,7,1.5
34.2275,0.2375,0-3,2019,5817.75,1408.0,45.5,6.5,7,1.5
34.2275,0.2375,0-3,2023,11168.875,2560.0,45.5,6.5,7,1.5
34.2375,0.2375,4-6,2016,9427.0,2496.0,14.0,2.0,7,5.0
34.2375,0.2375,4-6,2019,12346.75,3152.0,14.0,2.0,7,5.0
34.2375,0.2375,4-6,2023,14767.75,3552.0,14.0,2.0,7,5.0
34.2425,0.2375,0-3,2016,3057.125,800.0,19.0,2.375,8,1.5
34.2425,0.2375,0-3,2019,3918.875,976.0,19.0,2.375,8,1.5
34.2425,0.2375,0-3,2023,3935.125,1008.0,19.0,2.375,8,1.5
34.2475,0.2375,0-3,2016,4545.25,1232.0,12.0,1.5,8,1.5
34.2475,0.2375,0-3,2019,5411.75,1552.0,12.0,1.5,8,1.5
34.2475,0.2375,0-3,2023,8383.25,2160.0,12.0,1.5,8,1.5
34.2525,0.2375,0-3,2016,4442.375,1200.0,12.0,1.5,8,1.5
34.2525,0.2375,0-3,2019,8143.125,2112.0,12.0,1.5,8,1.5
34.2525,0.2375,0-3,2023,10678.375,2656.0,12.0,1.5,8,1.5
34.2575,0.2375,0-3,2016,5317.375,1504.0,18.5,2.3125,8,1.5
34.2575,0.2375,0-3,2019,7458.25,1936.0,18.5,2.3125,8,1.5
34.2575,0.2375,0-3,2023,9642.125,2400.0,18.5,2.3125,8,1.5
34.2625,0.2375,0-3,2016,6438.75,1600.0,62.0,7.75,8,1.5
34.2625,0.2375,0-3,2019,7816.375,1968.0,62.0,7.75,8,1.5
34.2625,0.2375,0-3,2023,8864.75,2096.0,62.0,7.75,8,1.5
34.2675,0.2375,13-,2016,10848.625,2912.0,56.5,7.0625,8,20.0
34.2675,0.2375,13-,2019,14677.25,3776.0,56.5,7.0625,8,20.0
34.2675,0.2375,13-,2023,15774.125,3696.0,56.5,7.0625,8,20.0
34.2725,0.2375,10-12,2016,10779.5,2656.0,59.0,7.375,8,11.0
34.2725,0.2375,10-12,2019,15432.625,3680.0,59.0,7.375,8,11.0
34.2725,0.2375,10-12,2023,15696.875,3680.0,59.0,7.375,8,11.0
34.2775,0.2375,0-3,2016,16796.375,3808.0,28.5,3.5625,8,1.5
34.2775,0.2375,0-3,2019,24450.625,5568.0,28.5,3.5625,8,1.5
34.2775,0.2375,0-3,2023,33372.25,7216.0,28.5,3.5625,8,1.5
34.2825,0.2375,0-3,2016,11368.75,2976.0,15.5,1.9375,8,1.5
34.2825,0.2375,0-3,2019,16313.125,4176.0,15.5,1.9375,8,1.5
34.2825,0.2375,0-3,2023,20120.0,4864.0,15.5,1.9375,8,1.5
34.2875,0.2375,0-3,2016,6129.0,1648.0,12.5,2.0833333333333335,6,1.5
34.2875,0.2375,0-3,2019,9431.875,2496.0,12.5,2.0833333333333335,6,1.5
34.2875,0.2375,0-3,2023,14194.875,3584.0,12.5,2.0833333333333335,6,1.5
34.2925,0.2375,0-3,2016,716.25,240.0,4.5,1.5,3,1.5
34.2925,0.2375,0-3,2019,1203.25,368.0,4.5,1.5,3,1.5
34.2925,0.2375,0-3,2023,2283.375,608.0,4.5,1.5,3,1.5
34.3075,0.2375,0-3,2016,216.875,64.0,6.0,1.5,4,1.5
34.3075,0.2375,0-3,2019,216.875,64.0,6.0,1.5,4,1.5
34.3075,0.2375,0-3,2023,851.375,240.0,6.0,1.5,4,1.5
34.3125,0.2375,0-3,2016,2106.625,608.0,6.0,1.5,4,1.5
34.3125,0.2375,0-3,2019,3386.875,912.0,6.0,1.5,4,1.5
34.3125,0.2375,0-3,2023,3878.5,1024.0,6.0,1.5,4,1.5
34.3225,0.2375,0-3,2016,1007.875,304.0,34.0,5.666666666666667,6,1.5
34.3225,0.2375,0-3,2019,1220.875,304.0,34.0,5.666666666666667,6,1.5
34.3225,0.2375,0-3,2023,1354.75,336.0,34.0,5.666666666666667,6,1.5
34.3275,0.2375,0-3,2016,2411.75,704.0,37.0,4.625,8,1.5
34.3275,0.2375,0-3,2019,3036.875,832.0,37.0,4.625,8,1.5
34.3275,0.2375,0-3,2023,4268.625,1136.0,37.0,4.625,8,1.5
34.3325,0.2375,0-3,2016,3642.0,896.0,29.0,4.142857142857143,7,1.5
34.3325,0.2375,0-3,2019,5287.125,1216.0,29.0,4.142857142857143,7,1.5
34.3325,0.2375,0-3,2023,9345.5,2176.0,29.0,4.142857142857143,7,1.5
34.3375,0.2375,0-3,2019,63.0,16.0,12.5,2.0833333333333335,6,1.5
34.3375,0.2375,0-3,2023,220.125,64.0,12.5,2.0833333333333335,6,1.5
34.3475,0.2375,0-3,2016,932.0,256.0,55.0,7.857142857142857,7,1.5
34.3475,0.2375,0-3,2019,2159.125,544.0,55.0,7.857142857142857,7,1.5
34.3475,0.2375,0-3,2023,2747.125,672.0,55.0,7.857142857142857,7,1.5
34.3525,0.2375,0-3,2016,2316.125,544.0,70.0,10.0,7,1.5
34.3525,0.2375,0-3,2019,1892.0,400.0,70.0,10.0,7,1.5
34.3525,0.2375,0-3,2023,2572.5,560.0,70.0,10.0,7,1.5
34.3625,0.2375,0-3,2016,2803.375,672.0,66.5,9.5,7,1.5
34.3625,0.2375,0-3,2019,3630.25,976.0,66.5,9.5,7,1.5
34.3625,0.2375,0-3,2023,5538.625,1392.0,66.5,9.5,7,1.5
34.3675,0.2375,13-,2016,5256.75,1408.0,49.5,6.1875,8,20.0
34.3675,0.2375,13-,2019,8057.75,2208.0,49.5,6.1875,8,20.0
34.3675,0.2375,13-,2023,9400.25,2336.0,49.5,6.1875,8,20.0
34.3725,0.2375,0-3,2016,4201.375,1184.0,83.5,10.4375,8,1.5
34.3725,0.2375,0-3,2019,5575.5,1504.0,83.5,10.4375,8,1.5
34.3725,0.2375,0-3,2023,6125.125,1616.0,83.5,10.4375,8,1.5
34.3775,0.2375,0-3,2016,6491.375,1824.0,80.5,10.0625,8,1.5
34.3775,0.2375,0-3,2019,9073.5,2336.0,80.5,10.0625,8,1.5
34.3775,0.2375,0-3,2023,10470.625,2592.0,80.5,10.0625,8,1.5
34.3825,0.2375,13-,2016,8150.5,2256.0,62.0,7.75,8,20.0
34.3825,0.2375,13-,2019,10604.25,2944.0,62.0,7.75,8,20.0
34.3825,0.2375,13-,2023,15549.875,3824.0,62.0,7.75,8,20.0
34.3875,0.2375,0-3,2016,7224.375,1776.0,74.0,9.25,8,1.5
34.3875,0.2375,0-3,2019,8714.875,2112.0,74.0,9.25,8,1.5
34.3875,0.2375,0-3,2023,11125.625,2736.0,74.0,9.25,8,1.5
34.3925,0.2375,0-3,2016,4491.125,1232.0,71.0,8.875,8,1.5
34.3925,0.2375,0-3,2019,6475.75,1712.0,71.0,8.875,8,1.5
34.3925,0.2375,0-3,2023,8522.0,2240.0,71.0,8.875,8,1.5
34.3975,0.2375,4-6,2016,6100.625,1616.0,47.5,6.785714285714286,7,5.0
34.3975,0.2375,4-6,2019,7269.25,1920.0,47.5,6.785714285714286,7,5.0
34.3975,0.2375,4-6,2023,9440.5,2368.0,47.5,6.785714285714286,7,5.0
34.4025,0.2375,0-3,2016,5393.625,1536.0,29.5,5.9,5,1.5
34.4025,0.2375,0-3,2019,7711.0,1984.0,29.5,5.9,5,1.5
34.4025,0.2375,0-3,2023,8685.875,2160.0,29.5,5.9,5,1.5
34.1225,0.2425,4-6,2016,8235.875,1968.0,30.5,6.1,5,5.0
34.1225,0.2425,4-6,2019,10175.25,2448.0,30.5,6.1,5,5.0
34.1225,0.2425,4-6,2023,13696.25,3136.0,30.5,6.1,5,5.0
34.1275,0.2425,4-6,2016,3830.625,1088.0,43.0,6.142857142857143,7,5.0
34.1275,0.2425,4-6,2019,6157.0,1728.0,43.0,6.142857142857143,7,5.0
34.1275,0.2425,4-6,2023,5809.625,1584.0,43.0,6.142857142857143,7,5.0
34.1325,0.2425,10-12,2016,4748.25,1312.0,59.5,7.4375,8,11.0
34.1325,0.2425,10-12,2019,6357.75,1808.0,59.5,7.4375,8,11.0
34.1325,0.2425,10-12,2023,8434.75,2288.0,59.5,7.4375,8,11.0
34.1375,0.2425,10-12,2016,6389.75,1712.0,81.0,10.125,8,11.0
34.1375,0.2425,10-12,2019,9116.75,2608.0,81.0,10.125,8,11.0
34.1375,0.2425,10-12,2023,11983.0,3056.0,81.0,10.125,8,11.0
34.1425,0.2425,10-12,2016,3542.125,896.0,99.5,12.4375,8,11.0
34.1425,0.2425,10-12,2019,5648.0,1504.0,99.5,12.4375,8,11.0
34.1425,0.2425,10-12,2023,6617.875,1728.0,99.5,12.4375,8,11.0
34.1475,0.2425,7-9,2016,5094.5,1408.0,84.5,10.5625,8,8.0
34.1475,0.2425,7-9,2019,6167.625,1632.0,84.5,10.5625,8,8.0
34.1475,0.2425,7-9,2023,6528.75,1680.0,84.5,10.5625,8,8.0
34.1525,0.2425,0-3,2016,1761.625,480.0,63.5,7.9375,8,1.5
34.1525,0.2425,0-3,2019,1672.75,464.0,63.5,7.9375,8,1.5
34.1525,0.2425,0-3,2023,2198.25,608.0,63.5,7.9375,8,1.5
34.1575,0.2425,4-6,2016,9225.5,2080.0,24.0,3.4285714285714284,7,5.0
34.1575,0.2425,4-6,2019,11987.0,2816.0,24.0,3.4285714285714284,7,5.0
34.1575,0.2425,4-6,2023,14596.75,3408.0,24.0,3.4285714285714284,7,5.0
34.1675,0.2425,4-6,2016,50394.0,10928.0,38.5,5.5,7,5.0
34.1675,0.2425,4-6,2019,56187.5,11984.0,38.5,5.5,7,5.0
34.1675,0.2425,4-6,2023,62174.0,13296.0,38.5,5.5,7,5.0
34.1725,0.2425,13-,2016,8715.0,2288.0,22.0,3.6666666666666665,6,20.0
34.1725,0.2425,13-,2019,12942.125,3520.0,22.0,3.6666666666666665,6,20.0
34.1725,0.2425,13-,2023,14674.75,3728.0,22.0,3.6666666666666665,6,20.0
34.1825,0.2425,0-3,2016,7903.375,1952.0,12.5,2.0833333333333335,6,1.5
34.1825,0.2425,0-3,2019,10008.625,2368.0,12.5,2.0833333333333335,6,1.5
34.1825,0.2425,0-3,2023,13459.625,3184.0,12.5,2.0833333333333335,6,1.5
34.1875,0.2425,0-3,2016,9029.5,2352.0,22.0,2.75,8,1.5
34.1875,0.2425,0-3,2019,11308.625,2976.0,22.0,2.75,8,1.5
34.1875,0.2425,0-3,2023,15703.125,3936.0,22.0,2.75,8,1.5
34.1925,0.2425,0-3,2016,6804.875,1840.0,25.5,3.1875,8,1.5
34.1925,0.2425,0-3,2019,9884.5,2640.0,25.5,3.1875,8,1.5
34.1925,0.2425,0-3,2023,10492.75,2720.0,25.5,3.1875,8,1.5
34.1975,0.2425,4-6,2016,1242.25,368.0,46.5,5.8125,8,5.0
34.1975,0.2425,4-6,2019,2352.625,656.0,46.5,5.8125,8,5.0
34.1975,0.2425,4-6,2023,4408.875,1152.0,46.5,5.8125,8,5.0
34.2025,0.2425,13-,2016,8222.625,2064.0,34.5,4.3125,8,20.0
34.2025,0.2425,13-,2019,11882.75,2944.0,34.5,4.3125,8,20.0
34.2025,0.2425,13-,2023,17736.25,3840.0,34.5,4.3125,8,20.0
34.2075,0.2425,0-3,2016,2412.125,672.0,74.5,9.3125,8,1.5
34.2075,0.2425,0-3,2019,4180.375,1168.0,74.5,9.3125,8,1.5
34.2075,0.2425,0-3,2023,4014.125,1088.0,74.5,9.3125,8,1.5
34.2125,0.2425,7-9,2016,2685.25,752.0,56.5,7.0625,8,8.0
34.2125,0.2425,7-9,2019,4828.375,1328.0,56.5,7.0625,8,8.0
34.2125,0.2425,7-9,2023,3981.75,1040.0,56.5,7.0625,8,8.0
34.2175,0.2425,7-9,2016,5056.375,1328.0,81.5,10.1875,8,8.0
34.2175,0.2425,7-9,2019,6708.625,1632.0,81.5,10.1875,8,8.0
34.2175,0.2425,7-9,2023,7366.25,1824.0,81.5,10.1875,8,8.0
34.2225,0.2425,13-,2016,6062.875,1648.0,48.0,6.0,8,20.0
34.2225,0.2425,13-,2019,7870.875,2176.0,48.0,6.0,8,20.0
34.2225,0.2425,13-,2023,8607.0,2304.0,48.0,6.0,8,20.0
34.2275,0.2425,0-3,2016,8482.875,2144.0,52.0,7.428571428571429,7,1.5
34.2275,0.2425,0-3,2019,9822.625,2640.0,52.0,7.428571428571429,7,1.5
34.2275,0.2425,0-3,2023,22178.5,4880.0,52.0,7.428571428571429,7,1.5
34.2325,0.2425,0-3,2016,13240.25,2960.0,24.5,3.5,7,1.5
34.2325,0.2425,0-3,2019,16502.875,3632.0,24.5,3.5,7,1.5
34.2325,0.2425,0-3,2023,23454.5,4944.0,24.5,3.5,7,1.5
34.2375,0.2425,0-3,2016,11961.75,2704.0,27.5,3.9285714285714284,7,1.5
34.2375,0.2425,0-3,2019,13645.875,2928.0,27.5,3.9285714285714284,7,1.5
34.2375,0.2425,0-3,2023,14825.875,3264.0,27.5,3.9285714285714284,7,1.5
34.2425,0.2425,0-3,2016,7229.25,1808.0,25.5,3.1875,8,1.5
34.2425,0.2425,0-3,2019,9415.25,2352.0,25.5,3.1875,8,1.5
34.2425,0.2425,0-3,2023,9024.75,2112.0,25.5,3.1875,8,1.5
34.2475,0.2425,0-3,2016,3142.5,832.0,18.5,2.3125,8,1.5
34.2475,0.2425,0-3,2019,6234.0,1600.0,18.5,2.3125,8,1.5
34.2475,0.2425,0-3,2023,6611.125,1696.0,18.5,2.3125,8,1.5
34.2525,0.2425,0-3,2016,3015.0,800.0,12.0,1.5,8,1.5
34.2525,0.2425,0-3,2019,4962.375,1344.0,12.0,1.5,8,1.5
34.2525,0.2425,0-3,2023,5953.5,1584.0,12.0,1.5,8,1.5
34.2575,0.2425,0-3,2016,4890.25,1216.0,18.5,2.3125,8,1.5
34.2575,0.2425,0-3,2019,6395.0,1616.0,18.5,2.3125,8,1.5
34.2575,0.2425,0-3,2023,7394.125,1728.0,18.5,2.3125,8,1.5
34.2625,0.2425,7-9,2016,6455.125,1600.0,49.0,6.125,8,8.0
34.2625,0.2425,7-9,2019,9397.75,2240.0,49.0,6.125,8,8.0
34.2625,0.2425,7-9,2023,11368.75,2640.0,49.0,6.125,8,8.0
34.2675,0.2425,13-,2016,8219.375,2144.0,46.5,5.8125,8,20.0
34.2675,0.2425,13-,2019,13709.75,3248.0,46.5,5.8125,8,20.0
34.2675,0.2425,13-,2023,17227.125,4080.0,46.5,5.8125,8,20.0
34.2725,0.2425,0-3,2016,7189.125,1984.0,58.5,7.3125,8,1.5
34.2725,0.2425,0-3,2019,11558.625,3136.0,58.5,7.3125,8,1.5
34.2725,0.2425,0-3,2023,16065.5,3760.0,58.5,7.3125,8,1.5
34.2775,0.2425,0-3,2016,4300.625,1168.0,21.5,2.6875,8,1.5
34.2775,0.2425,0-3,2019,5155.375,1408.0,21.5,2.6875,8,1.5
34.2775,0.2425,0-3,2023,6678.875,1712.0,21.5,2.6875,8,1.5
34.2825,0.2425,0-3,2016,12272.0,2992.0,12.0,1.5,8,1.5
34.2825,0.2425,0-3,2019,13285.875,3248.0,12.0,1.5,8,1.5
34.2825,0.2425,0-3,2023,16976.625,3840.0,12.0,1.5,8,1.5
34.2875,0.2425,0-3,2016,903.5,240.0,10.5,1.5,7,1.5
34.2875,0.2425,0-3,2019,1911.375,512.0,10.5,1.5,7,1.5
34.2875,0.2425,0-3,2023,2192.875,544.0,10.5,1.5,7,1.5
34.3225,0.2425,0-3,2016,176.125,64.0,9.0,1.5,6,1.5
34.3225,0.2425,0-3,2019,132.75,48.0,9.0,1.5,6,1.5
34.3275,0.2425,0-3,2016,376.5,112.0,12.0,1.5,8,1.5
34.3275,0.2425,0-3,2019,442.625,128.0,12.0,1.5,8,1.5
34.3275,0.2425,0-3,2023,531.0,112.0,12.0,1.5,8,1.5
34.3325,0.2425,0-3,2016,842.125,240.0,9.0,1.5,6,1.5
34.3325,0.2425,0-3,2019,1225.125,368.0,9.0,1.5,6,1.5
34.3325,0.2425,0-3,2023,1588.75,432.0,9.0,1.5,6,1.5
34.3425,0.2425,4-6,2016,4262.0,1184.0,26.0,5.2,5,5.0
34.3425,0.2425,4-6,2019,5523.875,1424.0,26.0,5.2,5,5.0
34.3425,0.2425,4-6,2023,5801.5,1536.0,26.0,5.2,5,5.0
34.3475,0.2425,13-,2016,11855.125,3184.0,23.5,3.357142857142857,7,20.0
34.3475,0.2425,13-,2019,13880.75,3808.0,23.5,3.357142857142857,7,20.0
34.3475,0.2425,13-,2023,17015.625,4320.0,23.5,3.357142857142857,7,20.0
34.3525,0.2425,10-12,2016,21319.5,5104.0,66.0,9.428571428571429,7,11.0
34.3525,0.2425,10-12,2019,25405.125,5792.0,66.0,9.428571428571429,7,11.0
34.3525,0.2425,10-12,2023,32649.875,7104.0,66.0,9.428571428571429,7,11.0
34.3575,0.2425,13-,2016,14778.625,3824.0,48.0,6.857142857142857,7,20.0
34.3575,0.2425,13-,2019,16934.25,4320.0,48.0,6.857142857142857,7,20.0
34.3575,0.2425,13-,2023,19608.625,4816.0,48.0,6.857142857142857,7,20.0
34.3625,0.2425,10-12,2016,10698.875,2864.0,75.5,10.785714285714286,7,11.0
34.3625,0.2425,10-12,2019,17444.25,4336.0,75.5,10.785714285714286,7,11.0
34.3625,0.2425,10-12,2023,19679.875,4608.0,75.5,10.785714285714286,7,11.0
34.3675,0.2425,10-12,2016,12963.375,3136.0,40.0,5.0,8,11.0
34.3675,0.2425,10-12,2019,16158.875,3968.0,40.0,5.0,8,11.0
34.3675,0.2425,10-12,2023,17688.625,4144.0,40.0,5.0,8,11.0
34.3725,0.2425,0-3,2016,21097.0,4608.0,46.5,5.8125,8,1.5
34.3725,0.2425,0-3,2019,27021.75,6112.0,46.5,5.8125,8,1.5
34.3725,0.2425,0-3,2023,37128.375,8000.0,46.5,5.8125,8,1.5
34.3775,0.2425,7-9,2016,9239.25,2336.0,37.0,4.625,8,8.0
34.3775,0.2425,7-9,2019,14159.625,3552.0,37.0,4.625,8,8.0
34.3775,0.2425,7-9,2023,20403.375,4640.0,37.0,4.625,8,8.0
34.3825,0.2425,7-9,2016,32552.875,7600.0,62.0,7.75,8,8.0
34.3825,0.2425,7-9,2019,45032.0,10224.0,62.0,7.75,8,8.0
34.3825,0.2425,7-9,2023,62246.625,13008.0,62.0,7.75,8,8.0
34.3875,0.2425,13-,2016,11643.125,3024.0,80.5,10.0625,8,20.0
34.3875,0.2425,13-,2019,15874.0,4016.0,80.5,10.0625,8,20.0
34.3875,0.2425,13-,2023,19730.5,4736.0,80.5,10.0625,8,20.0
34.3925,0.2425,13-,2016,11114.625,3024.0,77.5,9.6875,8,20.0
34.3925,0.2425,13-,2019,14104.625,3728.0,77.5,9.6875,8,20.0
34.3925,0.2425,13-,2023,15918.375,3984.0,77.5,9.6875,8,20.0
34.3975,0.2425,13-,2016,15903.25,3984.0,52.5,6.5625,8,20.0
34.3975,0.2425,13-,2019,16522.5,4000.0,52.5,6.5625,8,20.0
34.3975,0.2425,13-,2023,21255.125,4928.0,52.5,6.5625,8,20.0
34.4025,0.2425,0-3,2016,4566.375,1232.0,31.0,5.166666666666667,6,1.5
34.4025,0.2425,0-3,2019,9585.125,2480.0,31.0,5.166666666666667,6,1.5
34.4025,0.2425,0-3,2023,11327.625,2784.0,31.0,5.166666666666667,6,1.5
34.4075,0.2425,0-3,2016,2461.75,640.0,4.5,1.5,3,1.5
34.4075,0.2425,0-3,2019,2839.25,752.0,4.5,1.5,3,1.5
34.4075,0.2425,0-3,2023,3571.625,912.0,4.5,1.5,3,1.5
34.1275,0.2475,0-3,2016,10582.75,2320.0,24.0,4.8,5,1.5
34.1275,0.2475,0-3,2019,12018.875,2864.0,24.0,4.8,5,1.5
34.1275,0.2475,0-3,2023,15562.0,3376.0,24.0,4.8,5,1.5
34.1325,0.2475,0-3,2016,19043.0,4576.0,50.0,8.333333333333334,6,1.5
34.1325,0.2475,0-3,2019,21717.125,5024.0,50.0,8.333333333333334,6,1.5
34.1325,0.2475,0-3,2023,32247.375,6992.0,50.0,8.333333333333334,6,1.5
34.1375,0.2475,13-,2016,6825.25,1744.0,61.0,8.714285714285714,7,20.0
34.1375,0.2475,13-,2019,8610.625,2272.0,61.0,8.714285714285714,7,20.0
34.1375,0.2475,13-,2023,8409.75,2240.0,61.0,8.714285714285714,7,20.0
34.1425,0.2475,13-,2016,11030.125,2880.0,67.5,9.642857142857142,7,20.0
34.1425,0.2475,13-,2019,12232.75,3232.0,67.5,9.642857142857142,7,20.0
34.1425,0.2475,13-,2023,12100.125,3200.0,67.5,9.642857142857142,7,20.0
34.1475,0.2475,10-12,2016,6866.375,1936.0,57.0,7.125,8,11.0
34.1475,0.2475,10-12,2019,8953.625,2528.0,57.0,7.125,8,11.0
34.1475,0.2475,10-12,2023,10396.375,2768.0,57.0,7.125,8,11.0
34.1525,0.2475,4-6,2016,5443.875,1440.0,35.0,4.375,8,5.0
34.1525,0.2475,4-6,2019,6015.875,1600.0,35.0,4.375,8,5.0
34.1525,0.2475,4-6,2023,8834.5,2304.0,35.0,4.375,8,5.0
34.1575,0.2475,0-3,2016,4016.0,992.0,21.0,3.0,7,1.5
34.1575,0.2475,0-3,2019,7770.125,1920.0,21.0,3.0,7,1.5
34.1575,0.2475,0-3,2023,9747.125,2384.0,21.0,3.0,7,1.5
34.1625,0.2475,0-3,2016,6294.0,1616.0,17.5,2.5,7,1.5
34.1625,0.2475,0-3,2019,7443.0,2048.0,17.5,2.5,7,1.5
34.1625,0.2475,0-3,2023,12868.75,3104.0,17.5,2.5,7,1.5
34.1675,0.2475,0-3,2016,11357.0,2576.0,32.5,4.642857142857143,7,1.5
34.1675,0.2475,0-3,2019,20907.625,4576.0,32.5,4.642857142857143,7,1.5
34.1675,0.2475,0-3,2023,23258.25,5104.0,32.5,4.642857142857143,7,1.5
34.1725,0.2475,0-3,2016,1754.5,464.0,32.5,4.642857142857143,7,1.5
34.1725,0.2475,0-3,2019,2014.125,560.0,32.5,4.642857142857143,7,1.5
34.1725,0.2475,0-3,2023,3395.0,880.0,32.5,4.642857142857143,7,1.5
34.1775,0.2475,0-3,2016,1906.75,528.0,38.5,5.5,7,1.5
34.1775,0.2475,0-3,2019,2366.125,672.0,38.5,5.5,7,1.5
34.1775,0.2475,0-3,2023,3502.875,928.0,38.5,5.5,7,1.5
34.1825,0.2475,0-3,2016,14248.25,3168.0,30.0,4.285714285714286,7,1.5
34.1825,0.2475,0-3,2019,18933.75,4032.0,30.0,4.285714285714286,7,1.5
34.1825,0.2475,0-3,2023,24524.625,5056.0,30.0,4.285714285714286,7,1.5
34.1875,0.2475,4-6,2016,9677.125,2480.0,44.0,5.5,8,5.0
34.1875,0.2475,4-6,2019,15344.125,3840.0,44.0,5.5,8,5.0
34.1875,0.2475,4-6,2023,17226.75,4208.0,44.0,5.5,8,5.0
34.1925,0.2475,7-9,2016,7723.75,2160.0,41.5,5.1875,8,8.0
34.1925,0.2475,7-9,2019,9624.75,2608.0,41.5,5.1875,8,8.0
34.1925,0.2475,7-9,2023,12541.25,3264.0,41.5,5.1875,8,8.0
34.1975,0.2475,0-3,2016,1396.75,368.0,66.0,8.25,8,1.5
34.1975,0.2475,0-3,2019,3611.625,800.0,66.0,8.25,8,1.5
34.1975,0.2475,0-3,2023,11951.5,2256.0,66.0,8.25,8,1.5
34.2025,0.2475,10-12,2016,8058.25,2112.0,40.5,5.0625,8,11.0
34.2025,0.2475,10-12,2019,12100.75,3024.0,40.5,5.0625,8,11.0
34.2025,0.2475,10-12,2023,14240.75,3520.0,40.5,5.0625,8,11.0
34.2075,0.2475,0-3,2016,3893.625,1104.0,53.0,6.625,8,1.5
34.2075,0.2475,0-3,2019,8835.5,2320.0,53.0,6.625,8,1.5
34.2075,0.2475,0-3,2023,13678.25,3264.0,53.0,6.625,8,1.5
34.2125,0.2475,0-3,2016,4413.0,1216.0,47.5,5.9375,8,1.5
34.2125,0.2475,0-3,2019,7355.875,1968.0,47.5,5.9375,8,1.5
34.2125,0.2475,0-3,2023,9728.5,2384.0,47.5,5.9375,8,1.5
34.2175,0.2475,7-9,2016,3275.25,960.0,75.5,9.4375,8,8.0
34.2175,0.2475,7-9,2019,4887.5,1312.0,75.5,9.4375,8,8.0
34.2175,0.2475,7-9,2023,6375.875,1632.0,75.5,9.4375,8,8.0
34.2225,0.2475,7-9,2016,11532.125,3008.0,64.5,9.214285714285714,7,8.0
34.2225,0.2475,7-9,2019,13540.5,3504.0,64.5,9.214285714285714,7,8.0
34.2225,0.2475,7-9,2023,16544.125,4112.0,64.5,9.214285714285714,7,8.0
34.2275,0.2475,4-6,2016,14508.875,3328.0,48.5,6.928571428571429,7,5.0
34.2275,0.2475,4-6,2019,22373.625,4784.0,48.5,6.928571428571429,7,5.0
34.2275,0.2475,4-6,2023,34514.5,7264.0,48.5,6.928571428571429,7,5.0
34.2325,0.2475,4-6,2016,20993.125,4736.0,17.5,2.5,7,5.0
34.2325,0.2475,4-6,2019,30562.75,6576.0,17.5,2.5,7,5.0
34.2325,0.2475,4-6,2023,39278.875,8432.0,17.5,2.5,7,5.0
34.2375,0.2475,4-6,2016,6982.625,1728.0,31.5,3.9375,8,5.0
34.2375,0.2475,4-6,2019,11715.375,2864.0,31.5,3.9375,8,5.0
34.2375,0.2475,4-6,2023,13733.75,3168.0,31.5,3.9375,8,5.0
34.2425,0.2475,7-9,2016,2992.875,832.0,28.5,3.5625,8,8.0
34.2425,0.2475,7-9,2019,6076.125,1616.0,28.5,3.5625,8,8.0
34.2425,0.2475,7-9,2023,5580.0,1472.0,28.5,3.5625,8,8.0
34.2475,0.2475,0-3,2016,4711.875,1136.0,31.5,3.9375,8,1.5
34.2475,0.2475,0-3,2019,6311.625,1616.0,31.5,3.9375,8,1.5
34.2475,0.2475,0-3,2023,9575.5,2288.0,31.5,3.9375,8,1.5
34.2525,0.2475,0-3,2016,6253.875,1664.0,15.5,1.9375,8,1.5
34.2525,0.2475,0-3,2019,11218.125,2880.0,15.5,1.9375,8,1.5
34.2525,0.2475,0-3,2023,15529.5,3648.0,15.5,1.9375,8,1.5
34.2575,0.2475,0-3,2016,3894.75,944.0,18.5,2.3125,8,1.5
34.2575,0.2475,0-3,2019,6077.25,1600.0,18.5,2.3125,8,1.5
34.2575,0.2475,0-3,2023,6249.5,1568.0,18.5,2.3125,8,1.5
34.2625,0.2475,0-3,2016,7596.75,1760.0,37.0,4.625,8,1.5
34.2625,0.2475,0-3,2019,9024.5,2032.0,37.0,4.625,8,1.5
34.2625,0.2475,0-3,2023,12663.5,2768.0,37.0,4.625,8,1.5
34.2675,0.2475,0-3,2016,24881.625,5616.0,37.0,4.625,8,1.5
34.2675,0.2475,0-3,2019,32038.25,7008.0,37.0,4.625,8,1.5
34.2675,0.2475,0-3,2023,34788.25,7408.0,37.0,4.625,8,1.5
34.2725,0.2475,0-3,2016,9164.5,2320.0,30.5,3.8125,8,1.5
34.2725,0.2475,0-3,2019,13685.25,3216.0,30.5,3.8125,8,1.5
34.2725,0.2475,0-3,2023,21858.0,4736.0,30.5,3.8125,8,1.5
34.2775,0.2475,0-3,2016,10527.875,2560.0,12.0,1.5,8,1.5
34.2775,0.2475,0-3,2019,12691.75,2928.0,12.0,1.5,8,1.5
34.2775,0.2475,0-3,2023,12525.125,2736.0,12.0,1.5,8,1.5
34.2825,0.2475,0-3,2016,10641.5,2736.0,12.0,1.5,8,1.5
34.2825,0.2475,0-3,2019,14928.125,3664.0,12.0,1.5,8,1.5
34.2825,0.2475,0-3,2023,18560.375,4304.0,12.0,1.5,8,1.5
34.2875,0.2475,0-3,2016,4102.125,1120.0,10.5,1.5,7,1.5
34.2875,0.2475,0-3,2019,5522.25,1424.0,10.5,1.5,7,1.5
34.2875,0.2475,0-3,2023,6278.5,1568.0,10.5,1.5,7,1.5
34.2925,0.2475,0-3,2016,3381.75,896.0,37.0,6.166666666666667,6,1.5
34.2925,0.2475,0-3,2019,3746.0,960.0,37.0,6.166666666666667,6,1.5
34.2925,0.2475,0-3,2023,4666.625,1184.0,37.0,6.166666666666667,6,1.5
34.2975,0.2475,10-12,2016,7233.625,1968.0,43.0,10.75,4,11.0
34.2975,0.2475,10-12,2019,10103.25,2848.0,43.0,10.75,4,11.0
34.2975,0.2475,10-12,2023,11582.125,3072.0,43.0,10.75,4,11.0
34.3175,0.2475,0-3,2016,811.75,256.0,7.5,1.5,5,1.5
34.3175,0.2475,0-3,2019,1217.875,336.0,7.5,1.5,5,1.5
34.3175,0.2475,0-3,2023,1137.25,304.0,7.5,1.5,5,1.5
34.3225,0.2475,0-3,2016,586.5,176.0,10.5,1.5,7,1.5
34.3225,0.2475,0-3,2019,465.625,128.0,10.5,1.5,7,1.5
34.3225,0.2475,0-3,2023,833.875,208.0,10.5,1.5,7,1.5
34.3275,0.2475,0-3,2016,993.625,256.0,12.0,1.5,8,1.5
34.3275,0.2475,0-3,2019,1348.5,336.0,12.0,1.5,8,1.5
34.3275,0.2475,0-3,2023,924.25,224.0,12.0,1.5,8,1.5
34.3325,0.2475,0-3,2016,654.375,192.0,9.0,1.5,6,1.5
34.3325,0.2475,0-3,2019,906.375,256.0,9.0,1.5,6,1.5
34.3325,0.2475,0-3,2023,682.125,192.0,9.0,1.5,6,1.5
34.3425,0.2475,0-3,2016,2106.0,576.0,41.0,6.833333333333333,6,1.5
34.3425,0.2475,0-3,2019,3389.125,880.0,41.0,6.833333333333333,6,1.5
34.3425,0.2475,0-3,2023,5084.0,1232.0,41.0,6.833333333333333,6,1.5
34.3475,0.2475,0-3,2016,1090.875,288.0,53.5,6.6875,8,1.5
34.3475,0.2475,0-3,2019,916.125,240.0,53.5,6.6875,8,1.5
34.3475,0.2475,0-3,2023,2821.0,656.0,53.5,6.6875,8,1.5
34.3525,0.2475,0-3,2016,1734.0,480.0,80.5,10.0625,8,1.5
34.3525,0.2475,0-3,2019,2957.125,720.0,80.5,10.0625,8,1.5
34.3525,0.2475,0-3,2023,4033.25,1008.0,80.5,10.0625,8,1.5
34.3575,0.2475,13-,2016,10077.0,2736.0,49.5,6.1875,8,20.0
34.3575,0.2475,13-,2019,14016.875,3760.0,49.5,6.1875,8,20.0
34.3575,0.2475,13-,2023,16934.5,4400.0,49.5,6.1875,8,20.0
34.3625,0.2475,0-3,2016,6022.875,1632.0,68.0,8.5,8,1.5
34.3625,0.2475,0-3,2019,7330.125,1904.0,68.0,8.5,8,1.5
34.3625,0.2475,0-3,2023,10861.5,2448.0,68.0,8.5,8,1.5
34.3675,0.2475,0-3,2016,7092.75,1888.0,31.0,3.875,8,1.5
34.3675,0.2475,0-3,2019,10352.875,2704.0,31.0,3.875,8,1.5
34.3675,0.2475,0-3,2023,17079.625,3904.0,31.0,3.875,8,1.5
34.3725,0.2475,0-3,2016,14098.25,3152.0,28.0,3.5,8,1.5
34.3725,0.2475,0-3,2019,17961.375,3936.0,28.0,3.5,8,1.5
34.3725,0.2475,0-3,2023,20108.5,4528.0,28.0,3.5,8,1.5
34.3775,0.2475,0-3,2016,10765.25,2944.0,43.5,5.4375,8,1.5
34.3775,0.2475,0-3,2019,18345.125,4704.0,43.5,5.4375,8,1.5
34.3775,0.2475,0-3,2023,22947.0,5296.0,43.5,5.4375,8,1.5
34.3825,0.2475,0-3,2016,10510.5,2736.0,75.0,9.375,8,1.5
34.3825,0.2475,0-3,2019,12983.5,3312.0,75.0,9.375,8,1.5
34.3825,0.2475,0-3,2023,17336.5,4032.0,75.0,9.375,8,1.5
34.3875,0.2475,7-9,2016,2481.625,656.0,99.0,12.375,8,8.0
34.3875,0.2475,7-9,2019,3380.5,944.0,99.0,12.375,8,8.0
34.3875,0.2475,7-9,2023,5262.25,1280.0,99.0,12.375,8,8.0
34.3925,0.2475,13-,2016,8860.875,2352.0,80.5,10.0625,8,20.0
34.3925,0.2475,13-,2019,11281.375,2944.0,80.5,10.0625,8,20.0
34.3925,0.2475,13-,2023,14075.5,3456.0,80.5,10.0625,8,20.0
34.3975,0.2475,0-3,2016,2644.25,752.0,66.0,9.428571428571429,7,1.5
34.3975,0.2475,0-3,2019,3705.875,1024.0,66.0,9.428571428571429,7,1.5
34.3975,0.2475,0-3,2023,6209.5,1568.0,66.0,9.428571428571429,7,1.5
34.4025,0.2475,0-3,2016,5588.25,1552.0,26.0,5.2,5,1.5
34.4025,0.2475,0-3,2019,7430.5,1904.0,26.0,5.2,5,1.5
34.4025,0.2475,0-3,2023,8969.625,2176.0,26.0,5.2,5,1.5
34.1325,0.2525,0-3,2016,5643.125,1328.0,23.0,7.666666666666667,3,1.5
34.1325,0.2525,0-3,2019,7064.75,1776.0,23.0,7.666666666666667,3,1.5
34.1325,0.2525,0-3,2023,6897.125,1712.0,23.0,7.666666666666667,3,1.5
34.1425,0.2525,4-6,2016,10007.25,2592.0,55.5,9.25,6,5.0
34.1425,0.2525,4-6,2019,10078.0,2560.0,55.5,9.25,6,5.0
34.1425,0.2525,4-6,2023,12909.5,3120.0,55.5,9.25,6,5.0
34.1475,0.2525,0-3,2016,6445.875,1856.0,50.5,6.3125,8,1.5
34.1475,0.2525,0-3,2019,8283.5,2272.0,50.5,6.3125,8,1.5
34.1475,0.2525,0-3,2023,11264.5,2800.0,50.5,6.3125,8,1.5
34.1525,0.2525,4-6,2016,6262.625,1728.0,25.0,3.125,8,5.0
34.1525,0.2525,4-6,2019,9980.375,2528.0,25.0,3.125,8,5.0
34.1525,0.2525,4-6,2023,9547.25,2560.0,25.0,3.125,8,5.0
34.1575,0.2525,0-3,2016,9384.5,2400.0,22.5,2.8125,8,1.5
34.1575,0.2525,0-3,2019,13675.375,3376.0,22.5,2.8125,8,1.5
34.1575,0.2525,0-3,2023,17739.75,4240.0,22.5,2.8125,8,1.5
34.1625,0.2525,0-3,2016,5555.75,1600.0,15.5,1.9375,8,1.5
34.1625,0.2525,0-3,2019,6793.375,1968.0,15.5,1.9375,8,1.5
34.1625,0.2525,0-3,2023,9417.25,2512.0,15.5,1.9375,8,1.5
34.1675,0.2525,0-3,2016,1994.125,528.0,15.5,1.9375,8,1.5
34.1675,0.2525,0-3,2019,2320.0,624.0,15.5,1.9375,8,1.5
34.1675,0.2525,0-3,2023,2115.125,560.0,15.5,1.9375,8,1.5
34.1725,0.2525,0-3,2016,3106.75,848.0,12.0,1.5,8,1.5
34.1725,0.2525,0-3,2019,5267.25,1264.0,12.0,1.5,8,1.5
34.1725,0.2525,0-3,2023,5344.375,1296.0,12.0,1.5,8,1.5
34.1775,0.2525,0-3,2016,2553.875,656.0,28.0,3.5,8,1.5
34.1775,0.2525,0-3,2019,4803.25,1104.0,28.0,3.5,8,1.5
34.1775,0.2525,0-3,2023,9366.0,1952.0,28.0,3.5,8,1.5
34.1825,0.2525,10-12,2016,4966.125,1376.0,35.0,4.375,8,11.0
34.1825,0.2525,10-12,2019,6210.375,1648.0,35.0,4.375,8,11.0
34.1825,0.2525,10-12,2023,7039.75,1856.0,35.0,4.375,8,11.0
34.1875,0.2525,7-9,2016,1952.625,528.0,57.5,7.1875,8,8.0
34.1875,0.2525,7-9,2019,3409.625,960.0,57.5,7.1875,8,8.0
34.1875,0.2525,7-9,2023,4143.625,1152.0,57.5,7.1875,8,8.0
34.1925,0.2525,10-12,2016,5652.125,1440.0,45.0,5.625,8,11.0
34.1925,0.2525,10-12,2019,7256.375,1904.0,45.0,5.625,8,11.0
34.1925,0.2525,10-12,2023,9094.875,2288.0,45.0,5.625,8,11.0
34.1975,0.2525,7-9,2016,4614.25,1280.0,41.0,5.125,8,8.0
34.1975,0.2525,7-9,2019,4753.875,1264.0,41.0,5.125,8,8.0
34.1975,0.2525,7-9,2023,5501.375,1488.0,41.0,5.125,8,8.0
34.2025,0.2525,0-3,2016,2813.75,768.0,46.5,5.8125,8,1.5
34.2025,0.2525,0-3,2019,5099.125,1280.0,46.5,5.8125,8,1.5
34.2025,0.2525,0-3,2023,6568.0,1616.0,46.5,5.8125,8,1.5
34.2075,0.2525,0-3,2016,10695.0,2144.0,56.0,7.0,8,1.5
34.2075,0.2525,0-3,2019,15749.5,3136.0,56.0,7.0,8,1.5
34.2075,0.2525,0-3,2023,19504.75,4000.0,56.0,7.0,8,1.5
34.2125,0.2525,7-9,2016,11488.25,2976.0,59.5,7.4375,8,8.0
34.2125,0.2525,7-9,2019,14772.0,3872.0,59.5,7.4375,8,8.0
34.2125,0.2525,7-9,2023,19567.75,4672.0,59.5,7.4375,8,8.0
34.2175,0.2525,10-12,2016,24978.125,5600.0,54.0,6.75,8,11.0
34.2175,0.2525,10-12,2019,37996.25,8192.0,54.0,6.75,8,11.0
34.2175,0.2525,10-12,2023,46024.75,9936.0,54.0,6.75,8,11.0
34.2225,0.2525,10-12,2016,32712.875,6864.0,38.5,6.416666666666667,6,11.0
34.2225,0.2525,10-12,2019,41385.0,8592.0,38.5,6.416666666666667,6,11.0
34.2225,0.2525,10-12,2023,55789.375,11280.0,38.5,6.416666666666667,6,11.0
34.2325,0.2525,0-3,2016,15309.75,3632.0,23.0,3.8333333333333335,6,1.5
34.2325,0.2525,0-3,2019,25089.25,5760.0,23.0,3.8333333333333335,6,1.5
34.2325,0.2525,0-3,2023,32236.375,7296.0,23.0,3.8333333333333335,6,1.5
34.2375,0.2525,0-3,2016,778.125,224.0,48.0,6.0,8,1.5
34.2375,0.2525,0-3,2019,1578.5,448.0,48.0,6.0,8,1.5
34.2375,0.2525,0-3,2023,2325.875,640.0,48.0,6.0,8,1.5
34.2425,0.2525,10-12,2016,8040.875,2224.0,38.5,4.8125,8,11.0
34.2425,0.2525,10-12,2019,11379.875,2912.0,38.5,4.8125,8,11.0
34.2425,0.2525,10-12,2023,10523.875,2624.0,38.5,4.8125,8,11.0
34.2475,0.2525,4-6,2016,8835.125,2336.0,37.5,4.6875,8,5.0
34.2475,0.2525,4-6,2019,10257.25,2592.0,37.5,4.6875,8,5.0
34.2475,0.2525,4-6,2023,11842.5,2960.0,37.5,4.6875,8,5.0
34.2525,0.2525,0-3,2016,16537.25,4128.0,15.5,1.9375,8,1.5
34.2525,0.2525,0-3,2019,22581.375,5376.0,15.5,1.9375,8,1.5
34.2525,0.2525,0-3,2023,26776.75,6176.0,15.5,1.9375,8,1.5
34.2575,0.2525,0-3,2016,9918.625,2592.0,12.0,1.5,8,1.5
34.2575,0.2525,0-3,2019,13638.25,3392.0,12.0,1.5,8,1.5
34.2575,0.2525,0-3,2023,17302.375,4112.0,12.0,1.5,8,1.5
34.2625,0.2525,0-3,2016,2414.375,704.0,12.0,1.5,8,1.5
34.2625,0.2525,0-3,2019,4283.625,1168.0,12.0,1.5,8,1.5
34.2625,0.2525,0-3,2023,5926.5,1504.0,12.0,1.5,8,1.5
34.2675,0.2525,0-3,2016,12317.75,3008.0,12.0,1.5,8,1.5
34.2675,0.2525,0-3,2019,19935.125,4656.0,12.0,1.5,8,1.5
34.2675,0.2525,0-3,2023,21642.875,4944.0,12.0,1.5,8,1.5
34.2725,0.2525,0-3,2016,1067.625,304.0,12.0,1.5,8,1.5
34.2725,0.2525,0-3,2019,2395.0,608.0,12.0,1.5,8,1.5
34.2725,0.2525,0-3,2023,2801.125,672.0,12.0,1.5,8,1.5
34.2775,0.2525,0-3,2016,3896.625,1104.0,12.0,1.5,8,1.5
34.2775,0.2525,0-3,2019,7829.375,1744.0,12.0,1.5,8,1.5
34.2775,0.2525,0-3,2023,8075.625,1904.0,12.0,1.5,8,1.5
34.2825,0.2525,0-3,2016,17949.125,4000.0,12.0,1.5,8,1.5
34.2825,0.2525,0-3,2019,19855.375,4512.0,12.0,1.5,8,1.5
34.2825,0.2525,0-3,2023,25524.5,5632.0,12.0,1.5,8,1.5
34.2875,0.2525,0-3,2016,6853.0,1824.0,30.5,3.8125,8,1.5
34.2875,0.2525,0-3,2019,11102.125,2784.0,30.5,3.8125,8,1.5
34.2875,0.2525,0-3,2023,15962.25,3808.0,30.5,3.8125,8,1.5
34.2925,0.2525,0-3,2016,7562.875,2032.0,62.0,7.75,8,1.5
34.2925,0.2525,0-3,2019,8557.25,2352.0,62.0,7.75,8,1.5
34.2925,0.2525,0-3,2023,11378.875,2736.0,62.0,7.75,8,1.5
34.2975,0.2525,13-,2016,11407.5,3056.0,64.0,9.142857142857142,7,20.0
34.2975,0.2525,13-,2019,16597.5,4256.0,64.0,9.142857142857142,7,20.0
34.2975,0.2525,13-,2023,25853.25,6336.0,64.0,9.142857142857142,7,20.0
34.3025,0.2525,13-,2016,5226.75,1424.0,42.5,8.5,5,20.0
34.3025,0.2525,13-,2019,7046.25,1856.0,42.5,8.5,5,20.0
34.3025,0.2525,13-,2023,8951.375,2256.0,42.5,8.5,5,20.0
34.3125,0.2525,0-3,2016,1668.375,432.0,26.0,5.2,5,1.5
34.3125,0.2525,0-3,2019,1669.375,432.0,26.0,5.2,5,1.5
34.3125,0.2525,0-3,2023,2694.125,688.0,26.0,5.2,5,1.5
34.3175,0.2525,0-3,2016,4170.125,1216.0,29.0,4.142857142857143,7,1.5
34.3175,0.2525,0-3,2019,6252.0,1760.0,29.0,4.142857142857143,7,1.5
34.3175,0.2525,0-3,2023,8871.375,2432.0,29.0,4.142857142857143,7,1.5
34.3225,0.2525,0-3,2016,2458.125,672.0,12.0,1.5,8,1.5
34.3225,0.2525,0-3,2019,4482.5,1184.0,12.0,1.5,8,1.5
34.3225,0.2525,0-3,2023,7253.625,1888.0,12.0,1.5,8,1.5
34.3275,0.2525,0-3,2016,253.75,80.0,21.5,2.6875,8,1.5
34.3275,0.2525,0-3,2019,908.625,272.0,21.5,2.6875,8,1.5
34.3275,0.2525,0-3,2023,1337.25,400.0,21.5,2.6875,8,1.5
34.3325,0.2525,0-3,2016,1721.875,528.0,29.5,4.214285714285714,7,1.5
34.3325,0.2525,0-3,2019,2620.5,736.0,29.5,4.214285714285714,7,1.5
34.3325,0.2525,0-3,2023,3656.375,976.0,29.5,4.214285714285714,7,1.5
34.3375,0.2525,0-3,2016,1386.25,288.0,39.5,5.642857142857143,7,1.5
34.3375,0.2525,0-3,2019,1673.75,400.0,39.5,5.642857142857143,7,1.5
34.3375,0.2525,0-3,2023,1313.5,352.0,39.5,5.642857142857143,7,1.5
34.3425,0.2525,7-9,2016,1283.75,368.0,45.5,6.5,7,8.0
34.3425,0.2525,7-9,2019,2054.25,576.0,45.5,6.5,7,8.0
34.3425,0.2525,7-9,2023,2774.125,672.0,45.5,6.5,7,8.0
34.3475,0.2525,4-6,2016,1457.75,384.0,40.5,5.0625,8,5.0
34.3475,0.2525,4-6,2019,1240.125,304.0,40.5,5.0625,8,5.0
34.3475,0.2525,4-6,2023,1140.125,288.0,40.5,5.0625,8,5.0
34.3525,0.2525,0-3,2016,325.375,96.0,52.5,6.5625,8,1.5
34.3525,0.2525,0-3,2019,268.125,80.0,52.5,6.5625,8,1.5
34.3525,0.2525,0-3,2023,706.5,176.0,52.5,6.5625,8,1.5
34.3575,0.2525,0-3,2016,8448.0,2336.0,30.5,3.8125,8,1.5
34.3575,0.2525,0-3,2019,15505.25,3824.0,30.5,3.8125,8,1.5
34.3575,0.2525,0-3,2023,17300.5,4048.0,30.5,3.8125,8,1.5
34.3625,0.2525,0-3,2016,3407.5,992.0,30.5,3.8125,8,1.5
34.3625,0.2525,0-3,2019,6948.5,1792.0,30.5,3.8125,8,1.5
34.3625,0.2525,0-3,2023,10078.0,2496.0,30.5,3.8125,8,1.5
34.3675,0.2525,0-3,2016,2795.875,768.0,12.0,1.5,8,1.5
34.3675,0.2525,0-3,2019,5892.25,1488.0,12.0,1.5,8,1.5
34.3675,0.2525,0-3,2023,5879.5,1392.0,12.0,1.5,8,1.5
34.3725,0.2525,0-3,2016,2801.375,800.0,12.0,1.5,8,1.5
34.3725,0.2525,0-3,2019,5496.0,1440.0,12.0,1.5,8,1.5
34.3725,0.2525,0-3,2023,6839.125,1648.0,12.0,1.5,8,1.5
34.3775,0.2525,0-3,2016,5934.5,1680.0,30.5,3.8125,8,1.5
34.3775,0.2525,0-3,2019,9045.125,2368.0,30.5,3.8125,8,1.5
34.3775,0.2525,0-3,2023,13513.5,3376.0,30.5,3.8125,8,1.5
34.3825,0.2525,13-,2016,13758.75,3472.0,25.0,3.125,8,20.0
34.3825,0.2525,13-,2019,17795.125,4448.0,25.0,3.125,8,20.0
34.3825,0.2525,13-,2023,18964.5,4496.0,25.0,3.125,8,20.0
34.3875,0.2525,7-9,2016,5849.625,1520.0,62.0,7.75,8,8.0
34.3875,0.2525,7-9,2019,6840.5,1824.0,62.0,7.75,8,8.0
34.3875,0.2525,7-9,2023,9255.75,2224.0,62.0,7.75,8,8.0
34.3925,0.2525,0-3,2016,7238.25,1888.0,68.5,8.5625,8,1.5
34.3925,0.2525,0-3,2019,10200.25,2656.0,68.5,8.5625,8,1.5
34.3925,0.2525,0-3,2023,10578.625,2640.0,68.5,8.5625,8,1.5
34.3975,0.2525,0-3,2016,6696.875,1760.0,52.5,8.75,6,1.5
34.3975,0.2525,0-3,2019,10292.75,2704.0,52.5,8.75,6,1.5
34.3975,0.2525,0-3,2023,13139.5,3200.0,52.5,8.75,6,1.5
34.1425,0.2575,0-3,2016,7356.75,1808.0,11.0,2.2,5,1.5
34.1425,0.2575,0-3,2019,6445.25,1632.0,11.0,2.2,5,1.5
34.1425,0.2575,0-3,2023,7720.5,1904.0,11.0,2.2,5,1.5
34.1475,0.2575,0-3,2016,7618.25,1968.0,19.0,2.375,8,1.5
34.1475,0.2575,0-3,2019,9787.625,2576.0,19.0,2.375,8,1.5
34.1475,0.2575,0-3,2023,10707.25,2672.0,19.0,2.375,8,1.5
34.1525,0.2575,0-3,2016,6037.875,1696.0,15.5,1.9375,8,1.5
34.1525,0.2575,0-3,2019,8061.125,2240.0,15.5,1.9375,8,1.5
34.1525,0.2575,0-3,2023,7393.5,1984.0,15.5,1.9375,8,1.5
34.1575,0.2575,0-3,2016,3687.75,1056.0,25.5,3.1875,8,1.5
34.1575,0.2575,0-3,2019,5236.75,1472.0,25.5,3.1875,8,1.5
34.1575,0.2575,0-3,2023,6614.75,1760.0,25.5,3.1875,8,1.5
34.1625,0.2575,4-6,2016,3633.625,1040.0,28.0,3.5,8,5.0
34.1625,0.2575,4-6,2019,4296.25,1200.0,28.0,3.5,8,5.0
34.1625,0.2575,4-6,2023,7174.25,1776.0,28.0,3.5,8,5.0
34.1675,0.2575,0-3,2016,2803.25,752.0,31.5,3.9375,8,1.5
34.1675,0.2575,0-3,2019,4423.375,1136.0,31.5,3.9375,8,1.5
34.1675,0.2575,0-3,2023,4246.375,1088.0,31.5,3.9375,8,1.5
34.1725,0.2575,0-3,2016,5997.125,1648.0,21.5,2.6875,8,1.5
34.1725,0.2575,0-3,2019,8170.25,2160.0,21.5,2.6875,8,1.5
34.1725,0.2575,0-3,2023,9231.75,2368.0,21.5,2.6875,8,1.5
34.1775,0.2575,0-3,2016,7183.5,1856.0,37.5,4.6875,8,1.5
34.1775,0.2575,0-3,2019,10415.875,2720.0,37.5,4.6875,8,1.5
34.1775,0.2575,0-3,2023,12664.75,3120.0,37.5,4.6875,8,1.5
34.1825,0.2575,7-9,2016,6552.5,1664.0,53.5,6.6875,8,8.0
34.1825,0.2575,7-9,2019,8445.375,2288.0,53.5,6.6875,8,8.0
34.1825,0.2575,7-9,2023,10082.75,2608.0,53.5,6.6875,8,8.0
34.1875,0.2575,7-9,2016,2819.75,752.0,66.5,8.3125,8,8.0
34.1875,0.2575,7-9,2019,4560.0,1104.0,66.5,8.3125,8,8.0
34.1875,0.2575,7-9,2023,4642.125,1216.0,66.5,8.3125,8,8.0
34.1925,0.2575,4-6,2016,6623.125,1808.0,50.5,6.3125,8,5.0
34.1925,0.2575,4-6,2019,8394.875,2208.0,50.5,6.3125,8,5.0
34.1925,0.2575,4-6,2023,8770.5,2176.0,50.5,6.3125,8,5.0
34.1975,0.2575,0-3,2016,2422.125,736.0,31.5,3.9375,8,1.5
34.1975,0.2575,0-3,2019,3684.375,1088.0,31.5,3.9375,8,1.5
34.1975,0.2575,0-3,2023,6217.875,1600.0,31.5,3.9375,8,1.5
34.2025,0.2575,0-3,2016,2003.625,560.0,40.5,5.0625,8,1.5
34.2025,0.2575,0-3,2019,2458.0,672.0,40.5,5.0625,8,1.5
34.2025,0.2575,0-3,2023,3382.0,864.0,40.5,5.0625,8,1.5
34.2075,0.2575,13-,2016,9462.0,2512.0,35.0,4.375,8,20.0
34.2075,0.2575,13-,2019,13635.375,3552.0,35.0,4.375,8,20.0
34.2075,0.2575,13-,2023,19058.5,4816.0,35.0,4.375,8,20.0
34.2125,0.2575,10-12,2016,6993.25,1696.0,57.0,7.125,8,11.0
34.2125,0.2575,10-12,2019,11980.125,2896.0,57.0,7.125,8,11.0
34.2125,0.2575,10-12,2023,13981.75,3264.0,57.0,7.125,8,11.0
34.2175,0.2575,4-6,2016,12823.125,3216.0,50.5,6.3125,8,5.0
34.2175,0.2575,4-6,2019,16053.5,3872.0,50.5,6.3125,8,5.0
34.2175,0.2575,4-6,2023,25561.25,5696.0,50.5,6.3125,8,5.0
34.2225,0.2575,0-3,2016,103711.5,21440.0,35.0,5.833333333333333,6,1.5
34.2225,0.2575,0-3,2019,136374.125,25968.0,35.0,5.833333333333333,6,1.5
34.2225,0.2575,0-3,2023,162411.125,31136.0,35.0,5.833333333333333,6,1.5
34.2325,0.2575,0-3,2016,12639.0,3040.0,29.0,4.833333333333333,6,1.5
34.2325,0.2575,0-3,2019,16561.75,3840.0,29.0,4.833333333333333,6,1.5
34.2325,0.2575,0-3,2023,20587.625,4656.0,29.0,4.833333333333333,6,1.5
34.2375,0.2575,4-6,2016,3858.125,1040.0,44.0,5.5,8,5.0
34.2375,0.2575,4-6,2019,5209.0,1376.0,44.0,5.5,8,5.0
34.2375,0.2575,4-6,2023,8156.625,2112.0,44.0,5.5,8,5.0
34.2425,0.2575,10-12,2016,3397.5,944.0,32.0,4.0,8,11.0
34.2425,0.2575,10-12,2019,4357.125,1216.0,32.0,4.0,8,11.0
34.2425,0.2575,10-12,2023,6467.75,1760.0,32.0,4.0,8,11.0
34.2475,0.2575,0-3,2016,6450.125,1744.0,34.5,4.3125,8,1.5
34.2475,0.2575,0-3,2019,8811.625,2336.0,34.5,4.3125,8,1.5
34.2475,0.2575,0-3,2023,13696.375,3328.0,34.5,4.3125,8,1.5
34.2525,0.2575,0-3,2016,8421.25,2240.0,14.0,2.0,7,1.5
34.2525,0.2575,0-3,2019,11752.75,3104.0,14.0,2.0,7,1.5
34.2525,0.2575,0-3,2023,15133.25,3808.0,14.0,2.0,7,1.5
34.2575,0.2575,0-3,2016,5260.875,1504.0,14.0,2.0,7,1.5
34.2575,0.2575,0-3,2019,8026.625,2112.0,14.0,2.0,7,1.5
34.2575,0.2575,0-3,2023,11785.0,2896.0,14.0,2.0,7,1.5
34.2625,0.2575,0-3,2016,8166.125,2144.0,14.0,2.0,7,1.5
34.2625,0.2575,0-3,2019,11647.375,3040.0,14.0,2.0,7,1.5
34.2625,0.2575,0-3,2023,15150.0,3680.0,14.0,2.0,7,1.5
34.2675,0.2575,0-3,2016,11439.375,2944.0,15.5,1.9375,8,1.5
34.2675,0.2575,0-3,2019,14887.25,3616.0,15.5,1.9375,8,1.5
34.2675,0.2575,0-3,2023,17735.75,4192.0,15.5,1.9375,8,1.5
34.2725,0.2575,0-3,2016,8720.0,2304.0,12.0,1.5,8,1.5
34.2725,0.2575,0-3,2019,10964.0,2640.0,12.0,1.5,8,1.5
34.2725,0.2575,0-3,2023,14640.5,3376.0,12.0,1.5,8,1.5
34.2775,0.2575,0-3,2016,4986.0,1360.0,12.0,1.5,8,1.5
34.2775,0.2575,0-3,2019,8393.5,2144.0,12.0,1.5,8,1.5
34.2775,0.2575,0-3,2023,10911.875,2640.0,12.0,1.5,8,1.5
34.2825,0.2575,0-3,2016,6909.625,1808.0,12.0,1.5,8,1.5
34.2825,0.2575,0-3,2019,10881.75,2736.0,12.0,1.5,8,1.5
34.2825,0.2575,0-3,2023,12383.0,2992.0,12.0,1.5,8,1.5
34.2875,0.2575,0-3,2016,2809.625,720.0,30.5,3.8125,8,1.5
34.2875,0.2575,0-3,2019,3876.5,944.0,30.5,3.8125,8,1.5
34.2875,0.2575,0-3,2023,3367.5,800.0,30.5,3.8125,8,1.5
34.2925,0.2575,13-,2016,15334.0,3824.0,34.0,4.25,8,20.0
34.2925,0.2575,13-,2019,20018.125,4848.0,34.0,4.25,8,20.0
34.2925,0.2575,13-,2023,27681.875,6208.0,34.0,4.25,8,20.0
34.2975,0.2575,4-6,2016,20947.75,5008.0,69.5,9.928571428571429,7,5.0
34.2975,0.2575,4-6,2019,25108.625,5696.0,69.5,9.928571428571429,7,5.0
34.2975,0.2575,4-6,2023,28333.5,6304.0,69.5,9.928571428571429,7,5.0
34.3025,0.2575,4-6,2016,1258.5,352.0,53.0,8.833333333333334,6,5.0
34.3025,0.2575,4-6,2019,3456.25,912.0,53.0,8.833333333333334,6,5.0
34.3025,0.2575,4-6,2023,3582.5,944.0,53.0,8.833333333333334,6,5.0
34.3075,0.2575,0-3,2016,473.0,144.0,53.0,8.833333333333334,6,1.5
34.3075,0.2575,0-3,2019,1691.125,432.0,53.0,8.833333333333334,6,1.5
34.3075,0.2575,0-3,2023,4364.25,896.0,53.0,8.833333333333334,6,1.5
34.3125,0.2575,13-,2016,12109.875,3088.0,14.0,2.0,7,20.0
34.3125,0.2575,13-,2019,15783.875,4048.0,14.0,2.0,7,20.0
34.3125,0.2575,13-,2023,15826.5,4080.0,14.0,2.0,7,20.0
34.3175,0.2575,0-3,2016,7244.625,2048.0,30.5,3.8125,8,1.5
34.3175,0.2575,0-3,2019,9756.625,2672.0,30.5,3.8125,8,1.5
34.3175,0.2575,0-3,2023,10842.875,2992.0,30.5,3.8125,8,1.5
34.3225,0.2575,0-3,2016,4260.125,1184.0,12.0,1.5,8,1.5
34.3225,0.2575,0-3,2019,6899.125,1856.0,12.0,1.5,8,1.5
34.3225,0.2575,0-3,2023,8020.125,2048.0,12.0,1.5,8,1.5
34.3275,0.2575,0-3,2016,3212.25,960.0,40.0,5.0,8,1.5
34.3275,0.2575,0-3,2019,6688.25,1824.0,40.0,5.0,8,1.5
34.3275,0.2575,0-3,2023,7298.5,1840.0,40.0,5.0,8,1.5
34.3325,0.2575,10-12,2016,7191.0,1968.0,49.5,6.1875,8,11.0
34.3325,0.2575,10-12,2019,11451.125,2992.0,49.5,6.1875,8,11.0
34.3325,0.2575,10-12,2023,12488.375,3152.0,49.5,6.1875,8,11.0
34.3375,0.2575,10-12,2016,9784.875,2624.0,58.0,8.285714285714286,7,11.0
34.3375,0.2575,10-12,2019,12153.5,3104.0,58.0,8.285714285714286,7,11.0
34.3375,0.2575,10-12,2023,16656.875,3968.0,58.0,8.285714285714286,7,11.0
34.3425,0.2575,4-6,2016,1513.5,400.0,58.0,8.285714285714286,7,5.0
34.3425,0.2575,4-6,2019,1865.625,448.0,58.0,8.285714285714286,7,5.0
34.3425,0.2575,4-6,2023,2949.0,704.0,58.0,8.285714285714286,7,5.0
34.3475,0.2575,13-,2016,4176.5,1168.0,42.5,6.071428571428571,7,20.0
34.3475,0.2575,13-,2019,6644.375,1712.0,42.5,6.071428571428571,7,20.0
34.3475,0.2575,13-,2023,6557.25,1680.0,42.5,6.071428571428571,7,20.0
34.3525,0.2575,0-3,2016,465.625,112.0,62.0,7.75,8,1.5
34.3525,0.2575,0-3,2019,808.25,192.0,62.0,7.75,8,1.5
34.3525,0.2575,0-3,2023,685.75,176.0,62.0,7.75,8,1.5
34.3575,0.2575,0-3,2016,10010.25,2496.0,40.0,5.0,8,1.5
34.3575,0.2575,0-3,2019,13011.625,3072.0,40.0,5.0,8,1.5
34.3575,0.2575,0-3,2023,14939.0,3440.0,40.0,5.0,8,1.5
34.3625,0.2575,0-3,2016,785.875,240.0,25.0,3.125,8,1.5
34.3625,0.2575,0-3,2019,1519.25,448.0,25.0,3.125,8,1.5
34.3625,0.2575,0-3,2023,3392.875,848.0,25.0,3.125,8,1.5
34.3675,0.2575,0-3,2016,7549.25,2128.0,15.5,1.9375,8,1.5
34.3675,0.2575,0-3,2019,12130.375,3248.0,15.5,1.9375,8,1.5
34.3675,0.2575,0-3,2023,13248.75,3456.0,15.5,1.9375,8,1.5
34.3725,0.2575,0-3,2016,8258.0,2272.0,15.5,1.9375,8,1.5
34.3725,0.2575,0-3,2019,11290.0,3040.0,15.5,1.9375,8,1.5
34.3725,0.2575,0-3,2023,13939.5,3536.0,15.5,1.9375,8,1.5
34.3775,0.2575,0-3,2016,8202.5,1984.0,40.0,5.0,8,1.5
34.3775,0.2575,0-3,2019,10862.25,2608.0,40.0,5.0,8,1.5
34.3775,0.2575,0-3,2023,14149.375,3184.0,40.0,5.0,8,1.5
34.3825,0.2575,0-3,2016,1362.0,384.0,50.0,6.25,8,1.5
34.3825,0.2575,0-3,2019,1268.0,320.0,50.0,6.25,8,1.5
34.3825,0.2575,0-3,2023,2294.5,560.0,50.0,6.25,8,1.5
34.3875,0.2575,0-3,2016,364.875,112.0,75.0,9.375,8,1.5
34.3875,0.2575,0-3,2019,694.75,192.0,75.0,9.375,8,1.5
34.3875,0.2575,0-3,2023,693.75,176.0,75.0,9.375,8,1.5
34.3925,0.2575,7-9,2016,7898.5,2160.0,62.5,7.8125,8,8.0
34.3925,0.2575,7-9,2019,10287.625,2688.0,62.5,7.8125,8,8.0
34.3925,0.2575,7-9,2023,9799.875,2512.0,62.5,7.8125,8,8.0
34.3975,0.2575,13-,2016,6041.25,1680.0,36.0,7.2,5,20.0
34.3975,0.2575,13-,2019,7663.5,2096.0,36.0,7.2,5,20.0
34.3975,0.2575,13-,2023,8729.375,2336.0,36.0,7.2,5,20.0
34.1425,0.2625,0-3,2016,6401.125,1616.0,4.5,1.5,3,1.5
34.1425,0.2625,0-3,2019,9752.625,2448.0,4.5,1.5,3,1.5
34.1425,0.2625,0-3,2023,11137.25,2848.0,4.5,1.5,3,1.5
34.1475,0.2625,0-3,2016,4956.375,1376.0,9.0,1.5,6,1.5
34.1475,0.2625,0-3,2019,7349.5,1984.0,9.0,1.5,6,1.5
34.1475,0.2625,0-3,2023,7580.25,1984.0,9.0,1.5,6,1.5
34.1525,0.2625,0-3,2016,4253.0,1120.0,29.0,4.142857142857143,7,1.5
34.1525,0.2625,0-3,2019,6570.25,1744.0,29.0,4.142857142857143,7,1.5
34.1525,0.2625,0-3,2023,6246.5,1664.0,29.0,4.142857142857143,7,1.5
34.1575,0.2625,0-3,2016,4852.375,1376.0,44.0,5.5,8,1.5
34.1575,0.2625,0-3,2019,8713.75,2272.0,44.0,5.5,8,1.5
34.1575,0.2625,0-3,2023,8903.875,2384.0,44.0,5.5,8,1.5
34.1625,0.2625,7-9,2016,4223.75,1232.0,47.0,5.875,8,8.0
34.1625,0.2625,7-9,2019,7497.125,1968.0,47.0,5.875,8,8.0
34.1625,0.2625,7-9,2023,8988.875,2384.0,47.0,5.875,8,8.0
34.1675,0.2625,10-12,2016,4198.875,1088.0,25.5,3.1875,8,11.0
34.1675,0.2625,10-12,2019,6699.0,1760.0,25.5,3.1875,8,11.0
34.1675,0.2625,10-12,2023,5749.125,1536.0,25.5,3.1875,8,11.0
34.1725,0.2625,0-3,2016,13754.375,3120.0,21.5,2.6875,8,1.5
34.1725,0.2625,0-3,2019,14657.625,3472.0,21.5,2.6875,8,1.5
34.1725,0.2625,0-3,2023,15641.0,3648.0,21.5,2.6875,8,1.5
34.1775,0.2625,0-3,2016,5056.625,1264.0,31.5,3.9375,8,1.5
34.1775,0.2625,0-3,2019,7263.5,1776.0,31.5,3.9375,8,1.5
34.1775,0.2625,0-3,2023,7806.75,1984.0,31.5,3.9375,8,1.5
34.1825,0.2625,10-12,2016,4313.75,1120.0,38.0,4.75,8,11.0
34.1825,0.2625,10-12,2019,6857.0,1824.0,38.0,4.75,8,11.0
34.1825,0.2625,10-12,2023,7720.375,1904.0,38.0,4.75,8,11.0
34.1875,0.2625,10-12,2016,4019.625,1120.0,41.5,5.1875,8,11.0
34.1875,0.2625,10-12,2019,7645.875,2096.0,41.5,5.1875,8,11.0
34.1875,0.2625,10-12,2023,8857.75,2320.0,41.5,5.1875,8,11.0
34.1925,0.2625,0-3,2016,10360.25,2608.0,31.5,3.9375,8,1.5
34.1925,0.2625,0-3,2019,14319.0,3648.0,31.5,3.9375,8,1.5
34.1925,0.2625,0-3,2023,18586.125,4304.0,31.5,3.9375,8,1.5
34.1975,0.2625,0-3,2016,8910.125,2192.0,14.0,2.0,7,1.5
34.1975,0.2625,0-3,2019,13922.0,3248.0,14.0,2.0,7,1.5
34.1975,0.2625,0-3,2023,19805.5,4544.0,14.0,2.0,7,1.5
34.2025,0.2625,0-3,2016,3501.625,896.0,51.0,7.285714285714286,7,1.5
34.2025,0.2625,0-3,2019,6193.75,1632.0,51.0,7.285714285714286,7,1.5
34.2025,0.2625,0-3,2023,6773.125,1792.0,51.0,7.285714285714286,7,1.5
34.2075,0.2625,4-6,2016,3020.125,768.0,67.0,9.571428571428571,7,5.0
34.2075,0.2625,4-6,2019,3925.25,1008.0,67.0,9.571428571428571,7,5.0
34.2075,0.2625,4-6,2023,5767.625,1504.0,67.0,9.571428571428571,7,5.0
34.2125,0.2625,4-6,2016,3003.5,768.0,81.5,10.1875,8,5.0
34.2125,0.2625,4-6,2019,3541.75,912.0,81.5,10.1875,8,5.0
34.2125,0.2625,4-6,2023,4266.625,1056.0,81.5,10.1875,8,5.0
34.2175,0.2625,0-3,2016,10539.125,2416.0,51.0,6.375,8,1.5
34.2175,0.2625,0-3,2019,17576.125,3744.0,51.0,6.375,8,1.5
34.2175,0.2625,0-3,2023,22335.75,4800.0,51.0,6.375,8,1.5
34.2225,0.2625,0-3,2016,128522.125,27008.0,33.5,4.785714285714286,7,1.5
34.2225,0.2625,0-3,2019,168818.75,33232.0,33.5,4.785714285714286,7,1.5
34.2225,0.2625,0-3,2023,187884.0,36736.0,33.5,4.785714285714286,7,1.5
34.2275,0.2625,4-6,2016,117516.25,24208.0,26.5,3.7857142857142856,7,5.0
34.2275,0.2625,4-6,2019,144439.625,27840.0,26.5,3.7857142857142856,7,5.0
34.2275,0.2625,4-6,2023,159248.5,30768.0,26.5,3.7857142857142856,7,5.0
34.2325,0.2625,10-12,2016,6510.0,1680.0,39.5,5.642857142857143,7,11.0
34.2325,0.2625,10-12,2019,8846.75,2144.0,39.5,5.642857142857143,7,11.0
34.2325,0.2625,10-12,2023,17583.875,4000.0,39.5,5.642857142857143,7,11.0
34.2375,0.2625,4-6,2016,4143.125,1040.0,71.5,8.9375,8,5.0
34.2375,0.2625,4-6,2019,7047.25,1712.0,71.5,8.9375,8,5.0
34.2375,0.2625,4-6,2023,7063.875,1792.0,71.5,8.9375,8,5.0
34.2425,0.2625,0-3,2016,4913.0,1184.0,65.5,8.1875,8,1.5
34.2425,0.2625,0-3,2019,5572.125,1424.0,65.5,8.1875,8,1.5
34.2425,0.2625,0-3,2023,7960.875,1904.0,65.5,8.1875,8,1.5
34.2475,0.2625,0-3,2016,2162.375,544.0,40.0,5.0,8,1.5
34.2475,0.2625,0-3,2019,3074.75,752.0,40.0,5.0,8,1.5
34.2475,0.2625,0-3,2023,3806.25,944.0,40.0,5.0,8,1.5
34.2525,0.2625,0-3,2016,1836.75,544.0,10.5,1.5,7,1.5
34.2525,0.2625,0-3,2019,3972.75,1056.0,10.5,1.5,7,1.5
34.2525,0.2625,0-3,2023,3504.0,880.0,10.5,1.5,7,1.5
34.2625,0.2625,4-6,2016,6352.125,1696.0,10.5,1.5,7,5.0
34.2625,0.2625,4-6,2019,9386.5,2352.0,10.5,1.5,7,5.0
34.2625,0.2625,4-6,2023,12480.25,2992.0,10.5,1.5,7,5.0
34.2675,0.2625,0-3,2016,14268.25,3632.0,15.5,1.9375,8,1.5
34.2675,0.2625,0-3,2019,18215.375,4448.0,15.5,1.9375,8,1.5
34.2675,0.2625,0-3,2023,22612.25,5296.0,15.5,1.9375,8,1.5
34.2725,0.2625,0-3,2016,11076.125,2832.0,10.5,1.5,7,1.5
34.2725,0.2625,0-3,2019,14310.5,3536.0,10.5,1.5,7,1.5
34.2725,0.2625,0-3,2023,16969.0,4128.0,10.5,1.5,7,1.5
34.2775,0.2625,0-3,2016,5865.125,1536.0,9.0,1.5,6,1.5
34.2775,0.2625,0-3,2019,7213.5,1856.0,9.0,1.5,6,1.5
34.2775,0.2625,0-3,2023,9794.25,2416.0,9.0,1.5,6,1.5
34.2825,0.2625,0-3,2016,3334.25,816.0,9.0,1.5,6,1.5
34.2825,0.2625,0-3,2019,4672.75,1088.0,9.0,1.5,6,1.5
34.2825,0.2625,0-3,2023,3703.375,912.0,9.0,1.5,6,1.5
34.2875,0.2625,0-3,2016,1870.5,496.0,29.0,4.142857142857143,7,1.5
34.2875,0.2625,0-3,2019,2328.375,608.0,29.0,4.142857142857143,7,1.5
34.2875,0.2625,0-3,2023,2447.625,672.0,29.0,4.142857142857143,7,1.5
34.2925,0.2625,0-3,2016,13468.25,3296.0,40.5,5.0625,8,1.5
34.2925,0.2625,0-3,2019,17937.125,4512.0,40.5,5.0625,8,1.5
34.2925,0.2625,0-3,2023,19390.5,4752.0,40.5,5.0625,8,1.5
34.2975,0.2625,0-3,2016,5075.625,1264.0,52.0,7.428571428571429,7,1.5
34.2975,0.2625,0-3,2019,7920.375,1904.0,52.0,7.428571428571429,7,1.5
34.2975,0.2625,0-3,2023,10155.75,2192.0,52.0,7.428571428571429,7,1.5
34.3075,0.2625,4-6,2016,2209.25,624.0,44.0,7.333333333333333,6,5.0
34.3075,0.2625,4-6,2019,3426.75,896.0,44.0,7.333333333333333,6,5.0
34.3075,0.2625,4-6,2023,4616.375,1152.0,44.0,7.333333333333333,6,5.0
34.3125,0.2625,0-3,2016,8159.75,2352.0,36.0,5.142857142857143,7,1.5
34.3125,0.2625,0-3,2019,9506.125,2608.0,36.0,5.142857142857143,7,1.5
34.3125,0.2625,0-3,2023,15229.5,3776.0,36.0,5.142857142857143,7,1.5
34.3175,0.2625,0-3,2016,15092.0,3552.0,32.5,4.642857142857143,7,1.5
34.3175,0.2625,0-3,2019,19265.25,4448.0,32.5,4.642857142857143,7,1.5
34.3175,0.2625,0-3,2023,27245.0,5952.0,32.5,4.642857142857143,7,1.5
34.3225,0.2625,0-3,2016,9632.875,2544.0,15.5,1.9375,8,1.5
34.3225,0.2625,0-3,2019,11338.5,2896.0,15.5,1.9375,8,1.5
34.3225,0.2625,0-3,2023,14145.5,3520.0,15.5,1.9375,8,1.5
34.3275,0.2625,0-3,2016,5891.625,1616.0,53.0,6.625,8,1.5
34.3275,0.2625,0-3,2019,9505.0,2336.0,53.0,6.625,8,1.5
34.3275,0.2625,0-3,2023,9563.625,2336.0,53.0,6.625,8,1.5
34.3325,0.2625,13-,2016,9339.25,2544.0,59.5,7.4375,8,20.0
34.3325,0.2625,13-,2019,13078.375,3344.0,59.5,7.4375,8,20.0
34.3325,0.2625,13-,2023,12845.0,3424.0,59.5,7.4375,8,20.0
34.3375,0.2625,10-12,2016,8486.5,2128.0,70.5,10.071428571428571,7,11.0
34.3375,0.2625,10-12,2019,10226.375,2464.0,70.5,10.071428571428571,7,11.0
34.3375,0.2625,10-12,2023,13560.625,3296.0,70.5,10.071428571428571,7,11.0
34.3475,0.2625,0-3,2016,892.875,272.0,51.0,7.285714285714286,7,1.5
34.3475,0.2625,0-3,2019,1188.25,320.0,51.0,7.285714285714286,7,1.5
34.3475,0.2625,0-3,2023,1237.25,352.0,51.0,7.285714285714286,7,1.5
34.3525,0.2625,13-,2016,5755.875,1664.0,43.5,5.4375,8,20.0
34.3525,0.2625,13-,2019,7288.125,1984.0,43.5,5.4375,8,20.0
34.3525,0.2625,13-,2023,8320.625,2144.0,43.5,5.4375,8,20.0
34.3575,0.2625,10-12,2016,3715.5,1024.0,34.0,4.25,8,11.0
34.3575,0.2625,10-12,2019,4152.125,1104.0,34.0,4.25,8,11.0
34.3575,0.2625,10-12,2023,3864.25,1008.0,34.0,4.25,8,11.0
34.3625,0.2625,0-3,2016,929.875,256.0,28.5,3.5625,8,1.5
34.3625,0.2625,0-3,2019,1026.25,288.0,28.5,3.5625,8,1.5
34.3675,0.2625,4-6,2016,1604.25,448.0,18.5,2.3125,8,5.0
34.3675,0.2625,4-6,2019,2764.5,752.0,18.5,2.3125,8,5.0
34.3675,0.2625,4-6,2023,2180.25,528.0,18.5,2.3125,8,5.0
34.3725,0.2625,0-3,2016,2423.875,688.0,28.5,3.5625,8,1.5
34.3725,0.2625,0-3,2019,3166.75,800.0,28.5,3.5625,8,1.5
34.3725,0.2625,0-3,2023,6406.75,1552.0,28.5,3.5625,8,1.5
34.3775,0.2625,0-3,2016,826.375,224.0,53.0,6.625,8,1.5
34.3775,0.2625,0-3,2019,975.75,272.0,53.0,6.625,8,1.5
34.3775,0.2625,0-3,2023,1708.875,496.0,53.0,6.625,8,1.5
34.3825,0.2625,10-12,2016,4978.875,1296.0,47.0,5.875,8,11.0
34.3825,0.2625,10-12,2019,5721.625,1504.0,47.0,5.875,8,11.0
34.3825,0.2625,10-12,2023,7886.625,1856.0,47.0,5.875,8,11.0
34.3875,0.2625,4-6,2016,1857.875,480.0,71.5,8.9375,8,5.0
34.3875,0.2625,4-6,2019,1959.75,480.0,71.5,8.9375,8,5.0
34.3875,0.2625,4-6,2023,2650.625,640.0,71.5,8.9375,8,5.0
34.3925,0.2625,13-,2016,7668.625,2032.0,49.0,7.0,7,20.0
34.3925,0.2625,13-,2019,12646.0,3072.0,49.0,7.0,7,20.0
34.3925,0.2625,13-,2023,17899.0,4144.0,49.0,7.0,7,20.0
34.3975,0.2625,4-6,2016,5760.625,1488.0,49.5,12.375,4,5.0
34.3975,0.2625,4-6,2019,6772.25,1664.0,49.5,12.375,4,5.0
34.3975,0.2625,4-6,2023,10421.25,2352.0,49.5,12.375,4,5.0
34.1525,0.2675,0-3,2016,7995.75,1984.0,43.5,7.25,6,1.5
34.1525,0.2675,0-3,2019,10428.625,2640.0,43.5,7.25,6,1.5
34.1525,0.2675,0-3,2023,11107.625,2672.0,43.5,7.25,6,1.5
34.1575,0.2675,13-,2016,4316.75,1248.0,41.5,5.1875,8,20.0
34.1575,0.2675,13-,2019,9712.5,2464.0,41.5,5.1875,8,20.0
34.1575,0.2675,13-,2023,9471.75,2496.0,41.5,5.1875,8,20.0
34.1625,0.2675,4-6,2016,6352.25,1824.0,59.5,7.4375,8,5.0
34.1625,0.2675,4-6,2019,8754.875,2336.0,59.5,7.4375,8,5.0
34.1625,0.2675,4-6,2023,12900.0,3344.0,59.5,7.4375,8,5.0
34.1675,0.2675,0-3,2016,4466.0,1168.0,35.0,4.375,8,1.5
34.1675,0.2675,0-3,2019,5847.5,1536.0,35.0,4.375,8,1.5
34.1675,0.2675,0-3,2023,7030.75,1744.0,35.0,4.375,8,1.5
34.1725,0.2675,0-3,2016,6812.625,1664.0,21.5,2.6875,8,1.5
34.1725,0.2675,0-3,2019,8557.25,2048.0,21.5,2.6875,8,1.5
34.1725,0.2675,0-3,2023,7828.875,1968.0,21.5,2.6875,8,1.5
34.1775,0.2675,0-3,2016,2778.25,720.0,25.0,3.125,8,1.5
34.1775,0.2675,0-3,2019,6204.125,1520.0,25.0,3.125,8,1.5
34.1775,0.2675,0-3,2023,7764.0,1856.0,25.0,3.125,8,1.5
34.1825,0.2675,4-6,2016,3142.75,848.0,31.0,3.875,8,5.0
34.1825,0.2675,4-6,2019,4536.5,1280.0,31.0,3.875,8,5.0
34.1825,0.2675,4-6,2023,5717.5,1408.0,31.0,3.875,8,5.0
34.1875,0.2675,0-3,2016,20448.375,4192.0,33.0,4.714285714285714,7,1.5
34.1875,0.2675,0-3,2019,23941.75,4752.0,33.0,4.714285714285714,7,1.5
34.1875,0.2675,0-3,2023,33405.25,6656.0,33.0,4.714285714285714,7,1.5
34.1925,0.2675,0-3,2016,3750.625,1056.0,18.5,3.0833333333333335,6,1.5
34.1925,0.2675,0-3,2019,5753.125,1600.0,18.5,3.0833333333333335,6,1.5
34.1925,0.2675,0-3,2023,6243.0,1696.0,18.5,3.0833333333333335,6,1.5
34.1975,0.2675,0-3,2016,2831.125,784.0,6.0,1.5,4,1.5
34.1975,0.2675,0-3,2019,3034.875,864.0,6.0,1.5,4,1.5
34.1975,0.2675,0-3,2023,5021.375,1360.0,6.0,1.5,4,1.5
34.2075,0.2675,13-,2016,4284.5,1184.0,59.5,9.916666666666666,6,20.0
34.2075,0.2675,13-,2019,7934.625,2192.0,59.5,9.916666666666666,6,20.0
34.2075,0.2675,13-,2023,10509.875,2608.0,59.5,9.916666666666666,6,20.0
34.2125,0.2675,7-9,2016,9660.625,2416.0,87.5,10.9375,8,8.0
34.2125,0.2675,7-9,2019,12786.375,3056.0,87.5,10.9375,8,8.0
34.2125,0.2675,7-9,2023,16186.5,3744.0,87.5,10.9375,8,8.0
34.2175,0.2675,10-12,2016,6629.375,1504.0,57.0,7.125,8,11.0
34.2175,0.2675,10-12,2019,9288.375,2208.0,57.0,7.125,8,11.0
34.2175,0.2675,10-12,2023,8486.25,2000.0,57.0,7.125,8,11.0
34.2225,0.2675,7-9,2016,45995.125,10512.0,35.0,4.375,8,8.0
34.2225,0.2675,7-9,2019,59059.875,12752.0,35.0,4.375,8,8.0
34.2225,0.2675,7-9,2023,66188.875,14128.0,35.0,4.375,8,8.0
34.2275,0.2675,0-3,2016,45773.125,9728.0,38.0,4.75,8,1.5
34.2275,0.2675,0-3,2019,51426.25,10736.0,38.0,4.75,8,1.5
34.2275,0.2675,0-3,2023,61116.75,12624.0,38.0,4.75,8,1.5
34.2325,0.2675,0-3,2016,3782.625,928.0,65.5,8.1875,8,1.5
34.2325,0.2675,0-3,2019,4294.375,1088.0,65.5,8.1875,8,1.5
34.2325,0.2675,0-3,2023,5583.375,1424.0,65.5,8.1875,8,1.5
34.2375,0.2675,13-,2016,11928.625,3120.0,71.5,8.9375,8,20.0
34.2375,0.2675,13-,2019,16600.25,4192.0,71.5,8.9375,8,20.0
34.2375,0.2675,13-,2023,15910.625,4016.0,71.5,8.9375,8,20.0
34.2425,0.2675,13-,2016,12566.75,3184.0,62.0,7.75,8,20.0
34.2425,0.2675,13-,2019,15289.75,3888.0,62.0,7.75,8,20.0
34.2425,0.2675,13-,2023,18517.375,4608.0,62.0,7.75,8,20.0
34.2475,0.2675,0-3,2016,5215.375,1424.0,40.0,5.0,8,1.5
34.2475,0.2675,0-3,2019,8735.0,2256.0,40.0,5.0,8,1.5
34.2475,0.2675,0-3,2023,9672.125,2464.0,40.0,5.0,8,1.5
34.2525,0.2675,0-3,2016,3944.25,1088.0,10.5,1.5,7,1.5
34.2525,0.2675,0-3,2019,6846.375,1760.0,10.5,1.5,7,1.5
34.2525,0.2675,0-3,2023,8697.25,2176.0,10.5,1.5,7,1.5
34.2575,0.2675,0-3,2016,1969.875,544.0,23.5,3.357142857142857,7,1.5
34.2575,0.2675,0-3,2019,2447.25,688.0,23.5,3.357142857142857,7,1.5
34.2575,0.2675,0-3,2023,3974.875,928.0,23.5,3.357142857142857,7,1.5
34.2625,0.2675,0-3,2016,3786.625,976.0,30.0,4.285714285714286,7,1.5
34.2625,0.2675,0-3,2019,10682.5,2528.0,30.0,4.285714285714286,7,1.5
34.2625,0.2675,0-3,2023,11458.125,2704.0,30.0,4.285714285714286,7,1.5
34.2675,0.2675,0-3,2016,6128.0,1696.0,41.0,5.125,8,1.5
34.2675,0.2675,0-3,2019,9783.5,2400.0,41.0,5.125,8,1.5
34.2675,0.2675,0-3,2023,10970.75,2816.0,41.0,5.125,8,1.5
34.2725,0.2675,0-3,2016,4702.875,1248.0,36.0,5.142857142857143,7,1.5
34.2725,0.2675,0-3,2019,6715.5,1728.0,36.0,5.142857142857143,7,1.5
34.2725,0.2675,0-3,2023,7624.875,1840.0,36.0,5.142857142857143,7,1.5
34.2875,0.2675,0-3,2016,7013.5,1888.0,10.5,1.5,7,1.5
34.2875,0.2675,0-3,2019,9719.125,2416.0,10.5,1.5,7,1.5
34.2875,0.2675,0-3,2023,11274.375,2656.0,10.5,1.5,7,1.5
34.2925,0.2675,0-3,2016,34817.875,7024.0,28.0,3.5,8,1.5
34.2925,0.2675,0-3,2019,41790.625,8816.0,28.0,3.5,8,1.5
34.2925,0.2675,0-3,2023,43838.5,9296.0,28.0,3.5,8,1.5
34.2975,0.2675,7-9,2016,3779.125,1008.0,48.0,6.857142857142857,7,8.0
34.2975,0.2675,7-9,2019,5888.75,1488.0,48.0,6.857142857142857,7,8.0
34.2975,0.2675,7-9,2023,6520.125,1568.0,48.0,6.857142857142857,7,8.0
34.3025,0.2675,10-12,2016,5238.0,1392.0,52.0,7.428571428571429,7,11.0
34.3025,0.2675,10-12,2019,7101.5,1792.0,52.0,7.428571428571429,7,11.0
34.3025,0.2675,10-12,2023,6563.0,1696.0,52.0,7.428571428571429,7,11.0
34.3075,0.2675,4-6,2016,1793.375,496.0,40.5,6.75,6,5.0
34.3075,0.2675,4-6,2019,2687.375,720.0,40.5,6.75,6,5.0
34.3075,0.2675,4-6,2023,3226.25,848.0,40.5,6.75,6,5.0
34.3175,0.2675,0-3,2016,1346.625,384.0,17.5,2.5,7,1.5
34.3175,0.2675,0-3,2019,1263.625,352.0,17.5,2.5,7,1.5
34.3175,0.2675,0-3,2023,1516.375,416.0,17.5,2.5,7,1.5
34.3225,0.2675,4-6,2016,16762.375,3984.0,15.5,1.9375,8,5.0
34.3225,0.2675,4-6,2019,22206.75,5056.0,15.5,1.9375,8,5.0
34.3225,0.2675,4-6,2023,26692.25,5600.0,15.5,1.9375,8,5.0
34.3275,0.2675,0-3,2016,27837.5,6080.0,47.0,5.875,8,1.5
34.3275,0.2675,0-3,2019,33247.875,7088.0,47.0,5.875,8,1.5
34.3275,0.2675,0-3,2023,43988.875,9056.0,47.0,5.875,8,1.5
34.3325,0.2675,10-12,2016,8716.375,2416.0,49.5,6.1875,8,11.0
34.3325,0.2675,10-12,2019,11339.875,3040.0,49.5,6.1875,8,11.0
34.3325,0.2675,10-12,2023,12812.75,3328.0,49.5,6.1875,8,11.0
34.3375,0.2675,10-12,2016,5232.625,1312.0,48.0,6.857142857142857,7,11.0
34.3375,0.2675,10-12,2019,7233.25,1856.0,48.0,6.857142857142857,7,11.0
34.3375,0.2675,10-12,2023,9074.875,2288.0,48.0,6.857142857142857,7,11.0
34.3425,0.2675,0-3,2016,6083.125,1744.0,29.5,4.214285714285714,7,1.5
34.3425,0.2675,0-3,2019,8696.25,2224.0,29.5,4.214285714285714,7,1.5
34.3425,0.2675,0-3,2023,10747.625,2720.0,29.5,4.214285714285714,7,1.5
34.3475,0.2675,0-3,2016,3873.0,1104.0,29.0,4.142857142857143,7,1.5
34.3475,0.2675,0-3,2019,6664.5,1696.0,29.0,4.142857142857143,7,1.5
34.3475,0.2675,0-3,2023,8827.5,2144.0,29.0,4.142857142857143,7,1.5
34.3525,0.2675,0-3,2016,944.875,272.0,47.0,5.875,8,1.5
34.3525,0.2675,0-3,2019,1027.5,256.0,47.0,5.875,8,1.5
34.3525,0.2675,0-3,2023,1917.375,496.0,47.0,5.875,8,1.5
34.3575,0.2675,4-6,2016,6156.875,1392.0,50.0,6.25,8,5.0
34.3575,0.2675,4-6,2019,7566.375,1776.0,50.0,6.25,8,5.0
34.3575,0.2675,4-6,2023,8926.125,1936.0,50.0,6.25,8,5.0
34.3625,0.2675,0-3,2016,587.75,160.0,45.0,5.625,8,1.5
34.3625,0.2675,0-3,2019,979.625,256.0,45.0,5.625,8,1.5
34.3625,0.2675,0-3,2023,1960.375,512.0,45.0,5.625,8,1.5
34.3675,0.2675,0-3,2016,5382.125,1136.0,33.5,4.785714285714286,7,1.5
34.3675,0.2675,0-3,2019,5654.125,1216.0,33.5,4.785714285714286,7,1.5
34.3675,0.2675,0-3,2023,6528.5,1424.0,33.5,4.785714285714286,7,1.5
34.3725,0.2675,7-9,2016,5410.0,1616.0,36.5,5.214285714285714,7,8.0
34.3725,0.2675,7-9,2019,7577.0,2016.0,36.5,5.214285714285714,7,8.0
34.3725,0.2675,7-9,2023,8116.0,2016.0,36.5,5.214285714285714,7,8.0
34.3775,0.2675,7-9,2016,3066.0,864.0,53.0,8.833333333333334,6,8.0
34.3775,0.2675,7-9,2019,4720.625,1232.0,53.0,8.833333333333334,6,8.0
34.3775,0.2675,7-9,2023,4383.25,1120.0,53.0,8.833333333333334,6,8.0
34.3825,0.2675,13-,2016,2301.625,672.0,49.5,7.071428571428571,7,20.0
34.3825,0.2675,13-,2019,2368.875,688.0,49.5,7.071428571428571,7,20.0
34.3825,0.2675,13-,2023,3635.625,976.0,49.5,7.071428571428571,7,20.0
34.3875,0.2675,7-9,2016,10368.625,2448.0,62.5,10.416666666666666,6,8.0
34.3875,0.2675,7-9,2019,15671.125,3408.0,62.5,10.416666666666666,6,8.0
34.3875,0.2675,7-9,2023,18458.125,3888.0,62.5,10.416666666666666,6,8.0
34.3925,0.2675,0-3,2016,3294.5,848.0,43.0,8.6,5,1.5
34.3925,0.2675,0-3,2019,5621.625,1504.0,43.0,8.6,5,1.5
34.3925,0.2675,0-3,2023,10163.875,2384.0,43.0,8.6,5,1.5
34.1525,0.2725,7-9,2016,3145.0,896.0,45.0,9.0,5,8.0
34.1525,0.2725,7-9,2019,5282.375,1424.0,45.0,9.0,5,8.0
34.1525,0.2725,7-9,2023,5737.125,1520.0,45.0,9.0,5,8.0
34.1575,0.2725,10-12,2016,8485.125,2144.0,72.0,9.0,8,11.0
34.1575,0.2725,10-12,2019,15003.25,3616.0,72.0,9.0,8,11.0
34.1575,0.2725,10-12,2023,19267.5,4432.0,72.0,9.0,8,11.0
34.1625,0.2725,4-6,2016,8670.875,2320.0,71.5,8.9375,8,5.0
34.1625,0.2725,4-6,2019,11119.625,2992.0,71.5,8.9375,8,5.0
34.1625,0.2725,4-6,2023,13110.125,3280.0,71.5,8.9375,8,5.0
34.1675,0.2725,0-3,2016,3173.25,864.0,37.5,4.6875,8,1.5
34.1675,0.2725,0-3,2019,4286.0,1200.0,37.5,4.6875,8,1.5
34.1675,0.2725,0-3,2023,6505.125,1728.0,37.5,4.6875,8,1.5
34.1725,0.2725,0-3,2016,10823.875,2624.0,12.0,1.5,8,1.5
34.1725,0.2725,0-3,2019,13893.25,3376.0,12.0,1.5,8,1.5
34.1725,0.2725,0-3,2023,13370.625,3136.0,12.0,1.5,8,1.5
34.1775,0.2725,0-3,2016,6171.375,1632.0,15.5,1.9375,8,1.5
34.1775,0.2725,0-3,2019,10174.375,2464.0,15.5,1.9375,8,1.5
34.1775,0.2725,0-3,2023,10797.375,2672.0,15.5,1.9375,8,1.5
34.1825,0.2725,0-3,2016,8156.75,2128.0,14.0,2.0,7,1.5
34.1825,0.2725,0-3,2019,10857.75,2768.0,14.0,2.0,7,1.5
34.1825,0.2725,0-3,2023,14283.75,3616.0,14.0,2.0,7,1.5
34.1875,0.2725,0-3,2016,3521.25,976.0,11.0,2.2,5,1.5
34.1875,0.2725,0-3,2019,3655.0,1040.0,11.0,2.2,5,1.5
34.1875,0.2725,0-3,2023,7454.25,1920.0,11.0,2.2,5,1.5
34.2075,0.2725,13-,2016,6408.125,1744.0,88.0,17.6,5,20.0
34.2075,0.2725,13-,2019,9072.0,2368.0,88.0,17.6,5,20.0
34.2075,0.2725,13-,2023,10059.875,2624.0,88.0,17.6,5,20.0
34.2125,0.2725,13-,2016,9878.5,2672.0,112.0,14.0,8,20.0
34.2125,0.2725,13-,2019,11582.25,3200.0,112.0,14.0,8,20.0
34.2125,0.2725,13-,2023,12122.25,3296.0,112.0,14.0,8,20.0
34.2175,0.2725,4-6,2016,4221.5,1152.0,84.5,10.5625,8,5.0
34.2175,0.2725,4-6,2019,5312.625,1456.0,84.5,10.5625,8,5.0
34.2175,0.2725,4-6,2023,6768.625,1760.0,84.5,10.5625,8,5.0
34.2225,0.2725,7-9,2016,20125.875,4704.0,38.0,4.75,8,8.0
34.2225,0.2725,7-9,2019,25312.125,5856.0,38.0,4.75,8,8.0
34.2225,0.2725,7-9,2023,34300.0,7808.0,38.0,4.75,8,8.0
34.2275,0.2725,0-3,2016,17544.75,3888.0,25.0,3.125,8,1.5
34.2275,0.2725,0-3,2019,22498.75,4976.0,25.0,3.125,8,1.5
34.2275,0.2725,0-3,2023,29317.625,6528.0,25.0,3.125,8,1.5
34.2325,0.2725,0-3,2016,1530.25,416.0,49.0,6.125,8,1.5
34.2325,0.2725,0-3,2019,2126.5,560.0,49.0,6.125,8,1.5
34.2325,0.2725,0-3,2023,2595.75,656.0,49.0,6.125,8,1.5
34.2375,0.2725,13-,2016,9649.5,2544.0,65.0,8.125,8,20.0
34.2375,0.2725,13-,2019,12546.25,3280.0,65.0,8.125,8,20.0
34.2375,0.2725,13-,2023,15886.0,4016.0,65.0,8.125,8,20.0
34.2425,0.2725,10-12,2016,24908.5,5984.0,74.0,9.25,8,11.0
34.2425,0.2725,10-12,2019,36171.875,8304.0,74.0,9.25,8,11.0
34.2425,0.2725,10-12,2023,46413.5,10208.0,74.0,9.25,8,11.0
34.2475,0.2725,0-3,2016,14373.625,3456.0,46.5,5.8125,8,1.5
34.2475,0.2725,0-3,2019,24188.0,5072.0,46.5,5.8125,8,1.5
34.2475,0.2725,0-3,2023,29154.0,6080.0,46.5,5.8125,8,1.5
34.2525,0.2725,0-3,2016,4913.875,1376.0,12.0,1.5,8,1.5
34.2525,0.2725,0-3,2019,11433.625,2640.0,12.0,1.5,8,1.5
34.2525,0.2725,0-3,2023,14127.875,3312.0,12.0,1.5,8,1.5
34.2575,0.2725,0-3,2016,11034.0,2624.0,28.0,3.5,8,1.5
34.2575,0.2725,0-3,2019,19589.125,4384.0,28.0,3.5,8,1.5
34.2575,0.2725,0-3,2023,21319.875,4640.0,28.0,3.5,8,1.5
34.2625,0.2725,10-12,2016,7110.125,1920.0,31.5,3.9375,8,11.0
34.2625,0.2725,10-12,2019,11133.125,2880.0,31.5,3.9375,8,11.0
34.2625,0.2725,10-12,2023,15161.375,3568.0,31.5,3.9375,8,11.0
34.2675,0.2725,7-9,2016,5584.625,1408.0,53.5,6.6875,8,8.0
34.2675,0.2725,7-9,2019,7589.25,1920.0,53.5,6.6875,8,8.0
34.2675,0.2725,7-9,2023,11941.75,2784.0,53.5,6.6875,8,8.0
34.2725,0.2725,10-12,2016,4810.875,1264.0,41.0,6.833333333333333,6,11.0
34.2725,0.2725,10-12,2019,6140.25,1552.0,41.0,6.833333333333333,6,11.0
34.2725,0.2725,10-12,2023,7227.25,1776.0,41.0,6.833333333333333,6,11.0
34.2775,0.2725,10-12,2016,3797.375,1040.0,26.5,5.3,5,11.0
34.2775,0.2725,10-12,2019,5068.0,1376.0,26.5,5.3,5,11.0
34.2775,0.2725,10-12,2023,5757.875,1440.0,26.5,5.3,5,11.0
34.2825,0.2725,0-3,2016,309.375,80.0,17.0,3.4,5,1.5
34.2825,0.2725,0-3,2019,659.25,176.0,17.0,3.4,5,1.5
34.2825,0.2725,0-3,2023,716.875,192.0,17.0,3.4,5,1.5
34.2875,0.2725,0-3,2016,5761.875,1424.0,10.5,1.5,7,1.5
34.2875,0.2725,0-3,2019,7004.625,1760.0,10.5,1.5,7,1.5
34.2875,0.2725,0-3,2023,7456.0,1760.0,10.5,1.5,7,1.5
34.2925,0.2725,0-3,2016,8510.625,2208.0,28.0,3.5,8,1.5
34.2925,0.2725,0-3,2019,16886.375,4160.0,28.0,3.5,8,1.5
34.2925,0.2725,0-3,2023,24751.375,5824.0,28.0,3.5,8,1.5
34.2975,0.2725,10-12,2016,10817.125,2624.0,45.0,6.428571428571429,7,11.0
34.2975,0.2725,10-12,2019,13835.125,3184.0,45.0,6.428571428571429,7,11.0
34.2975,0.2725,10-12,2023,17415.25,3904.0,45.0,6.428571428571429,7,11.0
34.3025,0.2725,13-,2016,6855.75,1840.0,39.5,5.642857142857143,7,20.0
34.3025,0.2725,13-,2019,8250.125,2096.0,39.5,5.642857142857143,7,20.0
34.3025,0.2725,13-,2023,10055.125,2512.0,39.5,5.642857142857143,7,20.0
34.3075,0.2725,0-3,2016,1801.125,512.0,40.5,6.75,6,1.5
34.3075,0.2725,0-3,2019,2225.625,592.0,40.5,6.75,6,1.5
34.3075,0.2725,0-3,2023,2541.75,688.0,40.5,6.75,6,1.5
34.3125,0.2725,0-3,2016,3138.75,832.0,14.0,2.0,7,1.5
34.3125,0.2725,0-3,2019,3294.625,880.0,14.0,2.0,7,1.5
34.3125,0.2725,0-3,2023,4800.875,1296.0,14.0,2.0,7,1.5
34.3175,0.2725,0-3,2016,1487.25,368.0,17.5,2.5,7,1.5
34.3175,0.2725,0-3,2019,1042.0,288.0,17.5,2.5,7,1.5
34.3175,0.2725,0-3,2023,880.0,224.0,17.5,2.5,7,1.5
34.3225,0.2725,4-6,2016,1518.625,416.0,15.5,1.9375,8,5.0
34.3225,0.2725,4-6,2019,3449.0,752.0,15.5,1.9375,8,5.0
34.3225,0.2725,4-6,2023,3887.375,864.0,15.5,1.9375,8,5.0
34.3275,0.2725,0-3,2016,5767.0,1472.0,27.0,3.857142857142857,7,1.5
34.3275,0.2725,0-3,2019,8214.5,2016.0,27.0,3.857142857142857,7,1.5
34.3275,0.2725,0-3,2023,12222.25,2816.0,27.0,3.857142857142857,7,1.5
34.3325,0.2725,0-3,2016,10195.625,2640.0,29.5,4.214285714285714,7,1.5
34.3325,0.2725,0-3,2019,13338.625,3264.0,29.5,4.214285714285714,7,1.5
34.3325,0.2725,0-3,2023,15322.5,3744.0,29.5,4.214285714285714,7,1.5
34.3375,0.2725,0-3,2016,2959.25,784.0,29.5,4.214285714285714,7,1.5
34.3375,0.2725,0-3,2019,5220.375,1264.0,29.5,4.214285714285714,7,1.5
34.3375,0.2725,0-3,2023,5902.75,1376.0,29.5,4.214285714285714,7,1.5
34.3425,0.2725,0-3,2016,4347.75,1184.0,21.5,2.6875,8,1.5
34.3425,0.2725,0-3,2019,7586.875,1760.0,21.5,2.6875,8,1.5
34.3425,0.2725,0-3,2023,8824.5,2048.0,21.5,2.6875,8,1.5
34.3475,0.2725,0-3,2016,640.25,192.0,10.5,1.5,7,1.5
34.3475,0.2725,0-3,2019,1157.125,336.0,10.5,1.5,7,1.5
34.3475,0.2725,0-3,2023,1719.375,480.0,10.5,1.5,7,1.5
34.3525,0.2725,0-3,2016,309.25,96.0,36.0,5.142857142857143,7,1.5
34.3525,0.2725,0-3,2019,171.5,48.0,36.0,5.142857142857143,7,1.5
34.3525,0.2725,0-3,2023,696.375,208.0,36.0,5.142857142857143,7,1.5
34.3575,0.2725,4-6,2016,2582.125,720.0,42.5,6.071428571428571,7,5.0
34.3575,0.2725,4-6,2019,3556.75,896.0,42.5,6.071428571428571,7,5.0
34.3575,0.2725,4-6,2023,5014.875,1264.0,42.5,6.071428571428571,7,5.0
34.3625,0.2725,7-9,2016,1957.75,544.0,51.0,6.375,8,8.0
34.3625,0.2725,7-9,2019,2904.875,800.0,51.0,6.375,8,8.0
34.3625,0.2725,7-9,2023,2652.375,704.0,51.0,6.375,8,8.0
34.3675,0.2725,7-9,2016,2016.375,528.0,37.0,5.285714285714286,7,8.0
34.3675,0.2725,7-9,2019,2192.375,576.0,37.0,5.285714285714286,7,8.0
34.3675,0.2725,7-9,2023,2224.25,592.0,37.0,5.285714285714286,7,8.0
34.3775,0.2725,10-12,2016,2082.25,560.0,75.0,12.5,6,11.0
34.3775,0.2725,10-12,2019,2028.625,544.0,75.0,12.5,6,11.0
34.3775,0.2725,10-12,2023,846.75,240.0,75.0,12.5,6,11.0
34.3875,0.2725,4-6,2016,1597.125,432.0,74.5,12.416666666666666,6,5.0
34.3875,0.2725,4-6,2019,1367.5,368.0,74.5,12.416666666666666,6,5.0
34.3875,0.2725,4-6,2023,1291.25,336.0,74.5,12.416666666666666,6,5.0
34.1525,0.2775,0-3,2016,9018.75,2128.0,41.0,10.25,4,1.5
34.1525,0.2775,0-3,2019,11118.25,2672.0,41.0,10.25,4,1.5
34.1525,0.2775,0-3,2023,14255.625,3392.0,41.0,10.25,4,1.5
34.1575,0.2775,10-12,2016,12595.125,3088.0,67.5,9.642857142857142,7,11.0
34.1575,0.2775,10-12,2019,15964.75,3920.0,67.5,9.642857142857142,7,11.0
34.1575,0.2775,10-12,2023,18968.5,4560.0,67.5,9.642857142857142,7,11.0
34.1625,0.2775,13-,2016,4014.75,1136.0,72.0,9.0,8,20.0
34.1625,0.2775,13-,2019,6671.25,1856.0,72.0,9.0,8,20.0
34.1625,0.2775,13-,2023,8407.875,2240.0,72.0,9.0,8,20.0
34.1675,0.2775,0-3,2016,1144.625,336.0,65.5,8.1875,8,1.5
34.1675,0.2775,0-3,2019,1771.75,464.0,65.5,8.1875,8,1.5
34.1675,0.2775,0-3,2023,3307.125,880.0,65.5,8.1875,8,1.5
34.1725,0.2775,0-3,2016,16887.875,3872.0,34.0,4.25,8,1.5
34.1725,0.2775,0-3,2019,22328.875,4880.0,34.0,4.25,8,1.5
34.1725,0.2775,0-3,2023,27785.375,5936.0,34.0,4.25,8,1.5
34.1775,0.2775,0-3,2016,12804.0,3296.0,15.5,1.9375,8,1.5
34.1775,0.2775,0-3,2019,15364.125,3824.0,15.5,1.9375,8,1.5
34.1775,0.2775,0-3,2023,17427.75,4240.0,15.5,1.9375,8,1.5
34.1825,0.2775,0-3,2016,4249.625,1232.0,9.0,1.5,6,1.5
34.1825,0.2775,0-3,2019,10495.75,2624.0,9.0,1.5,6,1.5
34.1825,0.2775,0-3,2023,12819.375,3072.0,9.0,1.5,6,1.5
34.2075,0.2775,13-,2016,9602.75,2512.0,85.0,17.0,5,20.0
34.2075,0.2775,13-,2019,11665.125,3120.0,85.0,17.0,5,20.0
34.2075,0.2775,13-,2023,11943.75,3200.0,85.0,17.0,5,20.0
34.2125,0.2775,13-,2016,10125.5,2512.0,106.0,13.25,8,20.0
34.2125,0.2775,13-,2019,14936.625,3584.0,106.0,13.25,8,20.0
34.2125,0.2775,13-,2023,26816.625,6160.0,106.0,13.25,8,20.0
34.2175,0.2775,7-9,2016,8264.875,2208.0,84.0,10.5,8,8.0
34.2175,0.2775,7-9,2019,10042.25,2480.0,84.0,10.5,8,8.0
34.2175,0.2775,7-9,2023,12407.625,3056.0,84.0,10.5,8,8.0
34.2225,0.2775,0-3,2016,18290.5,4336.0,35.0,4.375,8,1.5
34.2225,0.2775,0-3,2019,26486.25,6080.0,35.0,4.375,8,1.5
34.2225,0.2775,0-3,2023,34848.25,7712.0,35.0,4.375,8,1.5
34.2275,0.2775,0-3,2016,13119.875,3312.0,18.5,2.3125,8,1.5
34.2275,0.2775,0-3,2019,20521.75,5024.0,18.5,2.3125,8,1.5
34.2275,0.2775,0-3,2023,30014.0,6928.0,18.5,2.3125,8,1.5
34.2325,0.2775,0-3,2016,2386.375,640.0,30.5,3.8125,8,1.5
34.2325,0.2775,0-3,2019,3835.0,976.0,30.5,3.8125,8,1.5
34.2325,0.2775,0-3,2023,5563.25,1312.0,30.5,3.8125,8,1.5
34.2375,0.2775,0-3,2016,5538.5,1520.0,46.5,5.8125,8,1.5
34.2375,0.2775,0-3,2019,10354.375,2624.0,46.5,5.8125,8,1.5
34.2375,0.2775,0-3,2023,13262.5,3280.0,46.5,5.8125,8,1.5
34.2425,0.2775,7-9,2016,6644.25,1840.0,40.0,5.0,8,8.0
34.2425,0.2775,7-9,2019,10194.0,2800.0,40.0,5.0,8,8.0
34.2425,0.2775,7-9,2023,12134.375,3120.0,40.0,5.0,8,8.0
34.2475,0.2775,0-3,2016,5124.625,1328.0,28.0,3.5,8,1.5
34.2475,0.2775,0-3,2019,8454.0,2176.0,28.0,3.5,8,1.5
34.2475,0.2775,0-3,2023,10900.0,2720.0,28.0,3.5,8,1.5
34.2525,0.2775,0-3,2016,8140.25,2080.0,12.0,1.5,8,1.5
34.2525,0.2775,0-3,2019,10448.875,2576.0,12.0,1.5,8,1.5
34.2525,0.2775,0-3,2023,10997.5,2720.0,12.0,1.5,8,1.5
34.2575,0.2775,0-3,2016,10931.875,2784.0,28.0,3.5,8,1.5
34.2575,0.2775,0-3,2019,16914.0,4192.0,28.0,3.5,8,1.5
34.2575,0.2775,0-3,2023,20703.375,4704.0,28.0,3.5,8,1.5
34.2625,0.2775,7-9,2016,21698.25,5456.0,34.5,4.3125,8,8.0
34.2625,0.2775,7-9,2019,30163.5,7056.0,34.5,4.3125,8,8.0
34.2625,0.2775,7-9,2023,35013.625,8016.0,34.5,4.3125,8,8.0
34.2675,0.2775,7-9,2016,5910.0,1584.0,53.5,6.6875,8,8.0
34.2675,0.2775,7-9,2019,8012.625,2064.0,53.5,6.6875,8,8.0
34.2675,0.2775,7-9,2023,7970.375,2048.0,53.5,6.6875,8,8.0
34.2725,0.2775,10-12,2016,4688.375,1296.0,42.5,6.071428571428571,7,11.0
34.2725,0.2775,10-12,2019,7463.125,2016.0,42.5,6.071428571428571,7,11.0
34.2725,0.2775,10-12,2023,9821.0,2544.0,42.5,6.071428571428571,7,11.0
34.2825,0.2775,0-3,2016,3799.125,976.0,26.5,3.7857142857142856,7,1.5
34.2825,0.2775,0-3,2019,4429.75,1200.0,26.5,3.7857142857142856,7,1.5
34.2825,0.2775,0-3,2023,4872.0,1248.0,26.5,3.7857142857142856,7,1.5
34.2875,0.2775,0-3,2016,16646.25,3792.0,18.5,2.3125,8,1.5
34.2875,0.2775,0-3,2019,18954.875,4272.0,18.5,2.3125,8,1.5
34.2875,0.2775,0-3,2023,21533.25,4960.0,18.5,2.3125,8,1.5
34.2925,0.2775,0-3,2016,7864.625,2064.0,21.5,2.6875,8,1.5
34.2925,0.2775,0-3,2019,13320.875,3216.0,21.5,2.6875,8,1.5
34.2925,0.2775,0-3,2023,14634.25,3536.0,21.5,2.6875,8,1.5
34.2975,0.2775,0-3,2016,5771.5,1504.0,48.0,6.857142857142857,7,1.5
34.2975,0.2775,0-3,2019,8431.0,2144.0,48.0,6.857142857142857,7,1.5
34.2975,0.2775,0-3,2023,9760.625,2496.0,48.0,6.857142857142857,7,1.5
34.3075,0.2775,0-3,2016,6708.875,1824.0,57.0,8.142857142857142,7,1.5
34.3075,0.2775,0-3,2019,7991.0,2192.0,57.0,8.142857142857142,7,1.5
34.3075,0.2775,0-3,2023,7738.625,2064.0,57.0,8.142857142857142,7,1.5
34.3125,0.2775,0-3,2016,2837.25,800.0,30.5,3.8125,8,1.5
34.3125,0.2775,0-3,2019,4543.875,1216.0,30.5,3.8125,8,1.5
34.3125,0.2775,0-3,2023,5172.25,1440.0,30.5,3.8125,8,1.5
34.3175,0.2775,0-3,2016,5947.125,1744.0,15.5,1.9375,8,1.5
34.3175,0.2775,0-3,2019,8291.75,2352.0,15.5,1.9375,8,1.5
34.3175,0.2775,0-3,2023,10414.5,2736.0,15.5,1.9375,8,1.5
34.3225,0.2775,0-3,2016,2882.375,864.0,15.5,1.9375,8,1.5
34.3225,0.2775,0-3,2019,6789.125,1824.0,15.5,1.9375,8,1.5
34.3225,0.2775,0-3,2023,9434.0,2560.0,15.5,1.9375,8,1.5
34.3275,0.2775,0-3,2016,797.75,240.0,14.0,2.0,7,1.5
34.3275,0.2775,0-3,2019,1053.5,288.0,14.0,2.0,7,1.5
34.3275,0.2775,0-3,2023,1232.5,336.0,14.0,2.0,7,1.5
34.3375,0.2775,0-3,2016,6746.0,1744.0,10.5,1.5,7,1.5
34.3375,0.2775,0-3,2019,8820.0,2240.0,10.5,1.5,7,1.5
34.3375,0.2775,0-3,2023,12630.25,2960.0,10.5,1.5,7,1.5
34.3425,0.2775,0-3,2016,3743.0,1056.0,12.0,1.5,8,1.5
34.3425,0.2775,0-3,2019,4608.625,1216.0,12.0,1.5,8,1.5
34.3425,0.2775,0-3,2023,6716.25,1760.0,12.0,1.5,8,1.5
34.3475,0.2775,0-3,2016,3777.25,1040.0,9.0,1.5,6,1.5
34.3475,0.2775,0-3,2019,6260.125,1616.0,9.0,1.5,6,1.5
34.3475,0.2775,0-3,2023,6383.0,1520.0,9.0,1.5,6,1.5
34.3575,0.2775,13-,2016,7594.625,2144.0,41.0,6.833333333333333,6,20.0
34.3575,0.2775,13-,2019,10451.625,3040.0,41.0,6.833333333333333,6,20.0
34.3575,0.2775,13-,2023,13310.75,3536.0,41.0,6.833333333333333,6,20.0
34.3625,0.2775,4-6,2016,2953.5,784.0,72.5,9.0625,8,5.0
34.3625,0.2775,4-6,2019,4795.75,1152.0,72.5,9.0625,8,5.0
34.3625,0.2775,4-6,2023,3679.0,912.0,72.5,9.0625,8,5.0
34.3675,0.2775,4-6,2016,3404.25,992.0,55.5,7.928571428571429,7,5.0
34.3675,0.2775,4-6,2019,4930.875,1200.0,55.5,7.928571428571429,7,5.0
34.3675,0.2775,4-6,2023,5890.875,1328.0,55.5,7.928571428571429,7,5.0
34.3725,0.2775,7-9,2016,3434.875,944.0,71.0,10.142857142857142,7,8.0
34.3725,0.2775,7-9,2019,3479.25,896.0,71.0,10.142857142857142,7,8.0
34.3725,0.2775,7-9,2023,4220.25,1072.0,71.0,10.142857142857142,7,8.0
34.3775,0.2775,10-12,2016,3198.5,864.0,75.0,12.5,6,11.0
34.3775,0.2775,10-12,2019,4428.625,1088.0,75.0,12.5,6,11.0
34.3775,0.2775,10-12,2023,5656.75,1360.0,75.0,12.5,6,11.0
34.3825,0.2775,13-,2016,3739.875,1088.0,64.5,9.214285714285714,7,20.0
34.3825,0.2775,13-,2019,6858.75,1856.0,64.5,9.214285714285714,7,20.0
34.3825,0.2775,13-,2023,7118.625,1856.0,64.5,9.214285714285714,7,20.0
34.3875,0.2775,13-,2016,4988.5,1360.0,38.0,6.333333333333333,6,20.0
34.3875,0.2775,13-,2019,6971.0,1776.0,38.0,6.333333333333333,6,20.0
34.3875,0.2775,13-,2023,7488.5,1904.0,38.0,6.333333333333333,6,20.0
34.3925,0.2775,4-6,2016,3328.875,896.0,28.0,7.0,4,5.0
34.3925,0.2775,4-6,2019,4478.25,1088.0,28.0,7.0,4,5.0
34.3925,0.2775,4-6,2023,4117.625,1008.0,28.0,7.0,4,5.0
34.1575,0.2825,10-12,2016,6010.25,1664.0,51.5,10.3,5,11.0
34.1575,0.2825,10-12,2019,9619.625,2544.0,51.5,10.3,5,11.0
34.1575,0.2825,10-12,2023,9856.5,2496.0,51.5,10.3,5,11.0
34.1625,0.2825,10-12,2016,8257.375,2256.0,82.5,11.785714285714286,7,11.0
34.1625,0.2825,10-12,2019,12836.875,3360.0,82.5,11.785714285714286,7,11.0
34.1625,0.2825,10-12,2023,15767.125,3920.0,82.5,11.785714285714286,7,11.0
34.1675,0.2825,13-,2016,8635.5,2400.0,69.0,8.625,8,20.0
34.1675,0.2825,13-,2019,12316.25,3328.0,69.0,8.625,8,20.0
34.1675,0.2825,13-,2023,17591.625,4304.0,69.0,8.625,8,20.0
34.1725,0.2825,4-6,2016,13368.375,3168.0,49.5,6.1875,8,5.0
34.1725,0.2825,4-6,2019,18226.875,4304.0,49.5,6.1875,8,5.0
34.1725,0.2825,4-6,2023,17725.5,4304.0,49.5,6.1875,8,5.0
34.1775,0.2825,0-3,2016,11216.625,2880.0,23.5,3.357142857142857,7,1.5
34.1775,0.2825,0-3,2019,13910.375,3504.0,23.5,3.357142857142857,7,1.5
34.1775,0.2825,0-3,2023,16952.375,4080.0,23.5,3.357142857142857,7,1.5
34.1825,0.2825,0-3,2016,5317.75,1376.0,6.0,1.5,4,1.5
34.1825,0.2825,0-3,2019,9113.875,2400.0,6.0,1.5,4,1.5
34.1825,0.2825,0-3,2023,9376.0,2400.0,6.0,1.5,4,1.5
34.2075,0.2825,4-6,2016,4897.0,1280.0,60.0,20.0,3,5.0
34.2075,0.2825,4-6,2019,7537.375,2016.0,60.0,20.0,3,5.0
34.2075,0.2825,4-6,2023,8701.75,2288.0,60.0,20.0,3,5.0
34.2125,0.2825,13-,2016,7642.375,2016.0,62.5,10.416666666666666,6,20.0
34.2125,0.2825,13-,2019,10295.125,2768.0,62.5,10.416666666666666,6,20.0
34.2125,0.2825,13-,2023,17891.375,4448.0,62.5,10.416666666666666,6,20.0
34.2175,0.2825,7-9,2016,19444.0,4384.0,54.0,7.714285714285714,7,8.0
34.2175,0.2825,7-9,2019,25709.0,5904.0,54.0,7.714285714285714,7,8.0
34.2175,0.2825,7-9,2023,36260.0,7696.0,54.0,7.714285714285714,7,8.0
34.2225,0.2825,0-3,2016,14900.25,3344.0,28.5,3.5625,8,1.5
34.2225,0.2825,0-3,2019,17777.0,4016.0,28.5,3.5625,8,1.5
34.2225,0.2825,0-3,2023,24120.125,5248.0,28.5,3.5625,8,1.5
34.2275,0.2825,0-3,2016,8781.125,2208.0,15.5,1.9375,8,1.5
34.2275,0.2825,0-3,2019,10914.0,2656.0,15.5,1.9375,8,1.5
34.2275,0.2825,0-3,2023,13868.0,3424.0,15.5,1.9375,8,1.5
34.2325,0.2825,0-3,2016,2840.125,768.0,15.5,1.9375,8,1.5
34.2325,0.2825,0-3,2019,5177.5,1248.0,15.5,1.9375,8,1.5
34.2325,0.2825,0-3,2023,7381.25,1696.0,15.5,1.9375,8,1.5
34.2375,0.2825,0-3,2016,180.625,64.0,18.5,2.3125,8,1.5
34.2375,0.2825,0-3,2019,115.75,32.0,18.5,2.3125,8,1.5
34.2375,0.2825,0-3,2023,3671.75,816.0,18.5,2.3125,8,1.5
34.2425,0.2825,0-3,2016,4678.625,1264.0,18.5,2.3125,8,1.5
34.2425,0.2825,0-3,2019,8223.125,2208.0,18.5,2.3125,8,1.5
34.2425,0.2825,0-3,2023,9371.625,2352.0,18.5,2.3125,8,1.5
34.2475,0.2825,0-3,2016,3777.75,1056.0,22.0,2.75,8,1.5
34.2475,0.2825,0-3,2019,5797.625,1504.0,22.0,2.75,8,1.5
34.2475,0.2825,0-3,2023,8319.375,2128.0,22.0,2.75,8,1.5
34.2525,0.2825,0-3,2016,4981.625,1184.0,15.5,1.9375,8,1.5
34.2525,0.2825,0-3,2019,6645.25,1552.0,15.5,1.9375,8,1.5
34.2525,0.2825,0-3,2023,7952.75,1824.0,15.5,1.9375,8,1.5
34.2575,0.2825,0-3,2016,5920.5,1568.0,22.0,2.75,8,1.5
34.2575,0.2825,0-3,2019,9221.375,2352.0,22.0,2.75,8,1.5
34.2575,0.2825,0-3,2023,10373.75,2576.0,22.0,2.75,8,1.5
34.2625,0.2825,0-3,2016,15278.0,3680.0,25.0,3.125,8,1.5
34.2625,0.2825,0-3,2019,19867.75,4672.0,25.0,3.125,8,1.5
34.2625,0.2825,0-3,2023,25724.75,5856.0,25.0,3.125,8,1.5
34.2675,0.2825,0-3,2016,8334.5,2256.0,33.0,4.714285714285714,7,1.5
34.2675,0.2825,0-3,2019,12224.5,3040.0,33.0,4.714285714285714,7,1.5
34.2675,0.2825,0-3,2023,19464.5,4416.0,33.0,4.714285714285714,7,1.5
34.2725,0.2825,0-3,2016,2212.0,592.0,25.0,4.166666666666667,6,1.5
34.2725,0.2825,0-3,2019,5751.625,1328.0,25.0,4.166666666666667,6,1.5
34.2725,0.2825,0-3,2023,6969.25,1632.0,25.0,4.166666666666667,6,1.5
34.2775,0.2825,0-3,2016,1625.5,416.0,34.5,5.75,6,1.5
34.2775,0.2825,0-3,2019,2438.875,640.0,34.5,5.75,6,1.5
34.2775,0.2825,0-3,2023,3371.875,864.0,34.5,5.75,6,1.5
34.2825,0.2825,7-9,2016,7934.375,2032.0,23.5,3.357142857142857,7,8.0
34.2825,0.2825,7-9,2019,9815.5,2528.0,23.5,3.357142857142857,7,8.0
34.2825,0.2825,7-9,2023,10845.5,2640.0,23.5,3.357142857142857,7,8.0
34.2875,0.2825,0-3,2016,3579.0,976.0,31.5,3.9375,8,1.5
34.2875,0.2825,0-3,2019,4130.0,1120.0,31.5,3.9375,8,1.5
34.2875,0.2825,0-3,2023,5000.875,1360.0,31.5,3.9375,8,1.5
34.2925,0.2825,0-3,2016,11485.0,2864.0,22.0,2.75,8,1.5
34.2925,0.2825,0-3,2019,17765.0,4064.0,22.0,2.75,8,1.5
34.2925,0.2825,0-3,2023,21809.375,5008.0,22.0,2.75,8,1.5
34.2975,0.2825,0-3,2016,7897.875,2016.0,33.0,4.714285714285714,7,1.5
34.2975,0.2825,0-3,2019,9724.625,2432.0,33.0,4.714285714285714,7,1.5
34.2975,0.2825,0-3,2023,10690.5,2608.0,33.0,4.714285714285714,7,1.5
34.3025,0.2825,10-12,2016,7489.375,1984.0,45.5,6.5,7,11.0
34.3025,0.2825,10-12,2019,9761.875,2560.0,45.5,6.5,7,11.0
34.3025,0.2825,10-12,2023,11011.875,2816.0,45.5,6.5,7,11.0
34.3075,0.2825,13-,2016,7448.625,2000.0,30.0,4.285714285714286,7,20.0
34.3075,0.2825,13-,2019,11082.5,2880.0,30.0,4.285714285714286,7,20.0
34.3075,0.2825,13-,2023,12109.75,3136.0,30.0,4.285714285714286,7,20.0
34.3125,0.2825,0-3,2016,3360.5,912.0,40.5,5.0625,8,1.5
34.3125,0.2825,0-3,2019,5298.125,1344.0,40.5,5.0625,8,1.5
34.3125,0.2825,0-3,2023,6623.625,1568.0,40.5,5.0625,8,1.5
34.3175,0.2825,0-3,2016,2010.625,560.0,37.0,4.625,8,1.5
34.3175,0.2825,0-3,2019,3149.125,816.0,37.0,4.625,8,1.5
34.3175,0.2825,0-3,2023,4111.375,1056.0,37.0,4.625,8,1.5
34.3225,0.2825,0-3,2016,7375.75,2016.0,37.0,4.625,8,1.5
34.3225,0.2825,0-3,2019,10589.625,2704.0,37.0,4.625,8,1.5
34.3225,0.2825,0-3,2023,11586.0,2912.0,37.0,4.625,8,1.5
34.3275,0.2825,0-3,2016,6401.25,1664.0,29.0,4.142857142857143,7,1.5
34.3275,0.2825,0-3,2019,7555.125,1840.0,29.0,4.142857142857143,7,1.5
34.3275,0.2825,0-3,2023,8988.375,2176.0,29.0,4.142857142857143,7,1.5
34.3325,0.2825,0-3,2016,8023.125,1952.0,10.5,1.5,7,1.5
34.3325,0.2825,0-3,2019,10436.125,2624.0,10.5,1.5,7,1.5
34.3325,0.2825,0-3,2023,13740.75,3248.0,10.5,1.5,7,1.5
34.3375,0.2825,0-3,2016,10335.125,2448.0,10.5,1.5,7,1.5
34.3375,0.2825,0-3,2019,11847.125,2800.0,10.5,1.5,7,1.5
34.3375,0.2825,0-3,2023,13987.875,3168.0,10.5,1.5,7,1.5
34.3425,0.2825,0-3,2016,9355.25,2544.0,15.5,1.9375,8,1.5
34.3425,0.2825,0-3,2019,13799.75,3552.0,15.5,1.9375,8,1.5
34.3425,0.2825,0-3,2023,14032.125,3440.0,15.5,1.9375,8,1.5
34.3475,0.2825,0-3,2016,2154.0,592.0,12.5,2.0833333333333335,6,1.5
34.3475,0.2825,0-3,2019,3186.875,864.0,12.5,2.0833333333333335,6,1.5
34.3475,0.2825,0-3,2023,3596.125,960.0,12.5,2.0833333333333335,6,1.5
34.3575,0.2825,13-,2016,10200.625,2320.0,37.5,6.25,6,20.0
34.3575,0.2825,13-,2019,11554.375,2720.0,37.5,6.25,6,20.0
34.3575,0.2825,13-,2023,12394.25,2848.0,37.5,6.25,6,20.0
34.3625,0.2825,0-3,2016,3819.0,992.0,69.5,8.6875,8,1.5
34.3625,0.2825,0-3,2019,6892.625,1696.0,69.5,8.6875,8,1.5
34.3625,0.2825,0-3,2023,7125.875,1824.0,69.5,8.6875,8,1.5
34.3675,0.2825,4-6,2016,8490.5,2016.0,57.0,7.125,8,5.0
34.3675,0.2825,4-6,2019,9867.25,2304.0,57.0,7.125,8,5.0
34.3675,0.2825,4-6,2023,10084.375,2336.0,57.0,7.125,8,5.0
34.3725,0.2825,13-,2016,4515.625,1248.0,76.0,9.5,8,20.0
34.3725,0.2825,13-,2019,6437.625,1744.0,76.0,9.5,8,20.0
34.3725,0.2825,13-,2023,8277.875,2048.0,76.0,9.5,8,20.0
34.3775,0.2825,10-12,2016,5083.125,1344.0,100.0,12.5,8,11.0
34.3775,0.2825,10-12,2019,5902.5,1472.0,100.0,12.5,8,11.0
34.3775,0.2825,10-12,2023,6221.25,1616.0,100.0,12.5,8,11.0
34.3825,0.2825,4-6,2016,6077.75,1728.0,90.0,11.25,8,5.0
34.3825,0.2825,4-6,2019,8741.375,2256.0,90.0,11.25,8,5.0
34.3825,0.2825,4-6,2023,9791.5,2432.0,90.0,11.25,8,5.0
34.3875,0.2825,0-3,2016,13834.125,3408.0,59.5,7.4375,8,1.5
34.3875,0.2825,0-3,2019,17763.125,4304.0,59.5,7.4375,8,1.5
34.3875,0.2825,0-3,2023,25123.25,5616.0,59.5,7.4375,8,1.5
34.3925,0.2825,0-3,2016,9608.875,2544.0,29.5,5.9,5,1.5
34.3925,0.2825,0-3,2019,12915.75,3312.0,29.5,5.9,5,1.5
34.3925,0.2825,0-3,2023,16658.375,4192.0,29.5,5.9,5,1.5
34.1625,0.2875,7-9,2016,7884.5,1984.0,62.5,10.416666666666666,6,8.0
34.1625,0.2875,7-9,2019,12008.625,2960.0,62.5,10.416666666666666,6,8.0
34.1625,0.2875,7-9,2023,17579.0,4192.0,62.5,10.416666666666666,6,8.0
34.1675,0.2875,10-12,2016,8356.875,1968.0,66.0,8.25,8,11.0
34.1675,0.2875,10-12,2019,14392.125,3392.0,66.0,8.25,8,11.0
34.1675,0.2875,10-12,2023,17791.875,4000.0,66.0,8.25,8,11.0
34.1725,0.2875,10-12,2016,27456.0,6512.0,48.5,6.928571428571429,7,11.0
34.1725,0.2875,10-12,2019,34153.625,7360.0,48.5,6.928571428571429,7,11.0
34.1725,0.2875,10-12,2023,35324.75,7648.0,48.5,6.928571428571429,7,11.0
34.1775,0.2875,0-3,2016,5779.5,1504.0,20.5,4.1,5,1.5
34.1775,0.2875,0-3,2019,10126.75,2416.0,20.5,4.1,5,1.5
34.1775,0.2875,0-3,2023,12878.75,3056.0,20.5,4.1,5,1.5
34.2175,0.2875,0-3,2016,9077.625,2272.0,31.0,7.75,4,1.5
34.2175,0.2875,0-3,2019,14663.375,3504.0,31.0,7.75,4,1.5
34.2175,0.2875,0-3,2023,17215.75,3936.0,31.0,7.75,4,1.5
34.2225,0.2875,0-3,2016,9322.625,2448.0,17.5,3.5,5,1.5
34.2225,0.2875,0-3,2019,16196.5,3920.0,17.5,3.5,5,1.5
34.2225,0.2875,0-3,2023,18806.625,4576.0,17.5,3.5,5,1.5
34.2275,0.2875,4-6,2016,7208.625,1952.0,7.5,1.5,5,5.0
34.2275,0.2875,4-6,2019,12498.125,3136.0,7.5,1.5,5,5.0
34.2275,0.2875,4-6,2023,14257.875,3408.0,7.5,1.5,5,5.0
34.2325,0.2875,0-3,2016,10310.25,2592.0,11.0,2.2,5,1.5
34.2325,0.2875,0-3,2019,14614.125,3600.0,11.0,2.2,5,1.5
34.2325,0.2875,0-3,2023,19385.875,4464.0,11.0,2.2,5,1.5
34.2375,0.2875,0-3,2016,2288.375,608.0,12.5,2.0833333333333335,6,1.5
34.2375,0.2875,0-3,2019,3996.0,1024.0,12.5,2.0833333333333335,6,1.5
34.2375,0.2875,0-3,2023,5322.625,1376.0,12.5,2.0833333333333335,6,1.5
34.2425,0.2875,0-3,2016,6983.25,1856.0,23.5,3.357142857142857,7,1.5
34.2425,0.2875,0-3,2019,12346.375,3280.0,23.5,3.357142857142857,7,1.5
34.2425,0.2875,0-3,2023,12574.5,3248.0,23.5,3.357142857142857,7,1.5
34.2475,0.2875,0-3,2016,16244.75,4048.0,32.0,4.0,8,1.5
34.2475,0.2875,0-3,2019,22102.875,5168.0,32.0,4.0,8,1.5
34.2475,0.2875,0-3,2023,30417.0,6752.0,32.0,4.0,8,1.5
34.2525,0.2875,4-6,2016,13673.625,3424.0,25.0,3.125,8,5.0
34.2525,0.2875,4-6,2019,19261.125,4752.0,25.0,3.125,8,5.0
34.2525,0.2875,4-6,2023,23141.5,5632.0,25.0,3.125,8,5.0
34.2575,0.2875,0-3,2016,19583.75,4736.0,19.0,2.375,8,1.5
34.2575,0.2875,0-3,2019,26489.75,6096.0,19.0,2.375,8,1.5
34.2575,0.2875,0-3,2023,35076.75,7696.0,19.0,2.375,8,1.5
34.2625,0.2875,0-3,2016,62845.875,12736.0,12.0,1.5,8,1.5
34.2625,0.2875,0-3,2019,82699.625,16128.0,12.0,1.5,8,1.5
34.2625,0.2875,0-3,2023,92943.25,18128.0,12.0,1.5,8,1.5
34.2675,0.2875,0-3,2016,7824.75,1856.0,10.5,1.5,7,1.5
34.2675,0.2875,0-3,2019,11594.625,2880.0,10.5,1.5,7,1.5
34.2675,0.2875,0-3,2023,12566.375,3056.0,10.5,1.5,7,1.5
34.2775,0.2875,0-3,2016,7892.75,1760.0,26.5,3.7857142857142856,7,1.5
34.2775,0.2875,0-3,2019,9708.5,2080.0,26.5,3.7857142857142856,7,1.5
34.2775,0.2875,0-3,2023,12899.25,2656.0,26.5,3.7857142857142856,7,1.5
34.2825,0.2875,10-12,2016,3480.75,944.0,22.0,2.75,8,11.0
34.2825,0.2875,10-12,2019,4490.75,1200.0,22.0,2.75,8,11.0
34.2825,0.2875,10-12,2023,6337.875,1664.0,22.0,2.75,8,11.0
34.2875,0.2875,4-6,2016,8678.125,2272.0,28.0,3.5,8,5.0
34.2875,0.2875,4-6,2019,10006.25,2544.0,28.0,3.5,8,5.0
34.2875,0.2875,4-6,2023,12767.0,3168.0,28.0,3.5,8,5.0
34.2925,0.2875,0-3,2016,13687.25,3392.0,22.0,2.75,8,1.5
34.2925,0.2875,0-3,2019,18661.625,4416.0,22.0,2.75,8,1.5
34.2925,0.2875,0-3,2023,19955.25,4528.0,22.0,2.75,8,1.5
34.2975,0.2875,7-9,2016,14884.5,3632.0,28.0,3.5,8,8.0
34.2975,0.2875,7-9,2019,18018.5,4256.0,28.0,3.5,8,8.0
34.2975,0.2875,7-9,2023,22393.75,5168.0,28.0,3.5,8,8.0
34.3025,0.2875,7-9,2016,6527.375,1744.0,50.0,6.25,8,8.0
34.3025,0.2875,7-9,2019,9346.125,2416.0,50.0,6.25,8,8.0
34.3025,0.2875,7-9,2023,13709.5,3472.0,50.0,6.25,8,8.0
34.3075,0.2875,4-6,2016,5382.0,1520.0,46.5,5.8125,8,5.0
34.3075,0.2875,4-6,2019,8044.875,2080.0,46.5,5.8125,8,5.0
34.3075,0.2875,4-6,2023,8374.625,2208.0,46.5,5.8125,8,5.0
34.3125,0.2875,0-3,2016,6324.875,1824.0,40.5,5.0625,8,1.5
34.3125,0.2875,0-3,2019,9137.125,2528.0,40.5,5.0625,8,1.5
34.3125,0.2875,0-3,2023,11324.0,2992.0,40.5,5.0625,8,1.5
34.3175,0.2875,7-9,2016,8851.375,2272.0,49.0,6.125,8,8.0
34.3175,0.2875,7-9,2019,10298.0,2528.0,49.0,6.125,8,8.0
34.3175,0.2875,7-9,2023,12670.75,2992.0,49.0,6.125,8,8.0
34.3225,0.2875,13-,2016,8043.125,2224.0,43.5,5.4375,8,20.0
34.3225,0.2875,13-,2019,9184.875,2464.0,43.5,5.4375,8,20.0
34.3225,0.2875,13-,2023,12220.75,3280.0,43.5,5.4375,8,20.0
34.3275,0.2875,0-3,2016,2440.625,640.0,55.5,6.9375,8,1.5
34.3275,0.2875,0-3,2019,3027.0,784.0,55.5,6.9375,8,1.5
34.3275,0.2875,0-3,2023,3340.25,880.0,55.5,6.9375,8,1.5
34.3325,0.2875,0-3,2016,4166.5,1200.0,18.5,2.3125,8,1.5
34.3325,0.2875,0-3,2019,4034.375,1120.0,18.5,2.3125,8,1.5
34.3325,0.2875,0-3,2023,8225.125,2048.0,18.5,2.3125,8,1.5
34.3375,0.2875,0-3,2016,2267.25,656.0,12.0,1.5,8,1.5
34.3375,0.2875,0-3,2019,5778.5,1472.0,12.0,1.5,8,1.5
34.3375,0.2875,0-3,2023,15856.5,2928.0,12.0,1.5,8,1.5
34.3425,0.2875,0-3,2016,7216.875,1792.0,34.0,4.25,8,1.5
34.3425,0.2875,0-3,2019,10566.25,2512.0,34.0,4.25,8,1.5
34.3425,0.2875,0-3,2023,11979.25,2800.0,34.0,4.25,8,1.5
34.3475,0.2875,4-6,2016,7449.375,1984.0,35.5,5.071428571428571,7,5.0
34.3475,0.2875,4-6,2019,10854.375,2656.0,35.5,5.071428571428571,7,5.0
34.3475,0.2875,4-6,2023,13712.5,3264.0,35.5,5.071428571428571,7,5.0
34.3525,0.2875,0-3,2016,696.875,208.0,64.0,9.142857142857142,7,1.5
34.3525,0.2875,0-3,2019,1197.375,336.0,64.0,9.142857142857142,7,1.5
34.3525,0.2875,0-3,2023,2494.875,608.0,64.0,9.142857142857142,7,1.5
34.3575,0.2875,7-9,2016,12822.0,3120.0,39.0,5.571428571428571,7,8.0
34.3575,0.2875,7-9,2019,16834.125,3712.0,39.0,5.571428571428571,7,8.0
34.3575,0.2875,7-9,2023,18112.5,4144.0,39.0,5.571428571428571,7,8.0
34.3625,0.2875,0-3,2016,6105.125,1712.0,54.0,6.75,8,1.5
34.3625,0.2875,0-3,2019,7306.125,1952.0,54.0,6.75,8,1.5
34.3625,0.2875,0-3,2023,10935.375,2816.0,54.0,6.75,8,1.5
34.3675,0.2875,4-6,2016,13811.375,3312.0,53.5,6.6875,8,5.0
34.3675,0.2875,4-6,2019,17950.75,4096.0,53.5,6.6875,8,5.0
34.3675,0.2875,4-6,2023,19987.125,4448.0,53.5,6.6875,8,5.0
34.3725,0.2875,10-12,2016,16074.375,3856.0,81.5,10.1875,8,11.0
34.3725,0.2875,10-12,2019,18391.625,4320.0,81.5,10.1875,8,11.0
34.3725,0.2875,10-12,2023,18659.875,4288.0,81.5,10.1875,8,11.0
34.3775,0.2875,13-,2016,4283.0,1104.0,84.5,10.5625,8,20.0
34.3775,0.2875,13-,2019,5100.5,1296.0,84.5,10.5625,8,20.0
34.3775,0.2875,13-,2023,5541.375,1472.0,84.5,10.5625,8,20.0
34.3825,0.2875,4-6,2016,1837.75,496.0,71.5,8.9375,8,5.0
34.3825,0.2875,4-6,2019,1835.5,464.0,71.5,8.9375,8,5.0
34.3825,0.2875,4-6,2023,1098.75,288.0,71.5,8.9375,8,5.0
34.3875,0.2875,0-3,2016,10051.875,2672.0,37.5,4.6875,8,1.5
34.3875,0.2875,0-3,2019,13241.625,3296.0,37.5,4.6875,8,1.5
34.3875,0.2875,0-3,2023,13900.25,3392.0,37.5,4.6875,8,1.5
34.3925,0.2875,0-3,2016,11214.0,2944.0,7.5,1.5,5,1.5
34.3925,0.2875,0-3,2019,13739.25,3472.0,7.5,1.5,5,1.5
34.3925,0.2875,0-3,2023,16139.0,3936.0,7.5,1.5,5,1.5
34.1625,0.2925,0-3,2016,5245.0,1328.0,28.5,7.125,4,1.5
34.1625,0.2925,0-3,2019,7249.125,1824.0,28.5,7.125,4,1.5
34.1625,0.2925,0-3,2023,8538.0,2160.0,28.5,7.125,4,1.5
34.1675,0.2925,7-9,2016,12237.125,3008.0,34.5,5.75,6,8.0
34.1675,0.2925,7-9,2019,17057.375,4256.0,34.5,5.75,6,8.0
34.1675,0.2925,7-9,2023,17031.0,4128.0,34.5,5.75,6,8.0
34.1725,0.2925,0-3,2016,15180.125,3824.0,33.0,6.6,5,1.5
34.1725,0.2925,0-3,2019,21102.125,5280.0,33.0,6.6,5,1.5
34.1725,0.2925,0-3,2023,26168.0,6192.0,33.0,6.6,5,1.5
34.2425,0.2925,4-6,2016,3865.375,1024.0,15.5,3.875,4,5.0
34.2425,0.2925,4-6,2019,5671.5,1520.0,15.5,3.875,4,5.0
34.2425,0.2925,4-6,2023,5939.25,1456.0,15.5,3.875,4,5.0
34.2475,0.2925,10-12,2016,11673.125,3024.0,26.0,4.333333333333333,6,11.0
34.2475,0.2925,10-12,2019,17289.125,4240.0,26.0,4.333333333333333,6,11.0
34.2475,0.2925,10-12,2023,17064.75,4048.0,26.0,4.333333333333333,6,11.0
34.2525,0.2925,4-6,2016,7268.625,1840.0,33.5,4.785714285714286,7,5.0
34.2525,0.2925,4-6,2019,9960.875,2432.0,33.5,4.785714285714286,7,5.0
34.2525,0.2925,4-6,2023,12056.5,2912.0,33.5,4.785714285714286,7,5.0
34.2575,0.2925,0-3,2016,9075.375,2096.0,29.0,3.625,8,1.5
34.2575,0.2925,0-3,2019,13008.375,3088.0,29.0,3.625,8,1.5
34.2575,0.2925,0-3,2023,14258.875,3296.0,29.0,3.625,8,1.5
34.2625,0.2925,0-3,2016,5541.75,1424.0,15.5,1.9375,8,1.5
34.2625,0.2925,0-3,2019,8027.875,1856.0,15.5,1.9375,8,1.5
34.2625,0.2925,0-3,2023,9837.875,2304.0,15.5,1.9375,8,1.5
34.2675,0.2925,0-3,2016,11701.0,2752.0,10.5,1.5,7,1.5
34.2675,0.2925,0-3,2019,17957.625,4240.0,10.5,1.5,7,1.5
34.2675,0.2925,0-3,2023,21200.5,4640.0,10.5,1.5,7,1.5
34.2725,0.2925,0-3,2016,1577.625,464.0,10.5,1.5,7,1.5
34.2725,0.2925,0-3,2019,4196.25,1072.0,10.5,1.5,7,1.5
34.2725,0.2925,0-3,2023,3999.25,992.0,10.5,1.5,7,1.5
34.2775,0.2925,0-3,2016,5916.25,1600.0,20.0,2.857142857142857,7,1.5
34.2775,0.2925,0-3,2019,9542.75,2368.0,20.0,2.857142857142857,7,1.5
34.2775,0.2925,0-3,2023,14327.25,3296.0,20.0,2.857142857142857,7,1.5
34.2825,0.2925,0-3,2016,4272.75,1232.0,25.0,3.125,8,1.5
34.2825,0.2925,0-3,2019,7392.375,1888.0,25.0,3.125,8,1.5
34.2825,0.2925,0-3,2023,8003.25,1952.0,25.0,3.125,8,1.5
34.2875,0.2925,0-3,2016,3202.25,848.0,25.0,3.125,8,1.5
34.2875,0.2925,0-3,2019,6595.0,1632.0,25.0,3.125,8,1.5
34.2875,0.2925,0-3,2023,8651.125,2112.0,25.0,3.125,8,1.5
34.2925,0.2925,0-3,2016,23501.75,5184.0,22.0,2.75,8,1.5
34.2925,0.2925,0-3,2019,35144.5,7392.0,22.0,2.75,8,1.5
34.2925,0.2925,0-3,2023,42136.75,8816.0,22.0,2.75,8,1.5
34.2975,0.2925,0-3,2016,10586.625,2832.0,25.0,3.125,8,1.5
34.2975,0.2925,0-3,2019,15429.375,3744.0,25.0,3.125,8,1.5
34.2975,0.2925,0-3,2023,19574.875,4464.0,25.0,3.125,8,1.5
34.3025,0.2925,0-3,2016,1144.625,352.0,28.5,3.5625,8,1.5
34.3025,0.2925,0-3,2019,2077.125,560.0,28.5,3.5625,8,1.5
34.3025,0.2925,0-3,2023,2357.375,592.0,28.5,3.5625,8,1.5
34.3075,0.2925,0-3,2016,6183.5,1696.0,22.0,2.75,8,1.5
34.3075,0.2925,0-3,2019,8548.125,2160.0,22.0,2.75,8,1.5
34.3075,0.2925,0-3,2023,8989.25,2368.0,22.0,2.75,8,1.5
34.3125,0.2925,0-3,2016,1909.25,544.0,22.0,2.75,8,1.5
34.3125,0.2925,0-3,2019,2803.5,768.0,22.0,2.75,8,1.5
34.3125,0.2925,0-3,2023,3296.0,912.0,22.0,2.75,8,1.5
34.3175,0.2925,0-3,2016,2545.0,592.0,59.0,7.375,8,1.5
34.3175,0.2925,0-3,2019,3791.5,944.0,59.0,7.375,8,1.5
34.3175,0.2925,0-3,2023,4667.75,1200.0,59.0,7.375,8,1.5
34.3225,0.2925,13-,2016,10204.25,2496.0,65.5,8.1875,8,20.0
34.3225,0.2925,13-,2019,13186.5,3120.0,65.5,8.1875,8,20.0
34.3225,0.2925,13-,2023,12031.375,2688.0,65.5,8.1875,8,20.0
34.3275,0.2925,7-9,2016,5236.0,1392.0,74.5,9.3125,8,8.0
34.3275,0.2925,7-9,2019,7171.875,1792.0,74.5,9.3125,8,8.0
34.3275,0.2925,7-9,2023,9197.625,2240.0,74.5,9.3125,8,8.0
34.3325,0.2925,0-3,2016,1496.25,400.0,59.0,7.375,8,1.5
34.3325,0.2925,0-3,2019,1513.0,400.0,59.0,7.375,8,1.5
34.3325,0.2925,0-3,2023,3186.625,816.0,59.0,7.375,8,1.5
34.3375,0.2925,0-3,2016,4230.5,1040.0,34.0,4.25,8,1.5
34.3375,0.2925,0-3,2019,5148.375,1200.0,34.0,4.25,8,1.5
34.3375,0.2925,0-3,2023,6481.625,1600.0,34.0,4.25,8,1.5
34.3425,0.2925,0-3,2016,4032.375,1072.0,52.5,6.5625,8,1.5
34.3425,0.2925,0-3,2019,7485.25,1696.0,52.5,6.5625,8,1.5
34.3425,0.2925,0-3,2023,10795.375,2544.0,52.5,6.5625,8,1.5
34.3475,0.2925,13-,2016,9095.875,2416.0,22.0,2.75,8,20.0
34.3475,0.2925,13-,2019,12765.125,3088.0,22.0,2.75,8,20.0
34.3475,0.2925,13-,2023,13583.625,3344.0,22.0,2.75,8,20.0
34.3525,0.2925,7-9,2016,3354.625,944.0,40.5,5.0625,8,8.0
34.3525,0.2925,7-9,2019,5510.75,1488.0,40.5,5.0625,8,8.0
34.3525,0.2925,7-9,2023,5947.375,1440.0,40.5,5.0625,8,8.0
34.3575,0.2925,0-3,2016,751.875,208.0,28.5,3.5625,8,1.5
34.3575,0.2925,0-3,2019,1684.5,416.0,28.5,3.5625,8,1.5
34.3575,0.2925,0-3,2023,1778.375,400.0,28.5,3.5625,8,1.5
34.3625,0.2925,4-6,2016,2713.5,800.0,35.0,4.375,8,5.0
34.3625,0.2925,4-6,2019,2808.0,720.0,35.0,4.375,8,5.0
34.3625,0.2925,4-6,2023,4153.75,1072.0,35.0,4.375,8,5.0
34.3675,0.2925,7-9,2016,10204.875,2608.0,41.5,5.1875,8,8.0
34.3675,0.2925,7-9,2019,10215.25,2672.0,41.5,5.1875,8,8.0
34.3675,0.2925,7-9,2023,13154.75,3280.0,41.5,5.1875,8,8.0
34.3725,0.2925,0-3,2016,4495.375,1168.0,91.0,11.375,8,1.5
34.3725,0.2925,0-3,2019,4806.625,1296.0,91.0,11.375,8,1.5
34.3725,0.2925,0-3,2023,6065.125,1440.0,91.0,11.375,8,1.5
34.3775,0.2925,10-12,2016,4345.75,1232.0,105.5,13.1875,8,11.0
34.3775,0.2925,10-12,2019,4677.875,1248.0,105.5,13.1875,8,11.0
34.3775,0.2925,10-12,2023,5277.875,1344.0,105.5,13.1875,8,11.0
34.3825,0.2925,13-,2016,4040.0,1120.0,79.0,11.285714285714286,7,20.0
34.3825,0.2925,13-,2019,4325.875,1120.0,79.0,11.285714285714286,7,20.0
34.3825,0.2925,13-,2023,5243.375,1360.0,79.0,11.285714285714286,7,20.0
34.3875,0.2925,0-3,2016,4327.625,1216.0,49.5,8.25,6,1.5
34.3875,0.2925,0-3,2019,5546.875,1456.0,49.5,8.25,6,1.5
34.3875,0.2925,0-3,2023,7779.875,1984.0,49.5,8.25,6,1.5
34.3925,0.2925,0-3,2016,8408.0,2080.0,4.5,1.5,3,1.5
34.3925,0.2925,0-3,2019,10339.875,2480.0,4.5,1.5,3,1.5
34.3925,0.2925,0-3,2023,11374.75,2688.0,4.5,1.5,3,1.5
34.1675,0.2975,0-3,2016,3929.875,1088.0,11.0,3.6666666666666665,3,1.5
34.1675,0.2975,0-3,2019,7549.625,2032.0,11.0,3.6666666666666665,3,1.5
34.1675,0.2975,0-3,2023,10413.375,2640.0,11.0,3.6666666666666665,3,1.5
34.2525,0.2975,7-9,2016,5568.125,1488.0,49.0,7.0,7,8.0
34.2525,0.2975,7-9,2019,9702.25,2400.0,49.0,7.0,7,8.0
34.2525,0.2975,7-9,2023,13398.125,3312.0,49.0,7.0,7,8.0
34.2575,0.2975,4-6,2016,13386.0,3648.0,44.0,5.5,8,5.0
34.2575,0.2975,4-6,2019,22864.375,5680.0,44.0,5.5,8,5.0
34.2575,0.2975,4-6,2023,28144.5,6720.0,44.0,5.5,8,5.0
34.2625,0.2975,0-3,2016,12421.125,2928.0,37.5,4.6875,8,1.5
34.2625,0.2975,0-3,2019,16904.625,4000.0,37.5,4.6875,8,1.5
34.2625,0.2975,0-3,2023,22316.75,5008.0,37.5,4.6875,8,1.5
34.2675,0.2975,0-3,2016,18341.75,4224.0,30.5,3.8125,8,1.5
34.2675,0.2975,0-3,2019,25508.5,5760.0,30.5,3.8125,8,1.5
34.2675,0.2975,0-3,2023,33819.75,7120.0,30.5,3.8125,8,1.5
34.2725,0.2975,0-3,2016,11362.875,2928.0,30.5,3.8125,8,1.5
34.2725,0.2975,0-3,2019,16478.5,4032.0,30.5,3.8125,8,1.5
34.2725,0.2975,0-3,2023,15824.375,3840.0,30.5,3.8125,8,1.5
34.2775,0.2975,0-3,2016,4825.5,1328.0,12.0,1.5,8,1.5
34.2775,0.2975,0-3,2019,8432.625,2128.0,12.0,1.5,8,1.5
34.2775,0.2975,0-3,2023,11796.5,2896.0,12.0,1.5,8,1.5
34.2825,0.2975,0-3,2016,13832.125,3632.0,30.5,3.8125,8,1.5
34.2825,0.2975,0-3,2019,19705.875,4976.0,30.5,3.8125,8,1.5
34.2825,0.2975,0-3,2023,27057.0,6432.0,30.5,3.8125,8,1.5
34.2875,0.2975,0-3,2016,9299.5,2352.0,34.0,4.25,8,1.5
34.2875,0.2975,0-3,2019,13836.0,3424.0,34.0,4.25,8,1.5
34.2875,0.2975,0-3,2023,14355.0,3424.0,34.0,4.25,8,1.5
34.2925,0.2975,0-3,2016,11395.875,2720.0,34.0,4.25,8,1.5
34.2925,0.2975,0-3,2019,14181.25,3328.0,34.0,4.25,8,1.5
34.2925,0.2975,0-3,2023,14089.75,3312.0,34.0,4.25,8,1.5
34.2975,0.2975,0-3,2016,939.75,256.0,15.5,1.9375,8,1.5
34.2975,0.2975,0-3,2019,1315.5,352.0,15.5,1.9375,8,1.5
34.2975,0.2975,0-3,2023,1444.875,384.0,15.5,1.9375,8,1.5
34.3025,0.2975,0-3,2016,1663.75,432.0,12.0,1.5,8,1.5
34.3025,0.2975,0-3,2019,3199.125,848.0,12.0,1.5,8,1.5
34.3025,0.2975,0-3,2023,5695.0,1456.0,12.0,1.5,8,1.5
34.3075,0.2975,0-3,2016,1096.625,288.0,12.0,1.5,8,1.5
34.3075,0.2975,0-3,2019,1772.625,480.0,12.0,1.5,8,1.5
34.3075,0.2975,0-3,2023,1648.875,448.0,12.0,1.5,8,1.5
34.3125,0.2975,0-3,2016,8023.5,2096.0,12.0,1.5,8,1.5
34.3125,0.2975,0-3,2019,9995.5,2544.0,12.0,1.5,8,1.5
34.3125,0.2975,0-3,2023,11379.625,2848.0,12.0,1.5,8,1.5
34.3175,0.2975,0-3,2016,6006.625,1568.0,37.5,4.6875,8,1.5
34.3175,0.2975,0-3,2019,8145.125,2000.0,37.5,4.6875,8,1.5
34.3175,0.2975,0-3,2023,10515.625,2624.0,37.5,4.6875,8,1.5
34.3225,0.2975,4-6,2016,3886.25,1008.0,77.5,9.6875,8,5.0
34.3225,0.2975,4-6,2019,3880.0,944.0,77.5,9.6875,8,5.0
34.3225,0.2975,4-6,2023,4434.125,1072.0,77.5,9.6875,8,5.0
34.3275,0.2975,13-,2016,9134.125,2320.0,84.5,10.5625,8,20.0
34.3275,0.2975,13-,2019,12425.5,2960.0,84.5,10.5625,8,20.0
34.3275,0.2975,13-,2023,14899.75,3408.0,84.5,10.5625,8,20.0
34.3325,0.2975,4-6,2016,6697.0,1776.0,111.0,13.875,8,5.0
34.3325,0.2975,4-6,2019,12010.0,2928.0,111.0,13.875,8,5.0
34.3325,0.2975,4-6,2023,14652.25,3392.0,111.0,13.875,8,5.0
34.3375,0.2975,13-,2016,9538.125,2480.0,52.5,6.5625,8,20.0
34.3375,0.2975,13-,2019,11797.625,2960.0,52.5,6.5625,8,20.0
34.3375,0.2975,13-,2023,13086.25,3232.0,52.5,6.5625,8,20.0
34.3425,0.2975,0-3,2016,3112.25,848.0,67.5,8.4375,8,1.5
34.3425,0.2975,0-3,2019,3647.625,960.0,67.5,8.4375,8,1.5
34.3425,0.2975,0-3,2023,4723.5,1168.0,67.5,8.4375,8,1.5
34.3475,0.2975,0-3,2016,25660.375,5968.0,37.0,4.625,8,1.5
34.3475,0.2975,0-3,2019,33552.875,7248.0,37.0,4.625,8,1.5
34.3475,0.2975,0-3,2023,39175.125,8048.0,37.0,4.625,8,1.5
34.3525,0.2975,0-3,2016,6794.5,1872.0,37.0,4.625,8,1.5
34.3525,0.2975,0-3,2019,8434.25,2320.0,37.0,4.625,8,1.5
34.3525,0.2975,0-3,2023,12200.875,3120.0,37.0,4.625,8,1.5
34.3575,0.2975,0-3,2016,3972.25,1040.0,22.0,2.75,8,1.5
34.3575,0.2975,0-3,2019,8215.25,1952.0,22.0,2.75,8,1.5
34.3575,0.2975,0-3,2023,9971.5,2288.0,22.0,2.75,8,1.5
34.3625,0.2975,0-3,2016,7325.0,1728.0,28.5,3.5625,8,1.5
34.3625,0.2975,0-3,2019,8999.75,2032.0,28.5,3.5625,8,1.5
34.3625,0.2975,0-3,2023,13256.125,2912.0,28.5,3.5625,8,1.5
34.3675,0.2975,7-9,2016,6020.0,1536.0,47.0,5.875,8,8.0
34.3675,0.2975,7-9,2019,7356.0,1856.0,47.0,5.875,8,8.0
34.3675,0.2975,7-9,2023,8855.25,1984.0,47.0,5.875,8,8.0
34.3725,0.2975,7-9,2016,5968.625,1536.0,90.0,11.25,8,8.0
34.3725,0.2975,7-9,2019,8837.125,1984.0,90.0,11.25,8,8.0
34.3725,0.2975,7-9,2023,11761.125,2752.0,90.0,11.25,8,8.0
34.3775,0.2975,13-,2016,7556.5,2000.0,102.0,12.75,8,20.0
34.3775,0.2975,13-,2019,9457.75,2544.0,102.0,12.75,8,20.0
34.3775,0.2975,13-,2023,12119.25,2992.0,102.0,12.75,8,20.0
34.3825,0.2975,13-,2016,8242.125,2240.0,74.0,12.333333333333334,6,20.0
34.3825,0.2975,13-,2019,9616.125,2560.0,74.0,12.333333333333334,6,20.0
34.3825,0.2975,13-,2023,9849.875,2448.0,74.0,12.333333333333334,6,20.0
34.2475,0.3025,0-3,2016,1524.75,448.0,48.0,16.0,3,1.5
34.2475,0.3025,0-3,2019,2834.125,704.0,48.0,16.0,3,1.5
34.2475,0.3025,0-3,2023,2814.5,720.0,48.0,16.0,3,1.5
34.2525,0.3025,13-,2016,7435.0,2112.0,47.5,7.916666666666667,6,20.0
34.2525,0.3025,13-,2019,8966.0,2368.0,47.5,7.916666666666667,6,20.0
34.2525,0.3025,13-,2023,11793.75,2944.0,47.5,7.916666666666667,6,20.0
34.2575,0.3025,4-6,2016,17173.25,4032.0,65.5,8.1875,8,5.0
34.2575,0.3025,4-6,2019,25097.125,5440.0,65.5,8.1875,8,5.0
34.2575,0.3025,4-6,2023,32842.625,7024.0,65.5,8.1875,8,5.0
34.2625,0.3025,0-3,2016,12633.125,3136.0,44.0,5.5,8,1.5
34.2625,0.3025,0-3,2019,18907.75,4352.0,44.0,5.5,8,1.5
34.2625,0.3025,0-3,2023,23193.125,5296.0,44.0,5.5,8,1.5
34.2675,0.3025,13-,2016,11369.0,3008.0,12.0,1.5,8,20.0
34.2675,0.3025,13-,2019,16407.125,4128.0,12.0,1.5,8,20.0
34.2675,0.3025,13-,2023,21233.875,5232.0,12.0,1.5,8,20.0
34.2725,0.3025,0-3,2016,6872.625,1856.0,30.5,3.8125,8,1.5
34.2725,0.3025,0-3,2019,10058.375,2608.0,30.5,3.8125,8,1.5
34.2725,0.3025,0-3,2023,10824.75,2704.0,30.5,3.8125,8,1.5
34.2775,0.3025,0-3,2016,5885.625,1536.0,12.0,1.5,8,1.5
34.2775,0.3025,0-3,2019,6921.875,1792.0,12.0,1.5,8,1.5
34.2775,0.3025,0-3,2023,9482.5,2272.0,12.0,1.5,8,1.5
34.2825,0.3025,0-3,2016,26920.25,6432.0,29.0,4.142857142857143,7,1.5
34.2825,0.3025,0-3,2019,37020.0,8256.0,29.0,4.142857142857143,7,1.5
34.2825,0.3025,0-3,2023,39181.625,8608.0,29.0,4.142857142857143,7,1.5
34.2875,0.3025,13-,2016,45096.375,9696.0,17.5,2.5,7,20.0
34.2875,0.3025,13-,2019,59284.0,11952.0,17.5,2.5,7,20.0
34.2875,0.3025,13-,2023,59138.125,12048.0,17.5,2.5,7,20.0
34.2925,0.3025,4-6,2016,5911.375,1536.0,32.5,4.642857142857143,7,5.0
34.2925,0.3025,4-6,2019,10109.75,2416.0,32.5,4.642857142857143,7,5.0
34.2925,0.3025,4-6,2023,12312.625,2928.0,32.5,4.642857142857143,7,5.0
34.2975,0.3025,0-3,2016,3989.125,1040.0,19.0,2.375,8,1.5
34.2975,0.3025,0-3,2019,4912.875,1296.0,19.0,2.375,8,1.5
34.2975,0.3025,0-3,2023,6545.125,1744.0,19.0,2.375,8,1.5
34.3025,0.3025,0-3,2016,4315.25,1216.0,12.0,1.5,8,1.5
34.3025,0.3025,0-3,2019,8238.75,2192.0,12.0,1.5,8,1.5
34.3025,0.3025,0-3,2023,7795.75,2096.0,12.0,1.5,8,1.5
34.3075,0.3025,0-3,2016,8160.0,2208.0,12.0,1.5,8,1.5
34.3075,0.3025,0-3,2019,11318.75,3104.0,12.0,1.5,8,1.5
34.3075,0.3025,0-3,2023,10766.75,2928.0,12.0,1.5,8,1.5
34.3125,0.3025,0-3,2016,9945.375,2512.0,12.0,1.5,8,1.5
34.3125,0.3025,0-3,2019,14520.125,3424.0,12.0,1.5,8,1.5
34.3125,0.3025,0-3,2023,18534.375,4128.0,12.0,1.5,8,1.5
34.3175,0.3025,0-3,2016,8257.125,2224.0,17.5,2.5,7,1.5
34.3175,0.3025,0-3,2019,11984.875,3120.0,17.5,2.5,7,1.5
34.3175,0.3025,0-3,2023,17304.5,4176.0,17.5,2.5,7,1.5
34.3225,0.3025,4-6,2016,2088.5,624.0,69.5,9.928571428571429,7,5.0
34.3225,0.3025,4-6,2019,2362.25,640.0,69.5,9.928571428571429,7,5.0
34.3225,0.3025,4-6,2023,2049.0,512.0,69.5,9.928571428571429,7,5.0
34.3275,0.3025,13-,2016,8172.5,2128.0,95.0,13.571428571428571,7,20.0
34.3275,0.3025,13-,2019,11781.125,2816.0,95.0,13.571428571428571,7,20.0
34.3275,0.3025,13-,2023,12823.0,3008.0,95.0,13.571428571428571,7,20.0
34.3325,0.3025,13-,2016,12664.375,3184.0,136.0,17.0,8,20.0
34.3325,0.3025,13-,2019,15855.5,4032.0,136.0,17.0,8,20.0
34.3325,0.3025,13-,2023,18061.875,4384.0,136.0,17.0,8,20.0
34.3375,0.3025,13-,2016,11301.0,3040.0,80.5,10.0625,8,20.0
34.3375,0.3025,13-,2019,14897.0,3888.0,80.5,10.0625,8,20.0
34.3375,0.3025,13-,2023,17144.25,4160.0,80.5,10.0625,8,20.0
34.3425,0.3025,0-3,2016,478.875,128.0,57.0,8.142857142857142,7,1.5
34.3425,0.3025,0-3,2019,1348.25,320.0,57.0,8.142857142857142,7,1.5
34.3425,0.3025,0-3,2023,1773.375,416.0,57.0,8.142857142857142,7,1.5
34.3475,0.3025,0-3,2016,36015.25,8144.0,9.0,1.5,6,1.5
34.3475,0.3025,0-3,2019,42823.75,9120.0,9.0,1.5,6,1.5
34.3475,0.3025,0-3,2023,50533.875,10912.0,9.0,1.5,6,1.5
34.3525,0.3025,0-3,2016,11669.75,2992.0,7.5,1.5,5,1.5
34.3525,0.3025,0-3,2019,14742.875,3584.0,7.5,1.5,5,1.5
34.3525,0.3025,0-3,2023,18157.375,4320.0,7.5,1.5,5,1.5
34.3575,0.3025,0-3,2016,4374.375,1200.0,7.5,1.5,5,1.5
34.3575,0.3025,0-3,2019,7226.375,1968.0,7.5,1.5,5,1.5
34.3575,0.3025,0-3,2023,8975.125,2272.0,7.5,1.5,5,1.5
34.3625,0.3025,0-3,2016,4490.25,1248.0,14.0,2.8,5,1.5
34.3625,0.3025,0-3,2019,5923.0,1552.0,14.0,2.8,5,1.5
34.3625,0.3025,0-3,2023,8483.75,1968.0,14.0,2.8,5,1.5
34.3675,0.3025,0-3,2016,2252.5,624.0,39.0,7.8,5,1.5
34.3675,0.3025,0-3,2019,4259.375,1104.0,39.0,7.8,5,1.5
34.3675,0.3025,0-3,2023,5397.5,1328.0,39.0,7.8,5,1.5
34.3725,0.3025,13-,2016,5104.875,1360.0,57.5,11.5,5,20.0
34.3725,0.3025,13-,2019,6087.875,1600.0,57.5,11.5,5,20.0
34.3725,0.3025,13-,2023,8026.0,2048.0,57.5,11.5,5,20.0
34.3775,0.3025,13-,2016,5902.0,1648.0,69.5,13.9,5,20.0
34.3775,0.3025,13-,2019,9434.875,2400.0,69.5,13.9,5,20.0
34.3775,0.3025,13-,2023,12552.5,2976.0,69.5,13.9,5,20.0
34.3825,0.3025,0-3,2016,11495.625,2896.0,60.0,20.0,3,1.5
34.3825,0.3025,0-3,2019,15238.125,3664.0,60.0,20.0,3,1.5
34.3825,0.3025,0-3,2023,19383.875,4464.0,60.0,20.0,3,1.5
34.2525,0.3075,13-,2016,12822.625,3408.0,34.5,8.625,4,20.0
34.2525,0.3075,13-,2019,17090.875,4256.0,34.5,8.625,4,20.0
34.2525,0.3075,13-,2023,20675.875,5072.0,34.5,8.625,4,20.0
34.2575,0.3075,7-9,2016,10843.25,2816.0,48.0,9.6,5,8.0
34.2575,0.3075,7-9,2019,14781.375,3648.0,48.0,9.6,5,8.0
34.2575,0.3075,7-9,2023,15483.75,3760.0,48.0,9.6,5,8.0
34.2625,0.3075,0-3,2016,3519.125,800.0,36.0,7.2,5,1.5
34.2625,0.3075,0-3,2019,3949.0,928.0,36.0,7.2,5,1.5
34.2625,0.3075,0-3,2023,4975.375,1152.0,36.0,7.2,5,1.5
34.2675,0.3075,0-3,2016,673.25,176.0,26.0,5.2,5,1.5
34.2675,0.3075,0-3,2019,2798.375,640.0,26.0,5.2,5,1.5
34.2675,0.3075,0-3,2023,2532.25,592.0,26.0,5.2,5,1.5
34.2725,0.3075,0-3,2016,166.75,48.0,26.0,5.2,5,1.5
34.2725,0.3075,0-3,2019,728.625,176.0,26.0,5.2,5,1.5
34.2725,0.3075,0-3,2023,1459.125,400.0,26.0,5.2,5,1.5
34.2775,0.3075,0-3,2016,3731.375,1024.0,7.5,1.5,5,1.5
34.2775,0.3075,0-3,2019,6085.875,1680.0,7.5,1.5,5,1.5
34.2775,0.3075,0-3,2023,6597.375,1712.0,7.5,1.5,5,1.5
34.2825,0.3075,0-3,2016,13054.25,3280.0,24.5,6.125,4,1.5
34.2825,0.3075,0-3,2019,19056.25,4464.0,24.5,6.125,4,1.5
34.2825,0.3075,0-3,2023,22121.875,5152.0,24.5,6.125,4,1.5
34.2925,0.3075,4-6,2016,16400.0,3920.0,28.0,7.0,4,5.0
34.2925,0.3075,4-6,2019,19151.5,4432.0,28.0,7.0,4,5.0
34.2925,0.3075,4-6,2023,23374.75,5360.0,28.0,7.0,4,5.0
34.2975,0.3075,0-3,2016,20564.25,4544.0,14.5,2.9,5,1.5
34.2975,0.3075,0-3,2019,22909.875,4976.0,14.5,2.9,5,1.5
34.2975,0.3075,0-3,2023,23039.75,4880.0,14.5,2.9,5,1.5
34.3025,0.3075,0-3,2016,8523.375,2224.0,7.5,1.5,5,1.5
34.3025,0.3075,0-3,2019,14124.125,3168.0,7.5,1.5,5,1.5
34.3025,0.3075,0-3,2023,16200.5,3424.0,7.5,1.5,5,1.5
34.3075,0.3075,0-3,2016,11542.75,2896.0,7.5,1.5,5,1.5
34.3075,0.3075,0-3,2019,17519.875,3856.0,7.5,1.5,5,1.5
34.3075,0.3075,0-3,2023,23426.125,5200.0,7.5,1.5,5,1.5
34.3125,0.3075,0-3,2016,9483.875,2496.0,7.5,1.5,5,1.5
34.3125,0.3075,0-3,2019,11707.875,3104.0,7.5,1.5,5,1.5
34.3125,0.3075,0-3,2023,14863.125,3792.0,7.5,1.5,5,1.5
34.3175,0.3075,0-3,2016,5284.875,1408.0,9.5,2.375,4,1.5
34.3175,0.3075,0-3,2019,8241.75,2192.0,9.5,2.375,4,1.5
34.3175,0.3075,0-3,2023,9789.875,2384.0,9.5,2.375,4,1.5
34.3275,0.3075,13-,2016,9970.0,2768.0,65.0,16.25,4,20.0
34.3275,0.3075,13-,2019,15750.75,3968.0,65.0,16.25,4,20.0
34.3275,0.3075,13-,2023,17490.0,4288.0,65.0,16.25,4,20.0
34.3325,0.3075,13-,2016,8984.125,2400.0,91.0,18.2,5,20.0
34.3325,0.3075,13-,2019,10837.5,2864.0,91.0,18.2,5,20.0
34.3325,0.3075,13-,2023,12603.5,3264.0,91.0,18.2,5,20.0
34.3375,0.3075,10-12,2016,26804.875,5984.0,63.0,12.6,5,11.0
34.3375,0.3075,10-12,2019,32821.0,7184.0,63.0,12.6,5,11.0
34.3375,0.3075,10-12,2023,46354.5,9344.0,63.0,12.6,5,11.0
34.3425,0.3075,0-3,2016,6880.625,1584.0,34.0,8.5,4,1.5
34.3425,0.3075,0-3,2019,8373.75,1904.0,34.0,8.5,4,1.5
34.3425,0.3075,0-3,2023,7569.125,1616.0,34.0,8.5,4,1.5
